sulcus;label;side;surface_talairach;surface_native;maxdepth_talairach;maxdepth_native;meandepth_talairach;meandepth_native;hull_junction_length_talairach;hull_junction_length_native;GM_thickness;opening
F.C.L.a._left;F.C.L.a.;left;2081.41;2113.88;23.76;23.82;12.93;12.95;86.5;86.72;5.67;2.93
F.C.L.a._right;F.C.L.a.;right;2719.4;2762.2;14.9;14.96;9.16;9.17;115.84;115.82;5.88;2.82
F.C.L.p._left;F.C.L.p.;left;3572.34;3633.5;35.68;35.74;14.95;14.96;103.28;103.72;4.25;1.78
F.C.L.p._right;F.C.L.p.;right;5456.24;5547.2;41.26;41.14;21.64;21.65;129.74;130.32;4.14;1.79
F.C.L.r.ant._left;F.C.L.r.ant.;left;114.47;113.58;10.18;10.18;nan;nan;5.54;5.56;5.01;1.69
F.C.L.r.ant._right;F.C.L.r.ant.;right;829.88;837.11;27.28;27.04;16.26;16.11;25.24;25.32;3.97;1.28
F.C.L.r.asc._left;F.C.L.r.asc.;left;976.72;978.05;23.6;23.48;10.9;10.9;45.78;45.9;5.29;1.08
F.C.L.r.asc._right;F.C.L.r.asc.;right;1506.74;1505.2;28.58;28.46;14.9;14.89;52.8;52.88;3.91;1.08
F.C.L.r.diag._left;F.C.L.r.diag.;left;136.88;139.46;18.46;18.5;15.59;15.63;0.0;0.0;5.68;0.06
F.C.L.r.diag._right;F.C.L.r.diag.;right;nan;nan;nan;nan;nan;nan;nan;nan;nan;nan
F.C.L.r.retroC.tr._left;F.C.L.r.retroC.tr.;left;364.17;362.3;22.78;22.74;13.56;13.49;16.58;16.64;4.52;1.29
F.C.L.r.retroC.tr._right;F.C.L.r.retroC.tr.;right;449.83;452.64;21.06;21.18;9.86;9.87;25.96;26.08;4.57;1.09
F.C.L.r.sc.ant._left;F.C.L.r.sc.ant.;left;nan;nan;nan;nan;nan;nan;nan;nan;nan;nan
F.C.L.r.sc.ant._right;F.C.L.r.sc.ant.;right;nan;nan;nan;nan;nan;nan;nan;nan;nan;nan
F.C.L.r.sc.post._left;F.C.L.r.sc.post.;left;245.03;249.04;16.3;16.24;14.31;14.25;11.42;11.44;4.21;1.72
F.C.L.r.sc.post._right;F.C.L.r.sc.post.;right;275.48;274.02;31.7;31.56;20.36;20.3;0.0;0.0;4.05;0.97
F.C.M.ant._left;F.C.M.ant.;left;3429.35;3481.42;16.18;16.2;8.93;8.92;206.12;206.48;4.19;0.77
F.C.M.ant._right;F.C.M.ant.;right;1345.42;1365.83;14.92;14.94;11.24;11.24;70.38;70.58;4.24;1.04
F.C.M.post._left;F.C.M.post.;left;1979.71;2005.17;21.12;21.16;12.3;12.26;80.96;81.12;3.98;1.66
F.C.M.post._right;F.C.M.post.;right;2900.53;2941.69;20.22;20.18;11.73;11.69;125.6;125.78;3.98;1.37
F.Cal.ant.-Sc.Cal._left;F.Cal.ant.-Sc.Cal.;left;2968.32;3005.34;33.34;33.46;14.91;14.9;93.14;93.24;3.24;1.19
F.Cal.ant.-Sc.Cal._right;F.Cal.ant.-Sc.Cal.;right;2911.75;2948.45;31.46;31.46;18.57;18.57;81.08;81.28;3.14;0.88
F.Coll._left;F.Coll.;left;3841.04;3885.16;17.26;17.34;9.97;9.97;200.64;201.46;4.04;0.95
F.Coll._right;F.Coll.;right;2326.65;2365.28;17.6;17.5;12.21;12.16;97.18;97.58;4.0;0.75
F.I.P.Po.C.inf._left;F.I.P.Po.C.inf.;left;2642.43;2661.92;30.18;30.14;15.59;15.51;84.06;84.18;3.24;1.68
F.I.P.Po.C.inf._right;F.I.P.Po.C.inf.;right;2604.94;2638.64;25.2;24.94;15.01;14.97;90.1;90.4;3.59;2.59
F.I.P._left;F.I.P.;left;4239.49;4294.18;28.68;28.92;14.07;14.14;154.92;155.16;3.51;1.78
F.I.P._right;F.I.P.;right;6696.27;6788.71;27.58;27.86;12.65;12.73;291.82;292.48;3.39;1.85
F.I.P.r.int.1_left;F.I.P.r.int.1;left;589.97;594.39;13.1;13.04;8.29;8.29;39.6;39.8;4.14;2.4
F.I.P.r.int.1_right;F.I.P.r.int.1;right;1020.41;1026.96;20.84;20.88;11.89;11.9;55.84;55.98;3.85;1.0
F.I.P.r.int.2_left;F.I.P.r.int.2;left;64.08;65.16;5.76;5.8;3.93;3.97;7.24;7.3;4.44;3.2
F.I.P.r.int.2_right;F.I.P.r.int.2;right;1256.19;1269.34;18.8;18.88;11.36;11.4;69.74;69.98;3.88;0.82
F.P.O._left;F.P.O.;left;1823.74;1843.07;27.98;28.08;14.18;14.19;70.66;70.68;3.55;1.06
F.P.O._right;F.P.O.;right;3835.54;3890.26;32.5;32.56;18.38;18.39;93.1;93.06;3.47;1.15
INSULA_left;INSULA;left;7833.93;7905.44;41.78;41.62;26.82;26.83;31.4;31.48;4.18;1.34
INSULA_right;INSULA;right;4771.29;4809.85;38.24;38.16;23.01;23.02;0.0;0.0;4.25;1.4
OCCIPITAL_left;OCCIPITAL;left;2345.05;2369.2;16.5;16.6;8.32;8.36;149.08;149.32;3.94;1.71
OCCIPITAL_right;OCCIPITAL;right;3429.83;3443.12;18.22;18.28;8.61;8.64;214.6;215.04;4.0;0.98
S.C.LPC._left;S.C.LPC.;left;20.89;20.79;3.78;3.78;2.63;2.63;4.56;4.58;4.32;6.3
S.C.LPC._right;S.C.LPC.;right;nan;nan;nan;nan;nan;nan;nan;nan;nan;nan
S.C._left;S.C.;left;5655.11;5655.31;26.6;26.68;12.93;12.92;247.5;247.86;3.51;2.0
S.C._right;S.C.;right;3870.05;3891.79;25.6;25.76;15.6;15.59;121.76;122.04;3.61;1.85
S.C.sylvian._left;S.C.sylvian.;left;nan;nan;nan;nan;nan;nan;nan;nan;nan;nan
S.C.sylvian._right;S.C.sylvian.;right;106.98;106.64;16.6;16.58;12.98;12.93;0.0;0.0;4.38;1.09
S.Call._left;S.Call.;left;1486.59;1500.12;10.2;10.24;5.89;5.88;151.0;151.46;3.44;1.87
S.Call._right;S.Call.;right;1693.14;1712.04;10.26;10.22;6.55;6.55;152.98;153.32;3.6;1.0
S.Cu._left;S.Cu.;left;1298.86;1315.27;17.34;17.4;7.71;7.72;94.52;94.7;3.15;1.09
S.Cu._right;S.Cu.;right;410.21;411.97;7.3;7.34;5.3;5.3;42.88;42.92;3.28;0.6
S.F.inf._left;S.F.inf.;left;1532.42;1550.9;23.06;23.06;13.36;13.38;64.18;64.48;4.13;1.49
S.F.inf._right;S.F.inf.;right;3040.6;3057.74;26.1;25.94;14.88;14.9;119.18;119.2;3.99;1.39
S.F.inf.ant._left;S.F.inf.ant.;left;1041.73;1038.14;17.22;17.36;9.7;9.74;56.98;56.96;3.43;1.47
S.F.inf.ant._right;S.F.inf.ant.;right;1395.29;1402.84;17.6;17.66;9.42;9.43;82.84;83.36;4.01;1.2
S.F.int._left;S.F.int.;left;3203.11;3208.74;15.08;15.04;6.56;6.56;262.98;263.52;4.33;1.6
S.F.int._right;S.F.int.;right;2676.35;2678.68;16.62;16.68;6.95;6.95;200.34;200.78;4.58;1.31
S.F.inter._left;S.F.inter.;left;1837.83;1851.76;16.22;16.32;9.07;9.13;98.98;99.16;3.62;1.84
S.F.inter._right;S.F.inter.;right;3240.47;3249.12;17.32;17.52;8.91;8.98;199.58;199.98;3.7;1.28
S.F.marginal._left;S.F.marginal.;left;1293.91;1308.26;17.82;17.88;9.44;9.47;76.68;76.58;3.99;1.49
S.F.marginal._right;S.F.marginal.;right;2308.01;2342.1;17.22;17.22;9.82;9.86;133.68;133.56;3.88;1.45
S.F.median._left;S.F.median.;left;1156.95;1156.65;16.58;16.7;8.39;8.44;84.0;84.08;3.84;2.1
S.F.median._right;S.F.median.;right;1020.07;1016.7;15.7;15.76;8.06;8.07;70.78;70.92;5.0;2.46
S.F.orbitaire._left;S.F.orbitaire.;left;nan;nan;nan;nan;nan;nan;nan;nan;nan;nan
S.F.orbitaire._right;S.F.orbitaire.;right;391.3;393.91;11.64;11.68;8.19;8.22;28.58;28.84;3.83;0.78
S.F.polaire.tr._left;S.F.polaire.tr.;left;538.42;543.04;8.58;8.66;5.3;5.31;60.08;60.08;4.22;2.18
S.F.polaire.tr._right;S.F.polaire.tr.;right;554.16;554.48;9.7;9.78;5.1;5.12;59.2;59.36;3.88;3.09
S.F.sup._left;S.F.sup.;left;5745.69;5758.81;24.18;24.08;12.27;12.31;228.88;228.9;3.94;1.92
S.F.sup._right;S.F.sup.;right;3920.99;3938.55;20.6;20.5;11.05;11.09;174.02;174.72;3.99;1.83
S.GSM._left;S.GSM.;left;nan;nan;nan;nan;nan;nan;nan;nan;nan;nan
S.Li.ant._left;S.Li.ant.;left;462.97;465.01;9.1;9.06;6.04;6.02;40.06;40.12;3.54;1.29
S.Li.ant._right;S.Li.ant.;right;505.06;509.6;8.96;9.04;5.64;5.65;44.88;45.0;4.22;1.17
S.Li.post._left;S.Li.post.;left;992.84;1005.53;16.6;16.62;10.37;10.39;45.5;45.58;3.14;1.08
S.Li.post._right;S.Li.post.;right;1159.42;1172.59;16.88;16.94;9.81;9.81;65.92;66.06;3.04;0.98
S.O.T.lat.ant._left;S.O.T.lat.ant.;left;774.78;781.39;13.5;13.5;7.14;7.14;58.24;58.48;4.78;1.08
S.O.T.lat.ant._right;S.O.T.lat.ant.;right;1724.72;1741.36;18.26;18.18;10.15;10.17;83.82;84.28;4.37;0.94
S.O.T.lat.int._left;S.O.T.lat.int.;left;98.16;98.68;6.16;6.16;3.66;3.66;15.92;15.98;4.37;1.74
S.O.T.lat.int._right;S.O.T.lat.int.;right;479.91;485.93;12.78;12.86;6.19;6.2;39.7;39.92;5.65;0.54
S.O.T.lat.med._left;S.O.T.lat.med.;left;188.47;189.22;6.56;6.54;4.42;4.41;25.28;25.4;7.23;0.28
S.O.T.lat.med._right;S.O.T.lat.med.;right;398.96;400.47;14.16;14.14;7.99;7.97;26.94;27.0;5.15;1.09
S.O.T.lat.post._left;S.O.T.lat.post.;left;2141.09;2157.94;21.7;21.9;13.05;13.11;95.88;96.2;4.42;0.98
S.O.T.lat.post._right;S.O.T.lat.post.;right;1906.26;1908.63;19.28;19.26;9.37;9.36;112.54;113.0;4.43;0.83
S.O.p._left;S.O.p.;left;880.16;879.92;15.76;15.78;10.17;10.2;53.42;53.3;3.37;1.42
S.O.p._right;S.O.p.;right;490.58;496.61;11.76;11.9;8.06;8.12;33.8;33.92;3.37;1.22
S.Olf._left;S.Olf.;left;1018.99;1027.85;13.5;13.62;8.19;8.18;70.86;70.96;3.93;1.34
S.Olf._right;S.Olf.;right;951.88;958.89;15.0;14.84;8.55;8.54;65.38;65.6;3.95;1.95
S.Or._left;S.Or.;left;2435.9;2461.8;13.06;13.02;7.13;7.13;186.6;187.62;4.31;1.24
S.Or._right;S.Or.;right;3074.83;3098.25;15.08;15.08;7.58;7.59;214.78;215.62;4.41;1.16
S.Pa.int._left;S.Pa.int.;left;1454.2;1478.62;19.72;19.82;9.55;9.58;76.4;76.42;3.46;2.12
S.Pa.int._right;S.Pa.int.;right;417.35;425.76;10.5;10.5;4.74;4.74;44.94;45.04;3.76;1.83
S.Pa.sup._left;S.Pa.sup.;left;45.02;45.13;16.78;16.76;14.83;14.84;0.0;0.0;2.91;1.37
S.Pa.sup._right;S.Pa.sup.;right;1380.61;1405.04;19.5;19.66;11.22;11.24;65.86;65.94;3.37;2.2
S.Pa.t._left;S.Pa.t.;left;892.48;905.12;24.8;24.7;16.16;16.15;15.78;15.8;3.19;1.9
S.Pa.t._right;S.Pa.t.;right;164.11;165.99;14.18;14.16;9.49;9.52;8.42;8.46;3.84;1.95
S.Pe.C.inf._left;S.Pe.C.inf.;left;598.29;594.81;13.38;13.4;9.59;9.6;34.82;34.9;4.02;1.22
S.Pe.C.inf._right;S.Pe.C.inf.;right;94.69;96.89;19.68;19.7;16.46;16.49;0.0;0.0;4.21;0.92
S.Pe.C.inter._left;S.Pe.C.inter.;left;2904.88;2903.29;24.2;24.4;14.31;14.36;110.18;110.2;3.93;1.6
S.Pe.C.inter._right;S.Pe.C.inter.;right;2133.19;2143.1;25.2;25.34;12.43;12.42;78.8;78.8;3.8;1.44
S.Pe.C.marginal._left;S.Pe.C.marginal.;left;87.44;86.85;21.1;21.04;16.78;16.75;0.0;0.0;3.55;0.95
S.Pe.C.marginal._right;S.Pe.C.marginal.;right;77.68;79.2;8.22;8.28;5.13;5.11;8.92;8.98;3.9;2.1
S.Pe.C.median._left;S.Pe.C.median.;left;nan;nan;nan;nan;nan;nan;nan;nan;nan;nan
S.Pe.C.median._right;S.Pe.C.median.;right;365.05;363.51;15.2;15.12;9.46;9.44;19.9;20.02;3.47;1.3
S.Pe.C.sup._left;S.Pe.C.sup.;left;176.61;179.29;20.2;20.26;14.99;15.06;0.0;0.0;4.34;0.58
S.Pe.C.sup._right;S.Pe.C.sup.;right;983.3;986.13;21.38;21.46;10.83;10.85;36.58;36.78;4.17;1.39
S.Po.C.sup._left;S.Po.C.sup.;left;2381.41;2404.58;28.6;28.46;13.75;13.72;96.12;96.18;3.08;2.96
S.Po.C.sup._right;S.Po.C.sup.;right;467.03;470.45;15.36;15.36;7.99;7.99;30.24;30.34;3.19;2.18
S.R.inf._left;S.R.inf.;left;387.33;386.66;9.78;9.76;6.6;6.59;35.8;35.86;4.43;0.88
S.R.inf._right;S.R.inf.;right;895.56;897.55;10.38;10.36;6.09;6.08;76.76;76.98;4.74;0.73
S.Rh._left;S.Rh.;left;712.57;720.86;14.14;14.28;8.37;8.42;46.16;46.5;4.65;0.93
S.Rh._right;S.Rh.;right;617.46;626.46;13.74;13.92;9.97;10.06;32.6;32.82;4.86;0.79
S.T.i.ant._left;S.T.i.ant.;left;2854.66;2879.61;16.5;16.48;9.48;9.45;158.52;158.72;4.57;1.18
S.T.i.ant._right;S.T.i.ant.;right;2891.19;2928.98;19.12;19.14;9.03;9.02;177.68;178.36;5.2;0.82
S.T.i.post._left;S.T.i.post.;left;827.96;831.99;17.8;17.98;9.47;9.51;39.72;40.0;4.37;2.12
S.T.i.post._right;S.T.i.post.;right;2683.67;2689.54;23.48;23.54;12.78;12.81;101.28;101.58;4.14;1.16
S.T.pol._left;S.T.pol.;left;1594.58;1625.71;18.76;18.8;7.94;7.96;114.94;115.26;4.4;1.14
S.T.pol._right;S.T.pol.;right;2442.24;2480.6;18.16;18.32;8.92;8.97;165.14;165.78;4.89;0.9
S.T.s._left;S.T.s.;left;3853.79;3907.63;26.54;26.38;15.93;15.93;113.0;113.32;4.25;1.21
S.T.s._right;S.T.s.;right;4408.95;4487.22;28.08;28.1;16.52;16.52;115.88;116.5;4.47;1.26
S.T.s.ter.asc.ant._left;S.T.s.ter.asc.ant.;left;2188.32;2225.25;24.8;24.84;16.57;16.6;74.32;74.6;4.14;1.73
S.T.s.ter.asc.ant._right;S.T.s.ter.asc.ant.;right;2033.88;2060.55;26.0;26.3;15.35;15.44;66.44;66.52;3.33;1.1
S.T.s.ter.asc.post._left;S.T.s.ter.asc.post.;left;1723.02;1743.26;21.3;21.34;14.65;14.69;67.48;67.5;3.96;1.65
S.T.s.ter.asc.post._right;S.T.s.ter.asc.post.;right;246.95;251.91;14.46;14.48;6.75;6.79;21.66;21.84;4.78;1.44
S.p.C._left;S.p.C.;left;396.11;393.19;9.66;9.66;6.68;6.68;33.6;33.68;4.15;2.06
S.p.C._right;S.p.C.;right;185.51;183.92;6.16;6.16;4.52;4.52;25.16;25.22;4.06;3.53
S.s.P._left;S.s.P.;left;1754.68;1768.84;19.72;19.82;10.99;11.0;79.84;79.96;3.94;1.18
S.s.P._right;S.s.P.;right;1385.59;1392.29;18.08;18.02;10.26;10.26;61.84;61.86;4.26;0.81