sulcus;label;side;surface_talairach;surface_native;maxdepth_talairach;maxdepth_native;meandepth_talairach;meandepth_native;hull_junction_length_talairach;hull_junction_length_native;GM_thickness;opening
F.C.L.a._left;F.C.L.a.;left;2647.94;2467.96;25.2;23.98;14.65;14.1;81.74;78.8;4.93;3.16
F.C.L.a._right;F.C.L.a.;right;2386.36;2228.86;26.7;25.74;12.11;11.67;85.64;82.5;4.42;3.78
F.C.L.p._left;F.C.L.p.;left;4671.14;4369.97;38.94;38.42;19.98;19.65;113.68;108.18;4.34;1.42
F.C.L.p._right;F.C.L.p.;right;4310.03;4056.28;25.64;25.44;13.06;12.72;122.76;116.86;4.21;1.38
F.C.L.r.ant._left;F.C.L.r.ant.;left;779.92;736.77;27.0;26.4;15.39;15.06;24.44;23.32;4.52;1.59
F.C.L.r.ant._right;F.C.L.r.ant.;right;652.43;624.19;26.34;25.82;14.07;13.78;26.18;24.78;4.72;1.22
F.C.L.r.asc._left;F.C.L.r.asc.;left;694.19;641.23;17.62;17.14;12.91;12.61;26.18;24.9;4.06;0.88
F.C.L.r.asc._right;F.C.L.r.asc.;right;973.34;920.32;26.22;25.74;10.17;10.01;43.0;41.1;4.91;0.9
F.C.L.r.diag._left;F.C.L.r.diag.;left;880.84;818.15;21.8;21.12;14.45;14.08;25.8;24.62;3.65;1.19
F.C.L.r.diag._right;F.C.L.r.diag.;right;119.19;109.34;19.24;18.68;16.6;16.1;0.0;0.0;4.22;0.31
F.C.L.r.retroC.tr._left;F.C.L.r.retroC.tr.;left;nan;nan;nan;nan;nan;nan;nan;nan;nan;nan
F.C.L.r.retroC.tr._right;F.C.L.r.retroC.tr.;right;486.52;469.59;14.38;14.08;11.39;11.24;26.34;25.06;3.66;1.67
F.C.L.r.sc.ant._left;F.C.L.r.sc.ant.;left;nan;nan;nan;nan;nan;nan;nan;nan;nan;nan
F.C.L.r.sc.ant._right;F.C.L.r.sc.ant.;right;nan;nan;nan;nan;nan;nan;nan;nan;nan;nan
F.C.L.r.sc.post._left;F.C.L.r.sc.post.;left;300.48;281.39;27.38;27.0;17.75;17.39;0.0;0.0;4.2;0.87
F.C.L.r.sc.post._right;F.C.L.r.sc.post.;right;571.5;537.57;17.82;17.24;10.67;10.39;7.54;7.14;4.27;0.63
F.C.M.ant._left;F.C.M.ant.;left;2128.89;1992.95;15.34;14.94;9.24;9.08;124.56;118.12;4.32;1.08
F.C.M.ant._right;F.C.M.ant.;right;1298.79;1216.18;13.18;13.02;8.34;8.23;83.92;79.52;4.82;1.24
F.C.M.post._left;F.C.M.post.;left;2105.35;1960.36;19.18;18.82;12.29;12.01;84.68;80.56;4.05;1.37
F.C.M.post._right;F.C.M.post.;right;2657.28;2493.91;19.58;19.06;10.85;10.64;128.3;122.08;3.92;1.11
F.Cal.ant.-Sc.Cal._left;F.Cal.ant.-Sc.Cal.;left;3169.34;2982.2;22.2;21.7;11.29;11.04;141.76;134.98;3.37;0.9
F.Cal.ant.-Sc.Cal._right;F.Cal.ant.-Sc.Cal.;right;2000.46;1874.84;22.02;21.46;13.47;13.21;91.84;87.42;3.36;0.62
F.Coll._left;F.Coll.;left;2489.47;2309.72;16.42;15.94;10.92;10.49;112.34;107.88;3.97;0.58
F.Coll._right;F.Coll.;right;2568.52;2396.82;19.78;19.02;12.81;12.34;100.14;96.06;3.87;0.57
F.I.P.Po.C.inf._left;F.I.P.Po.C.inf.;left;3096.49;2890.01;28.78;27.54;12.92;12.49;128.24;122.7;3.82;1.6
F.I.P.Po.C.inf._right;F.I.P.Po.C.inf.;right;1915.45;1785.35;24.54;23.66;12.1;11.67;99.68;95.54;3.55;1.81
F.I.P._left;F.I.P.;left;5499.1;5091.17;29.78;28.54;13.58;12.99;205.18;196.76;3.78;1.33
F.I.P._right;F.I.P.;right;7890.88;7307.95;27.02;25.96;13.48;12.87;284.24;274.06;3.7;1.61
F.I.P.r.int.1_left;F.I.P.r.int.1;left;246.47;235.49;9.74;9.66;6.38;6.31;20.26;19.3;4.08;1.88
F.I.P.r.int.1_right;F.I.P.r.int.1;right;23.95;22.8;3.82;3.78;2.76;2.74;6.28;5.98;6.21;1.99
F.I.P.r.int.2_left;F.I.P.r.int.2;left;201.57;187.48;14.02;13.26;9.66;9.22;7.34;7.06;3.98;0.98
F.I.P.r.int.2_right;F.I.P.r.int.2;right;148.02;139.8;7.7;7.48;4.03;3.94;19.16;18.44;6.22;0.79
F.P.O._left;F.P.O.;left;2182.7;2037.78;24.2;23.76;16.53;16.21;77.36;73.28;3.81;0.69
F.P.O._right;F.P.O.;right;3225.14;3018.28;28.88;28.3;18.46;17.97;73.18;69.84;3.68;0.96
INSULA_left;INSULA;left;6424.38;5970.25;41.34;40.18;26.64;25.84;0.0;0.0;4.13;1.22
INSULA_right;INSULA;right;6232.87;5818.43;36.24;34.62;22.59;21.76;0.0;0.0;4.18;1.23
OCCIPITAL_left;OCCIPITAL;left;2869.5;2698.75;15.42;14.74;7.97;7.63;195.16;188.2;3.84;0.94
OCCIPITAL_right;OCCIPITAL;right;2933.7;2728.46;14.86;14.38;8.21;7.89;190.46;183.16;3.9;0.91
S.C.LPC._left;S.C.LPC.;left;nan;nan;nan;nan;nan;nan;nan;nan;nan;nan
S.C.LPC._right;S.C.LPC.;right;nan;nan;nan;nan;nan;nan;nan;nan;nan;nan
S.C._left;S.C.;left;5337.81;4951.66;26.36;25.34;14.48;13.94;196.86;189.32;3.43;1.74
S.C._right;S.C.;right;5195.01;4902.22;25.34;24.14;13.76;13.25;199.78;192.76;3.63;1.73
S.C.sylvian._left;S.C.sylvian.;left;nan;nan;nan;nan;nan;nan;nan;nan;nan;nan
S.C.sylvian._right;S.C.sylvian.;right;339.21;326.62;15.98;15.62;11.05;10.83;13.28;12.56;4.56;0.83
S.Call._left;S.Call.;left;1430.26;1351.7;14.32;14.08;6.05;5.97;142.64;135.3;3.08;2.56
S.Call._right;S.Call.;right;226.08;205.42;21.08;20.16;10.86;10.4;6.28;5.98;4.46;0.3
S.Cu._left;S.Cu.;left;979.3;911.61;16.08;15.22;7.58;7.32;68.4;65.46;3.65;0.63
S.Cu._right;S.Cu.;right;1118.98;1067.0;15.16;14.64;7.33;7.14;82.28;78.5;3.79;0.85
S.F.inf._left;S.F.inf.;left;2307.52;2164.4;26.6;26.08;16.52;16.16;70.6;67.32;3.53;1.06
S.F.inf._right;S.F.inf.;right;3020.48;2858.8;26.3;25.68;15.34;14.95;104.48;99.54;3.82;1.01
S.F.inf.ant._left;S.F.inf.ant.;left;820.44;780.51;18.06;17.5;10.12;9.88;45.62;43.72;3.88;1.61
S.F.inf.ant._right;S.F.inf.ant.;right;1005.08;956.75;18.98;18.62;11.23;10.92;53.4;51.3;3.72;0.92
S.F.int._left;S.F.int.;left;3743.48;3541.76;15.74;15.38;7.48;7.31;281.86;269.16;4.64;1.57
S.F.int._right;S.F.int.;right;3001.19;2829.03;17.82;17.46;7.32;7.21;203.38;193.3;4.83;1.76
S.F.inter._left;S.F.inter.;left;2700.27;2541.13;17.5;16.82;9.89;9.52;143.84;138.36;3.76;1.63
S.F.inter._right;S.F.inter.;right;3180.82;3012.88;20.9;20.18;10.17;9.81;155.64;150.18;3.82;1.36
S.F.marginal._left;S.F.marginal.;left;959.15;896.69;14.36;13.72;8.53;8.13;63.32;61.4;4.08;1.75
S.F.marginal._right;S.F.marginal.;right;1187.57;1103.07;15.4;14.74;8.45;8.05;76.3;73.68;4.64;1.81
S.F.median._left;S.F.median.;left;2096.49;1965.65;18.0;17.36;8.49;8.13;118.88;115.24;4.57;1.52
S.F.median._right;S.F.median.;right;1860.11;1753.17;16.5;15.88;7.44;7.15;142.4;137.68;5.66;1.34
S.F.orbitaire._left;S.F.orbitaire.;left;574.19;535.64;12.22;11.86;7.5;7.22;43.18;41.4;4.52;1.23
S.F.orbitaire._right;S.F.orbitaire.;right;699.83;660.44;17.78;17.34;8.99;8.71;43.84;41.76;4.38;1.27
S.F.polaire.tr._left;S.F.polaire.tr.;left;726.36;691.14;12.1;11.66;7.18;6.88;52.8;51.14;4.3;2.24
S.F.polaire.tr._right;S.F.polaire.tr.;right;948.21;901.33;10.32;9.96;6.52;6.22;86.74;84.7;4.46;2.11
S.F.sup._left;S.F.sup.;left;4818.97;4521.38;24.66;23.54;13.26;12.69;177.9;171.0;4.23;1.48
S.F.sup._right;S.F.sup.;right;3834.96;3561.05;21.3;20.24;13.1;12.54;146.5;140.72;4.03;1.58
S.GSM._left;S.GSM.;left;nan;nan;nan;nan;nan;nan;nan;nan;nan;nan
S.Li.ant._left;S.Li.ant.;left;392.76;364.33;14.82;14.36;9.34;8.93;20.98;20.42;3.76;0.48
S.Li.ant._right;S.Li.ant.;right;871.41;811.62;13.12;12.88;8.88;8.6;48.76;46.98;3.62;0.63
S.Li.post._left;S.Li.post.;left;718.81;664.87;14.68;13.96;9.9;9.43;46.24;44.46;3.38;0.86
S.Li.post._right;S.Li.post.;right;133.01;123.05;7.26;6.86;4.91;4.73;16.76;16.18;3.42;1.27
S.O.T.lat.ant._left;S.O.T.lat.ant.;left;1685.04;1561.15;16.72;15.88;10.11;9.6;87.78;84.06;4.53;0.87
S.O.T.lat.ant._right;S.O.T.lat.ant.;right;1699.11;1565.37;15.58;14.82;8.61;8.19;91.14;87.66;4.55;0.77
S.O.T.lat.int._left;S.O.T.lat.int.;left;427.2;392.51;9.7;9.26;6.81;6.5;32.9;31.5;4.67;0.9
S.O.T.lat.int._right;S.O.T.lat.int.;right;389.17;361.68;9.54;9.1;5.71;5.45;40.72;39.22;4.87;2.08
S.O.T.lat.med._left;S.O.T.lat.med.;left;1138.46;1066.99;21.72;20.94;13.75;13.21;45.14;43.48;4.46;0.8
S.O.T.lat.med._right;S.O.T.lat.med.;right;129.27;124.64;13.44;12.7;7.82;7.46;6.98;6.78;5.15;0.87
S.O.T.lat.post._left;S.O.T.lat.post.;left;921.34;860.56;17.6;17.04;11.0;10.58;44.34;42.98;4.34;1.12
S.O.T.lat.post._right;S.O.T.lat.post.;right;3010.69;2816.9;19.9;19.46;12.81;12.29;131.04;126.36;4.22;0.79
S.O.p._left;S.O.p.;left;62.39;58.53;7.64;7.56;5.22;5.13;8.28;7.9;4.22;1.17
S.O.p._right;S.O.p.;right;399.75;368.35;11.26;10.74;7.26;6.95;27.46;26.4;3.49;0.99
S.Olf._left;S.Olf.;left;1475.42;1366.25;13.76;13.08;7.95;7.6;94.92;90.68;4.35;1.24
S.Olf._right;S.Olf.;right;1411.32;1293.38;14.96;14.24;8.72;8.34;96.78;92.32;4.46;0.85
S.Or._left;S.Or.;left;2652.12;2459.75;22.82;21.62;9.36;8.97;142.72;136.38;4.65;1.54
S.Or._right;S.Or.;right;2054.64;1904.53;14.82;14.16;8.6;8.19;133.96;128.34;4.75;1.45
S.Pa.int._left;S.Pa.int.;left;2574.55;2376.36;21.66;21.06;12.01;11.64;123.52;118.7;3.42;1.25
S.Pa.int._right;S.Pa.int.;right;858.95;807.46;17.16;16.8;11.0;10.82;43.48;41.34;3.74;0.94
S.Pa.sup._left;S.Pa.sup.;left;970.4;898.0;25.16;24.1;14.65;13.97;33.64;32.76;2.96;1.34
S.Pa.sup._right;S.Pa.sup.;right;122.05;111.41;12.06;11.62;5.43;5.18;11.74;11.36;3.76;3.12
S.Pa.t._left;S.Pa.t.;left;1157.18;1067.5;27.22;26.62;14.7;14.27;41.14;39.66;3.19;1.25
S.Pa.t._right;S.Pa.t.;right;476.29;448.81;25.92;25.48;19.67;19.24;16.74;16.18;3.81;1.0
S.Pe.C.inf._left;S.Pe.C.inf.;left;430.32;400.89;15.36;14.8;10.77;10.44;19.88;18.98;3.98;0.65
S.Pe.C.inf._right;S.Pe.C.inf.;right;nan;nan;nan;nan;nan;nan;nan;nan;nan;nan
S.Pe.C.inter._left;S.Pe.C.inter.;left;1709.67;1586.96;20.54;19.9;13.59;13.18;68.06;65.04;3.73;1.0
S.Pe.C.inter._right;S.Pe.C.inter.;right;1392.5;1321.65;20.52;19.8;13.18;12.76;57.0;54.52;4.06;1.4
S.Pe.C.marginal._left;S.Pe.C.marginal.;left;295.01;278.45;16.08;15.42;9.76;9.4;5.04;4.86;5.66;0.83
S.Pe.C.marginal._right;S.Pe.C.marginal.;right;286.69;265.04;16.8;16.16;11.1;10.7;9.4;8.92;4.61;1.55
S.Pe.C.median._left;S.Pe.C.median.;left;1325.49;1237.28;20.8;19.8;11.36;10.86;54.12;52.7;4.07;1.88
S.Pe.C.median._right;S.Pe.C.median.;right;48.66;46.36;6.26;5.98;4.79;4.55;3.08;2.94;5.19;0.62
S.Pe.C.sup._left;S.Pe.C.sup.;left;295.79;283.52;17.2;16.56;9.51;9.16;11.34;10.92;3.9;0.92
S.Pe.C.sup._right;S.Pe.C.sup.;right;73.85;68.01;12.86;12.42;9.97;9.56;0.0;0.0;5.49;0.37
S.Po.C.sup._left;S.Po.C.sup.;left;853.23;784.62;17.14;16.54;9.59;9.18;48.18;46.26;3.26;2.03
S.Po.C.sup._right;S.Po.C.sup.;right;1434.72;1347.65;18.8;17.84;12.39;11.85;69.02;66.58;3.26;2.03
S.R.inf._left;S.R.inf.;left;614.83;591.36;9.92;9.76;6.82;6.75;50.3;47.74;4.2;1.39
S.R.inf._right;S.R.inf.;right;1349.82;1277.76;13.98;13.78;7.19;7.09;100.88;95.96;4.91;0.7
S.Rh._left;S.Rh.;left;819.83;770.26;16.34;15.66;7.0;6.75;51.9;49.78;5.13;1.13
S.Rh._right;S.Rh.;right;718.3;659.91;13.1;12.66;9.24;8.9;42.34;40.34;5.13;0.85
S.T.i.ant._left;S.T.i.ant.;left;2679.77;2511.84;18.38;17.66;10.14;9.88;139.72;133.78;5.0;0.71
S.T.i.ant._right;S.T.i.ant.;right;2084.02;1966.06;16.96;16.48;9.96;9.68;107.66;102.92;4.82;0.93
S.T.i.post._left;S.T.i.post.;left;1329.44;1248.76;20.72;20.02;12.92;12.53;48.32;45.94;4.31;0.92
S.T.i.post._right;S.T.i.post.;right;2075.8;1959.0;21.0;20.48;12.88;12.55;79.18;75.52;4.14;0.8
S.T.pol._left;S.T.pol.;left;1711.43;1590.63;16.74;16.1;8.0;7.66;116.62;112.62;5.58;0.81
S.T.pol._right;S.T.pol.;right;1386.83;1290.39;16.38;15.82;9.62;9.26;81.98;78.74;5.22;0.91
S.T.s._left;S.T.s.;left;5376.83;5037.13;25.12;24.84;13.78;13.48;208.86;199.12;4.55;0.92
S.T.s._right;S.T.s.;right;4410.43;4146.63;28.8;28.44;16.17;15.84;122.2;116.3;4.63;0.83
S.T.s.ter.asc.ant._left;S.T.s.ter.asc.ant.;left;2636.97;2471.28;23.82;23.38;15.2;14.8;86.92;83.22;4.09;1.09
S.T.s.ter.asc.ant._right;S.T.s.ter.asc.ant.;right;3163.07;2954.95;26.94;26.46;13.54;13.23;123.02;117.62;4.38;1.16
S.T.s.ter.asc.post._left;S.T.s.ter.asc.post.;left;489.46;466.66;13.76;13.44;6.3;6.15;36.84;35.04;3.92;1.4
S.T.s.ter.asc.post._right;S.T.s.ter.asc.post.;right;1443.07;1348.62;20.06;19.64;11.68;11.42;63.28;60.58;4.12;0.9
S.p.C._left;S.p.C.;left;590.91;550.8;13.38;13.02;8.34;8.1;41.32;39.34;4.28;1.18
S.p.C._right;S.p.C.;right;76.54;73.37;11.64;11.44;7.08;7.0;3.04;2.9;3.88;0.59
S.s.P._left;S.s.P.;left;1874.72;1759.63;24.22;23.62;10.93;10.7;89.28;84.8;4.26;0.59
S.s.P._right;S.s.P.;right;1193.69;1132.73;16.54;16.34;9.02;8.93;73.56;69.88;4.4;0.71