sulcus;label;side;surface_talairach;surface_native;maxdepth_talairach;maxdepth_native;meandepth_talairach;meandepth_native;hull_junction_length_talairach;hull_junction_length_native;GM_thickness;opening
F.C.L.a._left;F.C.L.a.;left;3081.91;2859.07;18.82;18.18;11.81;11.45;94.24;90.92;4.32;2.8
F.C.L.a._right;F.C.L.a.;right;3790.79;3552.01;20.34;19.84;10.83;10.49;103.56;99.7;4.6;2.59
F.C.L.p._left;F.C.L.p.;left;5515.14;5146.81;23.98;22.88;12.38;12.09;133.48;127.08;4.03;1.53
F.C.L.p._right;F.C.L.p.;right;5260.54;4920.05;39.56;39.16;17.15;16.89;142.32;135.7;4.06;1.33
F.C.L.r.ant._left;F.C.L.r.ant.;left;724.29;688.76;26.74;26.04;15.47;15.11;22.28;21.58;3.83;1.73
F.C.L.r.ant._right;F.C.L.r.ant.;right;521.41;500.96;26.68;25.42;14.3;14.01;16.42;15.84;3.58;1.46
F.C.L.r.asc._left;F.C.L.r.asc.;left;731.24;685.73;20.26;19.86;11.55;11.35;35.54;33.36;3.05;1.62
F.C.L.r.asc._right;F.C.L.r.asc.;right;351.55;328.37;9.58;9.48;5.94;5.89;36.66;34.38;4.01;2.26
F.C.L.r.diag._left;F.C.L.r.diag.;left;nan;nan;nan;nan;nan;nan;nan;nan;nan;nan
F.C.L.r.diag._right;F.C.L.r.diag.;right;1051.3;993.55;19.9;19.58;15.21;14.95;40.6;38.08;3.56;1.82
F.C.L.r.retroC.tr._left;F.C.L.r.retroC.tr.;left;773.86;735.31;16.42;16.24;10.31;10.2;40.86;38.68;4.14;1.5
F.C.L.r.retroC.tr._right;F.C.L.r.retroC.tr.;right;871.17;829.65;37.14;36.76;17.21;17.03;24.34;22.84;3.59;1.25
F.C.L.r.sc.ant._left;F.C.L.r.sc.ant.;left;112.02;103.0;15.3;14.94;11.88;11.62;0.0;0.0;3.7;1.03
F.C.L.r.sc.ant._right;F.C.L.r.sc.ant.;right;nan;nan;nan;nan;nan;nan;nan;nan;nan;nan
F.C.L.r.sc.post._left;F.C.L.r.sc.post.;left;299.31;285.01;14.78;14.44;10.33;9.92;0.0;0.0;4.05;0.83
F.C.L.r.sc.post._right;F.C.L.r.sc.post.;right;208.83;200.49;24.0;23.82;17.72;17.44;0.0;0.0;3.7;0.77
F.C.M.ant._left;F.C.M.ant.;left;2365.41;2208.45;16.98;16.46;9.27;9.11;154.14;147.06;4.26;1.09
F.C.M.ant._right;F.C.M.ant.;right;1759.06;1622.54;16.82;16.44;9.93;9.76;94.54;90.1;4.68;1.25
F.C.M.post._left;F.C.M.post.;left;2541.05;2357.46;23.06;22.28;12.39;12.08;109.54;104.58;3.84;1.7
F.C.M.post._right;F.C.M.post.;right;2360.45;2191.76;24.42;23.48;13.1;12.83;98.88;94.16;3.71;1.45
F.Cal.ant.-Sc.Cal._left;F.Cal.ant.-Sc.Cal.;left;3331.68;3120.23;20.66;20.18;8.65;8.44;145.76;139.56;2.88;0.95
F.Cal.ant.-Sc.Cal._right;F.Cal.ant.-Sc.Cal.;right;3827.47;3594.05;34.86;34.04;14.1;13.8;112.88;107.6;2.92;0.97
F.Coll._left;F.Coll.;left;2932.58;2704.03;18.72;17.72;10.36;9.85;137.44;133.44;3.94;0.87
F.Coll._right;F.Coll.;right;2745.92;2525.46;18.9;17.78;12.16;11.55;121.42;117.54;3.8;0.89
F.I.P.Po.C.inf._left;F.I.P.Po.C.inf.;left;1743.22;1605.4;29.18;27.86;16.33;15.59;48.6;46.82;2.91;1.77
F.I.P.Po.C.inf._right;F.I.P.Po.C.inf.;right;2878.6;2660.07;30.9;29.08;17.78;16.96;78.42;75.64;3.16;1.91
F.I.P._left;F.I.P.;left;6009.84;5517.7;31.5;29.84;14.15;13.52;189.86;182.46;3.36;1.83
F.I.P._right;F.I.P.;right;8527.86;7808.56;30.72;29.16;13.44;12.88;306.82;295.04;3.7;1.59
F.I.P.r.int.1_left;F.I.P.r.int.1;left;nan;nan;nan;nan;nan;nan;nan;nan;nan;nan
F.I.P.r.int.1_right;F.I.P.r.int.1;right;216.42;200.94;9.2;9.1;5.3;5.22;20.7;19.82;5.21;2.13
F.I.P.r.int.2_left;F.I.P.r.int.2;left;54.36;52.25;7.16;7.1;4.48;4.43;8.52;8.18;6.15;0.75
F.I.P.r.int.2_right;F.I.P.r.int.2;right;404.13;383.82;11.28;10.96;8.78;8.56;25.14;24.56;4.17;1.19
F.P.O._left;F.P.O.;left;1894.44;1757.39;23.94;23.62;12.66;12.31;79.32;75.74;3.18;1.04
F.P.O._right;F.P.O.;right;1400.27;1291.05;20.56;20.26;11.1;10.91;76.98;73.2;3.25;0.83
INSULA_left;INSULA;left;5868.13;5426.04;33.08;32.5;15.74;15.22;0.0;0.0;3.97;1.64
INSULA_right;INSULA;right;5637.23;5226.85;40.5;40.16;19.36;18.68;0.0;0.0;4.04;1.35
OCCIPITAL_left;OCCIPITAL;left;4684.2;4440.86;20.82;19.62;9.17;8.86;260.76;252.46;3.3;0.9
OCCIPITAL_right;OCCIPITAL;right;4988.16;4660.86;17.8;16.82;9.09;8.8;297.94;287.3;3.47;0.82
S.C.LPC._left;S.C.LPC.;left;89.48;81.34;16.4;16.16;14.28;14.1;0.0;0.0;2.8;1.74
S.C.LPC._right;S.C.LPC.;right;nan;nan;nan;nan;nan;nan;nan;nan;nan;nan
S.C._left;S.C.;left;5994.0;5554.82;27.92;26.8;13.16;12.63;247.12;237.98;3.4;2.28
S.C._right;S.C.;right;4711.88;4405.66;28.48;27.62;11.68;11.25;212.24;204.4;3.33;2.16
S.C.sylvian._left;S.C.sylvian.;left;nan;nan;nan;nan;nan;nan;nan;nan;nan;nan
S.C.sylvian._right;S.C.sylvian.;right;322.7;307.8;17.02;16.74;10.56;10.39;13.52;12.7;3.97;1.13
S.Call._left;S.Call.;left;857.79;814.3;11.28;11.16;5.4;5.34;100.56;95.58;3.35;1.61
S.Call._right;S.Call.;right;1396.99;1326.67;12.02;11.86;6.4;6.33;139.9;133.96;3.35;1.67
S.Cu._left;S.Cu.;left;717.52;664.43;21.82;21.4;9.07;8.93;38.14;35.9;3.0;1.07
S.Cu._right;S.Cu.;right;704.18;659.74;16.98;16.58;8.54;8.38;47.8;44.86;3.15;1.37
S.F.inf._left;S.F.inf.;left;3197.8;2987.87;25.3;24.84;13.94;13.7;110.42;105.14;3.25;1.45
S.F.inf._right;S.F.inf.;right;1744.03;1652.4;25.92;25.64;15.71;15.42;57.52;55.42;3.71;1.3
S.F.inf.ant._left;S.F.inf.ant.;left;654.1;600.94;13.1;13.02;6.8;6.72;52.2;49.12;3.92;1.6
S.F.inf.ant._right;S.F.inf.ant.;right;602.63;560.84;17.36;17.06;9.14;8.98;36.98;35.36;3.93;1.23
S.F.int._left;S.F.int.;left;2494.5;2388.84;15.96;15.78;6.39;6.29;228.52;218.0;4.0;2.01
S.F.int._right;S.F.int.;right;2228.96;2132.59;14.48;14.28;6.05;5.99;212.32;202.46;4.15;1.64
S.F.inter._left;S.F.inter.;left;1967.72;1868.13;18.0;17.46;9.1;8.81;116.72;113.22;3.51;1.74
S.F.inter._right;S.F.inter.;right;2158.02;2049.45;17.98;17.36;9.04;8.77;129.14;124.8;3.81;1.48
S.F.marginal._left;S.F.marginal.;left;933.84;885.44;16.22;15.76;8.51;8.3;61.5;59.64;3.35;1.66
S.F.marginal._right;S.F.marginal.;right;1528.42;1441.27;17.02;16.44;9.67;9.38;88.54;85.78;3.74;1.77
S.F.median._left;S.F.median.;left;985.2;923.71;14.7;13.94;7.21;6.82;69.4;67.76;4.41;3.37
S.F.median._right;S.F.median.;right;797.53;740.08;9.16;8.7;5.32;5.03;88.86;86.32;4.36;2.8
S.F.orbitaire._left;S.F.orbitaire.;left;nan;nan;nan;nan;nan;nan;nan;nan;nan;nan
S.F.orbitaire._right;S.F.orbitaire.;right;757.61;727.42;17.0;16.8;10.04;9.89;43.74;41.66;3.43;1.78
S.F.polaire.tr._left;S.F.polaire.tr.;left;387.63;364.16;9.98;9.62;5.86;5.65;34.74;33.58;2.94;3.11
S.F.polaire.tr._right;S.F.polaire.tr.;right;746.93;709.54;12.0;11.36;5.53;5.33;82.36;79.72;3.37;2.68
S.F.sup._left;S.F.sup.;left;4887.43;4530.46;25.94;24.66;14.04;13.37;171.78;166.08;3.99;2.36
S.F.sup._right;S.F.sup.;right;3864.16;3582.57;23.84;22.72;15.54;14.82;109.0;105.14;3.76;1.96
S.GSM._left;S.GSM.;left;361.79;339.77;11.74;11.5;8.22;8.02;27.46;25.94;3.54;1.23
S.Li.ant._left;S.Li.ant.;left;125.88;115.07;10.16;9.66;7.17;6.86;9.78;9.5;3.9;0.72
S.Li.ant._right;S.Li.ant.;right;234.67;216.28;8.62;8.28;5.71;5.51;20.12;19.36;3.82;1.83
S.Li.post._left;S.Li.post.;left;857.57;794.72;11.22;10.92;7.45;7.13;70.14;67.16;3.16;1.08
S.Li.post._right;S.Li.post.;right;1076.9;992.07;17.3;16.06;8.89;8.51;69.04;66.0;3.01;1.13
S.O.T.lat.ant._left;S.O.T.lat.ant.;left;1685.87;1544.46;17.02;16.34;11.59;11.04;69.98;67.44;4.47;0.92
S.O.T.lat.ant._right;S.O.T.lat.ant.;right;1806.94;1653.11;16.22;15.6;11.1;10.51;85.6;82.84;4.11;1.17
S.O.T.lat.int._left;S.O.T.lat.int.;left;725.37;671.82;14.7;14.02;8.98;8.45;44.14;43.1;4.34;0.97
S.O.T.lat.int._right;S.O.T.lat.int.;right;193.38;180.32;8.14;7.7;6.1;5.72;16.5;16.14;4.43;1.69
S.O.T.lat.med._left;S.O.T.lat.med.;left;297.29;280.3;14.22;13.5;8.39;7.91;18.24;17.94;4.03;1.57
S.O.T.lat.med._right;S.O.T.lat.med.;right;121.66;114.53;8.36;7.8;5.43;5.07;15.06;14.82;3.89;3.82
S.O.T.lat.post._left;S.O.T.lat.post.;left;1010.77;948.42;12.8;12.4;7.5;7.15;71.8;70.16;4.28;1.39
S.O.T.lat.post._right;S.O.T.lat.post.;right;1659.18;1530.69;21.3;20.48;13.54;12.91;62.22;60.8;4.13;0.99
S.O.p._left;S.O.p.;left;619.82;598.55;21.58;21.1;11.27;10.83;30.98;30.06;2.76;0.66
S.O.p._right;S.O.p.;right;127.88;120.42;5.76;5.58;3.85;3.73;19.72;19.1;3.25;1.5
S.Olf._left;S.Olf.;left;1359.44;1262.07;15.62;14.72;8.06;7.67;102.18;98.86;3.84;1.53
S.Olf._right;S.Olf.;right;1416.5;1301.87;15.76;14.7;8.66;8.21;104.38;101.12;3.89;1.66
S.Or._left;S.Or.;left;2888.18;2664.84;15.7;14.76;7.84;7.46;196.96;191.0;3.9;1.71
S.Or._right;S.Or.;right;2720.74;2507.5;14.72;13.82;7.91;7.53;185.78;179.74;3.61;1.73
S.Pa.int._left;S.Pa.int.;left;1518.62;1400.27;17.32;16.38;9.4;9.14;84.68;81.72;3.51;2.09
S.Pa.int._right;S.Pa.int.;right;1049.29;986.62;14.1;13.58;6.96;6.87;74.84;71.0;4.09;1.24
S.Pa.sup._left;S.Pa.sup.;left;233.1;214.64;7.86;7.58;5.44;5.19;28.14;27.62;3.36;3.07
S.Pa.sup._right;S.Pa.sup.;right;113.07;106.5;5.0;4.82;2.39;2.29;15.1;14.76;nan;2.41
S.Pa.t._left;S.Pa.t.;left;1422.63;1304.67;24.08;23.78;14.15;13.72;42.64;40.86;3.63;1.63
S.Pa.t._right;S.Pa.t.;right;2614.75;2416.07;28.3;27.64;18.08;17.55;57.9;55.24;3.68;1.19
S.Pe.C.inf._left;S.Pe.C.inf.;left;975.64;908.92;19.96;19.7;14.38;14.16;43.88;41.18;3.71;1.48
S.Pe.C.inf._right;S.Pe.C.inf.;right;239.31;220.34;17.48;16.98;8.57;8.34;15.84;14.9;4.03;1.01
S.Pe.C.inter._left;S.Pe.C.inter.;left;1341.78;1266.22;25.34;24.7;12.23;11.89;53.44;51.34;4.0;1.53
S.Pe.C.inter._right;S.Pe.C.inter.;right;1954.0;1846.53;24.9;24.14;12.64;12.29;76.9;73.92;3.42;1.46
S.Pe.C.marginal._left;S.Pe.C.marginal.;left;193.81;183.27;13.74;13.0;7.81;7.37;12.76;12.44;4.49;2.5
S.Pe.C.marginal._right;S.Pe.C.marginal.;right;866.29;807.17;19.68;18.98;12.14;11.53;33.32;32.5;4.46;2.71
S.Pe.C.median._left;S.Pe.C.median.;left;125.96;115.96;13.22;12.62;9.61;9.21;3.28;3.08;3.37;2.64
S.Pe.C.median._right;S.Pe.C.median.;right;88.05;83.02;5.1;4.76;2.82;2.7;12.14;11.86;4.0;2.45
S.Pe.C.sup._left;S.Pe.C.sup.;left;72.07;69.19;8.62;8.22;5.45;5.24;6.18;6.04;4.33;2.59
S.Pe.C.sup._right;S.Pe.C.sup.;right;647.16;606.77;16.18;15.6;10.32;9.96;20.48;19.9;3.95;1.14
S.Po.C.sup._left;S.Po.C.sup.;left;776.44;712.9;18.78;18.16;10.46;9.97;39.12;37.9;3.2;3.43
S.Po.C.sup._right;S.Po.C.sup.;right;843.01;789.72;15.6;14.9;8.15;7.81;40.92;39.86;3.52;3.44
S.R.inf._left;S.R.inf.;left;613.05;594.73;11.24;11.12;6.54;6.48;49.44;47.3;3.34;1.25
S.R.inf._right;S.R.inf.;right;1527.96;1470.57;15.44;15.26;8.35;8.22;104.52;99.92;3.82;1.02
S.Rh._left;S.Rh.;left;419.92;397.82;10.58;10.2;6.8;6.61;34.06;32.8;5.34;1.3
S.Rh._right;S.Rh.;right;522.51;488.99;13.6;13.12;8.44;8.19;33.22;32.14;4.91;1.48
S.T.i.ant._left;S.T.i.ant.;left;2727.32;2565.51;19.7;19.36;10.0;9.79;141.1;134.94;4.1;1.37
S.T.i.ant._right;S.T.i.ant.;right;2558.2;2418.43;17.36;16.82;9.25;9.02;143.76;137.8;4.55;1.26
S.T.i.post._left;S.T.i.post.;left;2096.32;1984.02;22.92;22.54;12.91;12.67;82.92;79.62;4.26;0.97
S.T.i.post._right;S.T.i.post.;right;1364.96;1273.58;18.82;18.54;11.84;11.62;62.26;59.16;4.59;1.29
S.T.pol._left;S.T.pol.;left;1534.34;1412.87;15.68;15.06;8.05;7.72;100.04;96.06;4.6;1.57
S.T.pol._right;S.T.pol.;right;1490.34;1386.35;16.34;15.82;8.09;7.8;98.34;94.72;4.66;1.58
S.T.s._left;S.T.s.;left;3824.73;3565.25;26.84;26.52;15.08;14.9;123.8;118.32;4.26;1.33
S.T.s._right;S.T.s.;right;3767.68;3529.47;29.06;28.82;16.5;16.31;120.06;114.36;4.39;1.26
S.T.s.ter.asc.ant._left;S.T.s.ter.asc.ant.;left;2852.42;2663.21;27.92;27.46;15.99;15.7;82.56;79.02;3.92;1.58
S.T.s.ter.asc.ant._right;S.T.s.ter.asc.ant.;right;2974.98;2792.06;26.54;26.12;15.56;15.3;83.6;79.6;3.99;1.19
S.T.s.ter.asc.post._left;S.T.s.ter.asc.post.;left;1588.56;1509.98;22.32;21.84;14.16;13.95;59.34;55.98;4.28;1.3
S.T.s.ter.asc.post._right;S.T.s.ter.asc.post.;right;1955.94;1872.39;24.28;24.0;13.35;13.17;83.96;81.1;4.08;1.12
S.p.C._left;S.p.C.;left;146.48;137.06;7.38;6.86;4.88;4.64;19.16;18.56;3.91;3.14
S.p.C._right;S.p.C.;right;107.31;102.41;6.1;5.98;3.16;3.13;23.02;21.94;4.42;3.85
S.s.P._left;S.s.P.;left;1980.87;1846.24;20.8;20.54;10.6;10.47;101.54;95.62;3.71;1.02
S.s.P._right;S.s.P.;right;1040.87;983.23;12.06;11.82;7.08;6.95;65.46;62.0;4.27;1.02