sulcus;label;side;surface_talairach;surface_native;maxdepth_talairach;maxdepth_native;meandepth_talairach;meandepth_native;hull_junction_length_talairach;hull_junction_length_native;GM_thickness;opening
F.C.L.a._left;F.C.L.a.;left;4642.64;4148.26;23.82;22.42;12.63;12.09;158.56;148.64;4.51;2.15
F.C.L.a._right;F.C.L.a.;right;4804.07;4226.87;29.14;28.9;14.3;13.61;152.44;142.58;4.22;1.83
F.C.L.p._left;F.C.L.p.;left;3176.19;2910.45;32.36;32.46;11.97;11.96;117.84;108.16;3.98;1.26
F.C.L.p._right;F.C.L.p.;right;5781.59;5298.52;35.78;34.98;13.97;13.75;196.54;181.08;4.02;1.31
F.C.L.r.ant._left;F.C.L.r.ant.;left;311.99;283.7;15.0;14.58;12.46;11.99;19.5;18.14;3.89;1.89
F.C.L.r.ant._right;F.C.L.r.ant.;right;2108.77;1894.3;27.82;27.54;11.45;11.05;93.92;87.02;3.94;1.51
F.C.L.r.asc._left;F.C.L.r.asc.;left;1093.61;988.56;24.22;23.58;14.04;13.67;40.76;38.06;4.39;1.95
F.C.L.r.asc._right;F.C.L.r.asc.;right;817.74;748.18;25.4;24.5;14.27;13.95;27.64;25.64;4.13;1.68
F.C.L.r.diag._left;F.C.L.r.diag.;left;nan;nan;nan;nan;nan;nan;nan;nan;nan;nan
F.C.L.r.diag._right;F.C.L.r.diag.;right;205.67;186.91;11.24;11.02;7.13;6.97;16.62;15.32;3.89;1.78
F.C.L.r.retroC.tr._left;F.C.L.r.retroC.tr.;left;nan;nan;nan;nan;nan;nan;nan;nan;nan;nan
F.C.L.r.retroC.tr._right;F.C.L.r.retroC.tr.;right;nan;nan;nan;nan;nan;nan;nan;nan;nan;nan
F.C.L.r.sc.ant._left;F.C.L.r.sc.ant.;left;35.28;32.51;14.56;14.52;12.55;12.37;0.0;0.0;3.27;0.99
F.C.L.r.sc.ant._right;F.C.L.r.sc.ant.;right;nan;nan;nan;nan;nan;nan;nan;nan;nan;nan
F.C.L.r.sc.post._left;F.C.L.r.sc.post.;left;66.55;59.19;21.96;22.04;18.66;18.81;0.0;0.0;4.04;0.41
F.C.L.r.sc.post._right;F.C.L.r.sc.post.;right;119.57;108.26;23.36;23.3;19.26;19.08;0.0;0.0;4.06;0.58
F.C.M.ant._left;F.C.M.ant.;left;900.64;825.71;12.16;11.96;8.38;8.37;63.92;58.04;4.05;1.21
F.C.M.ant._right;F.C.M.ant.;right;1409.99;1293.21;12.26;12.18;8.78;8.75;90.72;81.78;4.31;1.26
F.C.M.post._left;F.C.M.post.;left;3283.8;2944.9;21.14;20.48;11.24;10.97;144.84;133.14;4.14;1.62
F.C.M.post._right;F.C.M.post.;right;3116.53;2787.69;22.74;21.92;12.98;12.64;108.52;99.82;4.18;1.55
F.Cal.ant.-Sc.Cal._left;F.Cal.ant.-Sc.Cal.;left;3431.13;3114.4;30.86;29.34;13.87;13.65;124.36;113.72;3.02;0.81
F.Cal.ant.-Sc.Cal._right;F.Cal.ant.-Sc.Cal.;right;2698.64;2463.22;27.5;27.12;15.78;15.68;98.4;90.68;3.07;0.88
F.Coll._left;F.Coll.;left;3645.42;3200.44;19.62;18.24;13.59;12.8;135.18;125.6;3.91;0.86
F.Coll._right;F.Coll.;right;1729.35;1523.96;17.78;17.46;15.3;14.84;64.44;58.92;3.67;0.73
F.I.P.Po.C.inf._left;F.I.P.Po.C.inf.;left;3398.98;3005.77;28.4;26.76;14.81;14.03;103.52;96.42;3.82;1.83
F.I.P.Po.C.inf._right;F.I.P.Po.C.inf.;right;3106.23;2774.28;26.52;25.0;15.4;14.6;105.86;99.86;3.61;1.56
F.I.P._left;F.I.P.;left;3953.9;3442.69;27.32;24.92;12.17;11.29;161.98;151.68;4.07;1.65
F.I.P._right;F.I.P.;right;3953.82;3494.16;25.04;23.06;13.68;12.76;159.12;150.66;3.64;1.5
F.I.P.r.int.1_left;F.I.P.r.int.1;left;nan;nan;nan;nan;nan;nan;nan;nan;nan;nan
F.I.P.r.int.1_right;F.I.P.r.int.1;right;130.2;118.85;7.06;6.84;4.38;4.29;16.02;15.08;5.32;0.9
F.I.P.r.int.2_left;F.I.P.r.int.2;left;500.96;444.14;17.36;16.48;10.77;10.1;23.8;22.52;4.11;1.34
F.I.P.r.int.2_right;F.I.P.r.int.2;right;nan;nan;nan;nan;nan;nan;nan;nan;nan;nan
F.P.O._left;F.P.O.;left;1662.2;1460.96;18.8;18.5;10.19;9.55;87.42;81.34;3.04;1.39
F.P.O._right;F.P.O.;right;2997.55;2738.63;29.32;28.78;14.65;14.49;107.36;99.52;3.44;0.97
INSULA_left;INSULA;left;7085.73;6248.02;39.46;39.14;24.25;23.36;32.68;29.46;3.9;1.2
INSULA_right;INSULA;right;4786.33;4238.61;35.88;32.86;19.63;18.43;0.0;0.0;4.17;1.23
OCCIPITAL_left;OCCIPITAL;left;2831.44;2518.22;15.62;14.26;8.39;7.78;184.42;176.72;3.53;0.73
OCCIPITAL_right;OCCIPITAL;right;4051.02;3563.33;15.82;14.98;8.4;7.85;241.6;228.5;3.5;0.93
S.C.LPC._left;S.C.LPC.;left;307.5;277.08;7.48;7.24;nan;nan;29.6;27.52;5.25;1.67
S.C.LPC._right;S.C.LPC.;right;nan;nan;nan;nan;nan;nan;nan;nan;nan;nan
S.C._left;S.C.;left;973.39;885.07;18.2;16.76;9.89;9.45;37.68;35.48;3.48;1.74
S.C._right;S.C.;right;1748.18;1551.89;21.34;20.26;11.91;11.29;65.6;61.76;4.05;2.26
S.C.sylvian._left;S.C.sylvian.;left;375.75;341.59;14.66;14.4;9.94;9.84;20.94;19.32;4.28;1.51
S.C.sylvian._right;S.C.sylvian.;right;375.33;342.62;9.64;9.54;6.5;6.48;30.42;28.1;4.13;2.1
S.Call._left;S.Call.;left;925.34;847.43;12.58;12.74;6.12;6.14;82.1;75.04;4.61;0.9
S.Call._right;S.Call.;right;449.77;414.02;8.86;8.96;4.82;4.87;48.4;44.52;4.89;0.84
S.Cu._left;S.Cu.;left;370.9;331.11;8.54;7.9;5.17;4.95;39.7;36.9;3.34;1.13
S.Cu._right;S.Cu.;right;209.33;190.38;7.48;7.1;4.83;4.78;24.2;22.2;3.0;1.07
S.F.inf._left;S.F.inf.;left;2284.58;2073.98;22.76;22.64;16.81;16.44;69.72;63.84;4.04;1.6
S.F.inf._right;S.F.inf.;right;1198.78;1091.18;25.88;25.32;11.75;11.43;54.1;50.48;4.64;1.88
S.F.inf.ant._left;S.F.inf.ant.;left;484.52;441.53;15.32;15.1;8.76;8.69;29.2;26.98;4.13;1.58
S.F.inf.ant._right;S.F.inf.ant.;right;2797.64;2558.92;27.04;26.52;12.02;11.87;121.74;112.04;3.64;1.5
S.F.int._left;S.F.int.;left;2611.07;2384.81;12.68;12.46;5.56;5.5;285.02;262.88;4.35;2.28
S.F.int._right;S.F.int.;right;2741.96;2488.03;17.44;17.2;7.52;7.45;203.2;185.06;3.83;1.99
S.F.inter._left;S.F.inter.;left;1944.61;1750.01;16.18;15.76;8.26;7.88;122.52;117.08;3.88;1.46
S.F.inter._right;S.F.inter.;right;3541.52;3179.84;18.28;16.62;9.4;8.83;206.4;196.52;3.71;1.58
S.F.marginal._left;S.F.marginal.;left;3163.29;2779.77;18.18;16.82;9.78;9.04;174.08;165.14;3.73;2.01
S.F.marginal._right;S.F.marginal.;right;988.29;895.81;10.88;10.78;7.14;6.97;75.8;70.76;4.42;1.8
S.F.median._left;S.F.median.;left;1070.23;955.1;11.0;10.6;5.88;5.47;82.2;78.04;4.29;2.81
S.F.median._right;S.F.median.;right;1102.14;962.46;13.5;12.54;7.05;6.52;81.94;77.58;4.33;2.74
S.F.orbitaire._left;S.F.orbitaire.;left;185.99;167.75;14.88;14.06;9.98;9.59;5.1;4.82;3.59;1.1
S.F.orbitaire._right;S.F.orbitaire.;right;26.01;23.83;13.0;12.2;11.6;10.89;0.0;0.0;3.1;0.55
S.F.polaire.tr._left;S.F.polaire.tr.;left;1657.88;1469.58;18.4;16.78;8.65;8.19;99.28;92.7;3.6;1.67
S.F.polaire.tr._right;S.F.polaire.tr.;right;2119.92;1895.04;20.48;19.24;8.3;7.7;142.86;137.78;3.63;2.14
S.F.sup._left;S.F.sup.;left;4482.89;3941.78;24.12;22.98;11.92;11.15;149.94;141.32;3.66;1.57
S.F.sup._right;S.F.sup.;right;3534.76;3096.74;24.08;22.16;13.7;12.85;129.04;120.98;3.8;2.24
S.GSM._left;S.GSM.;left;1149.8;1056.71;17.06;17.22;11.5;11.35;58.0;54.16;4.34;1.11
S.Li.ant._left;S.Li.ant.;left;773.43;697.44;14.48;14.04;8.71;8.39;37.34;34.92;3.47;1.04
S.Li.ant._right;S.Li.ant.;right;1250.33;1118.31;18.7;18.04;10.69;10.24;50.18;47.0;3.29;0.68
S.Li.post._left;S.Li.post.;left;607.04;551.77;11.48;10.82;7.22;6.86;47.9;45.7;3.41;1.15
S.Li.post._right;S.Li.post.;right;907.17;795.57;12.84;12.98;6.93;6.58;71.88;66.6;3.62;0.85
S.O.T.lat.ant._left;S.O.T.lat.ant.;left;1111.55;957.02;17.54;16.52;10.28;9.55;55.68;51.58;4.52;1.48
S.O.T.lat.ant._right;S.O.T.lat.ant.;right;1611.38;1386.27;17.62;16.48;8.92;8.29;98.54;91.58;4.86;1.11
S.O.T.lat.int._left;S.O.T.lat.int.;left;1276.03;1113.74;20.22;18.72;12.47;11.71;52.72;49.18;4.47;1.02
S.O.T.lat.int._right;S.O.T.lat.int.;right;800.82;699.42;19.04;17.6;10.62;9.82;37.36;35.54;4.63;1.35
S.O.T.lat.med._left;S.O.T.lat.med.;left;321.35;293.41;13.64;12.64;7.76;7.17;21.3;20.88;5.52;0.87
S.O.T.lat.med._right;S.O.T.lat.med.;right;331.06;302.42;13.98;13.4;11.85;11.09;16.54;16.06;4.56;0.9
S.O.T.lat.post._left;S.O.T.lat.post.;left;1476.41;1334.67;22.22;21.2;12.78;12.11;56.7;53.78;4.18;0.85
S.O.T.lat.post._right;S.O.T.lat.post.;right;1399.02;1265.03;20.78;20.26;10.67;10.15;66.16;63.68;4.7;1.04
S.O.p._left;S.O.p.;left;175.98;161.15;8.52;8.24;7.18;6.99;15.2;14.26;2.92;1.03
S.O.p._right;S.O.p.;right;474.47;430.95;10.88;10.0;6.04;5.71;43.22;40.92;3.15;0.7
S.Olf._left;S.Olf.;left;598.88;507.8;15.02;14.16;10.27;9.55;34.54;31.88;3.97;0.83
S.Olf._right;S.Olf.;right;1385.22;1255.56;16.64;16.3;8.5;8.51;90.38;81.86;4.36;0.96
S.Or._left;S.Or.;left;2560.31;2306.45;30.42;30.26;11.65;11.37;112.68;105.72;4.1;1.39
S.Or._right;S.Or.;right;2415.78;2147.59;28.72;28.44;8.91;8.51;144.04;135.3;4.32;1.15
S.Pa.int._left;S.Pa.int.;left;584.2;524.73;17.92;17.84;11.02;10.24;25.14;24.38;3.77;1.82
S.Pa.int._right;S.Pa.int.;right;1070.28;924.14;24.44;23.96;14.17;13.57;25.76;23.44;3.38;0.96
S.Pa.sup._left;S.Pa.sup.;left;582.09;507.47;21.02;19.22;12.83;11.72;25.64;24.86;3.86;2.86
S.Pa.sup._right;S.Pa.sup.;right;364.19;330.59;20.46;18.98;13.07;12.21;9.84;9.44;3.08;1.89
S.Pa.t._left;S.Pa.t.;left;407.94;355.82;23.92;23.96;20.31;19.95;0.0;0.0;3.17;1.13
S.Pa.t._right;S.Pa.t.;right;555.48;475.57;14.68;13.36;9.98;9.16;19.08;17.58;3.27;1.64
S.Pe.C.inf._left;S.Pe.C.inf.;left;121.08;107.61;19.36;18.48;16.4;15.53;0.0;0.0;2.7;0.67
S.Pe.C.inf._right;S.Pe.C.inf.;right;nan;nan;nan;nan;nan;nan;nan;nan;nan;nan
S.Pe.C.inter._left;S.Pe.C.inter.;left;2597.43;2324.98;26.16;25.26;17.53;16.84;76.84;71.96;3.46;1.69
S.Pe.C.inter._right;S.Pe.C.inter.;right;3222.0;2900.69;30.1;28.28;16.59;15.88;98.64;93.12;3.38;1.83
S.Pe.C.marginal._left;S.Pe.C.marginal.;left;786.97;706.18;16.32;15.48;6.93;6.49;18.1;17.6;4.01;1.61
S.Pe.C.marginal._right;S.Pe.C.marginal.;right;109.25;94.83;23.98;22.78;17.69;16.55;0.0;0.0;4.15;0.44
S.Pe.C.median._left;S.Pe.C.median.;left;1257.27;1106.99;18.18;17.06;9.36;8.78;75.68;71.62;2.88;2.69
S.Pe.C.median._right;S.Pe.C.median.;right;1545.79;1382.91;24.18;22.84;12.23;11.51;72.64;69.14;3.58;2.2
S.Pe.C.sup._left;S.Pe.C.sup.;left;408.18;362.17;15.3;14.62;7.52;7.19;34.44;32.02;3.47;2.94
S.Pe.C.sup._right;S.Pe.C.sup.;right;120.32;111.56;11.98;11.48;11.01;10.52;5.28;5.1;3.69;0.82
S.Po.C.sup._left;S.Po.C.sup.;left;125.6;107.79;8.3;7.52;6.42;5.82;13.4;12.64;3.6;2.35
S.Po.C.sup._right;S.Po.C.sup.;right;568.58;486.15;17.72;16.52;8.69;8.14;34.92;31.92;3.21;2.54
S.R.inf._left;S.R.inf.;left;631.01;575.89;13.6;13.72;7.86;7.83;46.92;42.92;4.27;1.08
S.R.inf._right;S.R.inf.;right;312.07;285.18;10.2;10.22;5.81;5.85;27.32;24.9;4.68;1.62
S.Rh._left;S.Rh.;left;958.61;860.61;24.78;23.74;14.94;14.54;12.06;11.36;4.3;2.49
S.Rh._right;S.Rh.;right;2683.76;2357.86;24.44;23.06;14.24;13.59;81.32;76.24;4.4;0.73
S.T.i.ant._left;S.T.i.ant.;left;2616.44;2388.09;16.16;16.16;8.9;8.72;158.46;148.48;5.04;1.27
S.T.i.ant._right;S.T.i.ant.;right;2399.9;2160.6;17.26;17.0;8.92;8.75;133.86;123.12;4.8;0.91
S.T.i.post._left;S.T.i.post.;left;999.75;904.95;14.74;14.56;9.19;8.9;58.98;55.18;4.92;1.56
S.T.i.post._right;S.T.i.post.;right;3251.11;2913.28;22.78;21.66;12.59;12.15;137.16;128.16;4.13;0.99
S.T.pol._left;S.T.pol.;left;1789.22;1618.59;21.34;20.82;9.46;9.04;103.78;98.08;4.93;1.46
S.T.pol._right;S.T.pol.;right;2903.63;2635.56;18.12;17.04;9.85;9.38;154.4;146.88;5.13;1.63
S.T.s._left;S.T.s.;left;6842.72;6233.93;25.86;25.68;15.35;15.06;208.32;192.82;4.01;0.98
S.T.s._right;S.T.s.;right;6199.9;5670.86;27.12;26.9;15.4;15.17;171.24;157.74;3.72;0.88
S.T.s.ter.asc.ant._left;S.T.s.ter.asc.ant.;left;nan;nan;nan;nan;nan;nan;nan;nan;nan;nan
S.T.s.ter.asc.ant._right;S.T.s.ter.asc.ant.;right;1433.87;1298.95;17.88;17.04;10.15;9.81;80.14;75.16;3.71;1.1
S.T.s.ter.asc.post._left;S.T.s.ter.asc.post.;left;208.83;190.82;14.88;14.62;9.44;9.3;11.78;10.98;4.71;1.32
S.T.s.ter.asc.post._right;S.T.s.ter.asc.post.;right;745.45;677.89;19.92;18.86;10.8;10.36;38.62;36.58;3.62;1.08
S.p.C._left;S.p.C.;left;909.0;805.58;18.1;17.44;10.93;10.44;21.06;20.12;3.27;1.88
S.p.C._right;S.p.C.;right;nan;nan;nan;nan;nan;nan;nan;nan;nan;nan
S.s.P._left;S.s.P.;left;2543.78;2256.14;26.56;25.98;14.72;14.34;82.8;75.58;3.71;1.2
S.s.P._right;S.s.P.;right;1195.32;1067.02;18.6;17.94;9.22;8.99;55.2;50.22;5.9;0.78