sulcus;label;side;surface_talairach;surface_native;maxdepth_talairach;maxdepth_native;meandepth_talairach;meandepth_native;hull_junction_length_talairach;hull_junction_length_native;GM_thickness;opening
F.C.L.a._left;F.C.L.a.;left;2470.14;2432.32;26.28;26.14;16.54;16.43;68.96;68.44;4.87;3.04
F.C.L.a._right;F.C.L.a.;right;3902.16;3837.51;27.38;27.14;14.1;13.93;122.3;121.74;4.43;2.76
F.C.L.p._left;F.C.L.p.;left;2349.21;2318.76;33.56;33.34;15.32;15.25;75.78;75.1;4.05;0.87
F.C.L.p._right;F.C.L.p.;right;6786.86;6681.97;42.48;42.24;19.57;19.52;172.3;170.04;4.03;1.16
F.C.L.r.ant._left;F.C.L.r.ant.;left;624.23;605.5;26.02;26.0;13.15;13.14;18.86;18.5;3.97;1.42
F.C.L.r.ant._right;F.C.L.r.ant.;right;488.72;482.58;22.7;22.48;12.48;12.37;13.98;13.94;3.77;1.0
F.C.L.r.asc._left;F.C.L.r.asc.;left;91.56;90.98;18.66;18.5;9.76;9.73;3.64;3.64;4.26;1.92
F.C.L.r.asc._right;F.C.L.r.asc.;right;820.81;807.04;26.76;26.6;11.16;11.12;43.38;42.66;3.87;1.31
F.C.L.r.diag._left;F.C.L.r.diag.;left;nan;nan;nan;nan;nan;nan;nan;nan;nan;nan
F.C.L.r.diag._right;F.C.L.r.diag.;right;1358.53;1330.15;25.76;25.46;16.44;16.38;47.9;46.94;4.19;1.11
F.C.L.r.retroC.tr._left;F.C.L.r.retroC.tr.;left;639.75;624.52;28.98;28.88;15.67;15.66;18.86;18.44;3.72;0.96
F.C.L.r.retroC.tr._right;F.C.L.r.retroC.tr.;right;nan;nan;nan;nan;nan;nan;nan;nan;nan;nan
F.C.L.r.sc.ant._left;F.C.L.r.sc.ant.;left;nan;nan;nan;nan;nan;nan;nan;nan;nan;nan
F.C.L.r.sc.ant._right;F.C.L.r.sc.ant.;right;nan;nan;nan;nan;nan;nan;nan;nan;nan;nan
F.C.L.r.sc.post._left;F.C.L.r.sc.post.;left;273.23;266.21;25.92;25.92;17.84;17.81;0.0;0.0;4.69;0.86
F.C.L.r.sc.post._right;F.C.L.r.sc.post.;right;327.96;321.23;38.96;38.62;26.3;26.2;0.0;0.0;4.21;0.44
F.C.M.ant._left;F.C.M.ant.;left;1521.41;1503.46;12.44;12.38;7.1;7.09;109.88;108.16;4.76;1.18
F.C.M.ant._right;F.C.M.ant.;right;1644.9;1627.31;15.94;15.84;10.58;10.54;86.18;85.32;4.46;0.7
F.C.M.post._left;F.C.M.post.;left;3949.41;3884.53;19.3;19.2;10.94;10.88;207.64;204.76;3.89;0.89
F.C.M.post._right;F.C.M.post.;right;3975.58;3902.24;20.26;20.22;11.4;11.33;185.54;183.08;4.01;1.08
F.Cal.ant.-Sc.Cal._left;F.Cal.ant.-Sc.Cal.;left;2669.66;2645.64;25.88;25.86;15.87;15.81;85.26;84.62;3.3;0.8
F.Cal.ant.-Sc.Cal._right;F.Cal.ant.-Sc.Cal.;right;2428.63;2402.06;28.22;28.16;14.39;14.32;102.26;101.42;3.55;0.97
F.Coll._left;F.Coll.;left;2286.34;2249.03;16.8;16.66;9.81;9.67;105.96;105.62;3.72;0.78
F.Coll._right;F.Coll.;right;2093.95;2062.25;18.22;18.12;11.66;11.51;86.34;86.0;3.98;0.68
F.I.P.Po.C.inf._left;F.I.P.Po.C.inf.;left;3180.96;3116.83;29.74;29.26;15.59;15.43;102.04;101.1;3.6;1.21
F.I.P.Po.C.inf._right;F.I.P.Po.C.inf.;right;3848.85;3765.59;30.58;30.14;16.74;16.48;126.36;125.36;3.68;1.07
F.I.P._left;F.I.P.;left;3844.02;3765.54;26.46;26.06;11.31;11.2;157.6;155.9;3.81;1.05
F.I.P._right;F.I.P.;right;4730.71;4641.08;26.08;25.54;12.58;12.45;190.1;188.56;3.78;1.13
F.I.P.r.int.1_left;F.I.P.r.int.1;left;31.67;31.42;4.84;4.82;3.02;3.0;8.54;8.54;4.18;2.84
F.I.P.r.int.1_right;F.I.P.r.int.1;right;nan;nan;nan;nan;nan;nan;nan;nan;nan;nan
F.I.P.r.int.2_left;F.I.P.r.int.2;left;440.38;436.4;11.46;11.46;6.99;6.98;30.0;29.74;4.17;1.25
F.I.P.r.int.2_right;F.I.P.r.int.2;right;nan;nan;nan;nan;nan;nan;nan;nan;nan;nan
F.P.O._left;F.P.O.;left;1193.52;1173.81;19.7;19.68;8.68;8.66;77.12;76.12;3.62;0.67
F.P.O._right;F.P.O.;right;1770.11;1742.17;26.38;26.3;13.16;13.14;62.34;61.32;3.37;0.77
INSULA_left;INSULA;left;8399.6;8267.0;40.4;40.1;29.54;29.43;57.3;56.88;4.16;1.02
INSULA_right;INSULA;right;3968.82;3898.57;39.18;39.1;22.97;22.78;0.0;0.0;4.08;0.98
OCCIPITAL_left;OCCIPITAL;left;1710.98;1687.13;14.82;14.82;8.12;8.09;122.86;121.42;3.58;0.83
OCCIPITAL_right;OCCIPITAL;right;2225.98;2185.03;17.64;17.54;8.42;8.38;138.82;137.56;3.96;0.79
S.C.LPC._left;S.C.LPC.;left;nan;nan;nan;nan;nan;nan;nan;nan;nan;nan
S.C.LPC._right;S.C.LPC.;right;nan;nan;nan;nan;nan;nan;nan;nan;nan;nan
S.C._left;S.C.;left;8247.11;8045.17;26.02;25.74;13.16;13.0;329.22;326.32;3.7;1.48
S.C._right;S.C.;right;3785.38;3704.07;27.18;27.02;14.33;14.19;130.38;129.06;3.62;1.39
S.C.sylvian._left;S.C.sylvian.;left;nan;nan;nan;nan;nan;nan;nan;nan;nan;nan
S.C.sylvian._right;S.C.sylvian.;right;425.2;420.77;12.04;12.04;6.42;6.4;33.1;32.8;4.43;1.08
S.Call._left;S.Call.;left;1642.62;1629.44;11.2;11.2;5.44;5.43;166.2;164.34;3.72;1.49
S.Call._right;S.Call.;right;1764.95;1750.03;11.1;11.06;6.26;6.24;166.56;164.54;3.59;1.27
S.Cu._left;S.Cu.;left;914.56;893.86;13.4;13.38;6.8;6.78;76.56;75.58;3.21;0.5
S.Cu._right;S.Cu.;right;872.34;858.56;14.82;14.62;6.79;6.75;72.98;71.96;3.4;0.63
S.F.inf._left;S.F.inf.;left;4211.91;4127.5;29.62;29.44;15.1;15.03;140.48;138.46;3.96;1.26
S.F.inf._right;S.F.inf.;right;1884.15;1864.67;27.06;26.84;15.99;15.95;60.0;59.04;3.58;0.94
S.F.inf.ant._left;S.F.inf.ant.;left;748.74;729.21;18.08;18.06;9.84;9.81;44.72;44.04;3.74;0.94
S.F.inf.ant._right;S.F.inf.ant.;right;1175.69;1161.89;15.54;15.52;6.57;6.56;101.36;100.48;3.86;1.19
S.F.int._left;S.F.int.;left;2387.87;2346.24;14.96;14.8;6.71;6.66;197.6;195.14;4.65;1.6
S.F.int._right;S.F.int.;right;2101.87;2067.16;15.12;15.12;6.24;6.23;185.28;182.48;4.43;1.56
S.F.inter._left;S.F.inter.;left;2457.71;2411.54;20.2;20.04;11.21;11.14;103.52;102.62;3.51;1.25
S.F.inter._right;S.F.inter.;right;3189.98;3130.03;18.28;18.22;10.86;10.79;161.46;159.94;3.76;1.24
S.F.marginal._left;S.F.marginal.;left;1292.35;1269.43;18.08;18.06;10.35;10.33;61.8;61.08;4.09;1.36
S.F.marginal._right;S.F.marginal.;right;1697.43;1681.82;17.14;17.1;9.04;9.02;106.76;105.88;4.06;1.04
S.F.median._left;S.F.median.;left;1312.56;1278.32;14.32;14.18;7.29;7.18;84.68;84.36;4.76;1.94
S.F.median._right;S.F.median.;right;2157.53;2102.35;14.98;14.98;6.98;6.86;159.82;158.68;4.8;1.25
S.F.orbitaire._left;S.F.orbitaire.;left;1455.48;1417.85;14.94;14.94;8.53;8.52;95.32;94.02;4.1;0.95
S.F.orbitaire._right;S.F.orbitaire.;right;761.5;751.88;14.38;14.38;9.15;9.15;40.0;39.62;3.77;0.98
S.F.polaire.tr._left;S.F.polaire.tr.;left;1300.23;1284.0;12.46;12.42;6.11;6.08;118.0;117.32;4.11;2.16
S.F.polaire.tr._right;S.F.polaire.tr.;right;705.98;693.21;9.98;9.92;6.47;6.43;54.94;54.58;5.12;1.83
S.F.sup._left;S.F.sup.;left;4054.65;3958.5;25.18;24.72;13.05;12.89;148.88;148.1;4.35;1.3
S.F.sup._right;S.F.sup.;right;4863.17;4745.89;25.18;24.88;13.03;12.87;178.84;177.64;4.14;1.12
S.GSM._left;S.GSM.;left;176.1;174.75;8.76;8.76;5.81;5.79;14.52;14.46;4.41;1.51
S.Li.ant._left;S.Li.ant.;left;529.34;521.86;8.8;8.76;5.51;5.47;49.86;49.4;4.0;1.39
S.Li.ant._right;S.Li.ant.;right;326.46;320.67;10.5;10.5;6.01;5.96;28.56;28.38;3.93;1.29
S.Li.post._left;S.Li.post.;left;436.31;425.78;15.8;15.62;9.65;9.53;23.84;23.8;3.51;0.98
S.Li.post._right;S.Li.post.;right;760.7;750.24;17.26;17.02;12.58;12.45;36.1;35.96;3.38;0.84
S.O.T.lat.ant._left;S.O.T.lat.ant.;left;2048.11;1996.48;15.26;15.12;9.72;9.54;102.56;102.06;4.4;0.7
S.O.T.lat.ant._right;S.O.T.lat.ant.;right;2177.61;2122.27;18.46;18.24;9.77;9.6;109.82;109.44;4.03;1.02
S.O.T.lat.int._left;S.O.T.lat.int.;left;681.08;667.13;16.08;15.68;10.7;10.49;34.8;34.62;3.6;1.15
S.O.T.lat.int._right;S.O.T.lat.int.;right;428.1;415.28;10.92;10.64;6.48;6.34;32.04;31.98;4.37;0.86
S.O.T.lat.med._left;S.O.T.lat.med.;left;711.04;694.96;18.46;18.08;8.86;8.71;37.5;37.24;4.59;0.78
S.O.T.lat.med._right;S.O.T.lat.med.;right;423.72;414.28;13.04;12.8;6.11;5.98;39.44;39.3;5.17;0.99
S.O.T.lat.post._left;S.O.T.lat.post.;left;1682.3;1653.8;21.2;21.2;17.56;17.44;60.82;60.32;3.98;0.89
S.O.T.lat.post._right;S.O.T.lat.post.;right;1022.73;1001.12;13.76;13.5;8.69;8.54;61.24;60.94;4.56;0.97
S.O.p._left;S.O.p.;left;843.97;820.17;19.88;19.88;15.99;15.82;34.9;34.52;3.13;0.57
S.O.p._right;S.O.p.;right;219.7;214.36;9.36;9.26;5.23;5.18;18.78;18.52;3.46;0.57
S.Olf._left;S.Olf.;left;858.57;840.13;12.14;11.86;7.52;7.39;63.76;63.36;4.44;1.35
S.Olf._right;S.Olf.;right;1502.06;1468.52;14.36;14.12;7.34;7.22;115.28;114.64;4.23;1.58
S.Or._left;S.Or.;left;3256.46;3187.96;24.88;24.86;9.35;9.21;184.24;183.56;4.25;1.34
S.Or._right;S.Or.;right;1614.57;1576.76;15.46;15.18;8.18;8.01;106.64;106.32;3.94;1.13
S.Pa.int._left;S.Pa.int.;left;1239.68;1214.56;18.9;18.44;7.81;7.72;79.5;78.76;4.94;1.29
S.Pa.int._right;S.Pa.int.;right;nan;nan;nan;nan;nan;nan;nan;nan;nan;nan
S.Pa.sup._left;S.Pa.sup.;left;58.59;56.95;7.58;7.52;4.86;4.81;5.14;5.04;6.59;0.59
S.Pa.sup._right;S.Pa.sup.;right;99.22;96.78;9.1;8.96;4.61;4.54;7.78;7.66;4.87;3.79
S.Pa.t._left;S.Pa.t.;left;21.47;21.28;18.34;18.3;17.15;17.11;0.0;0.0;3.13;1.81
S.Pa.t._right;S.Pa.t.;right;1253.68;1230.84;19.76;19.68;11.02;10.95;52.9;52.3;4.26;1.34
S.Pe.C.inf._left;S.Pe.C.inf.;left;nan;nan;nan;nan;nan;nan;nan;nan;nan;nan
S.Pe.C.inf._right;S.Pe.C.inf.;right;113.35;112.8;10.76;10.76;6.58;6.58;5.16;5.14;4.69;1.17
S.Pe.C.inter._left;S.Pe.C.inter.;left;275.65;273.58;17.66;17.66;7.6;7.56;16.92;16.88;4.63;1.73
S.Pe.C.inter._right;S.Pe.C.inter.;right;1854.83;1817.86;25.52;25.32;14.79;14.59;58.32;57.52;4.08;1.22
S.Pe.C.marginal._left;S.Pe.C.marginal.;left;489.5;477.12;23.3;23.08;13.94;13.78;16.56;16.54;4.51;1.59
S.Pe.C.marginal._right;S.Pe.C.marginal.;right;1507.82;1472.92;24.68;24.14;12.9;12.65;57.96;57.66;3.7;1.8
S.Pe.C.median._left;S.Pe.C.median.;left;130.96;128.29;11.26;11.02;6.63;6.49;9.66;9.64;3.16;2.83
S.Pe.C.median._right;S.Pe.C.median.;right;47.19;46.12;5.1;5.0;4.48;4.4;7.88;7.8;4.29;3.7
S.Pe.C.sup._left;S.Pe.C.sup.;left;149.03;146.78;11.38;11.22;6.64;6.55;9.28;9.22;4.36;1.72
S.Pe.C.sup._right;S.Pe.C.sup.;right;59.14;57.59;18.74;18.52;15.04;14.89;0.0;0.0;3.65;0.48
S.Po.C.sup._left;S.Po.C.sup.;left;607.58;594.72;14.54;14.42;7.92;7.84;35.44;35.22;3.53;1.78
S.Po.C.sup._right;S.Po.C.sup.;right;958.43;939.15;17.26;17.02;10.97;10.86;47.02;46.82;3.92;2.09
S.R.inf._left;S.R.inf.;left;1211.92;1203.74;14.34;14.28;7.78;7.74;84.34;83.56;4.21;1.33
S.R.inf._right;S.R.inf.;right;1298.04;1287.49;14.94;14.94;8.33;8.32;87.78;87.1;4.1;0.85
S.Rh._left;S.Rh.;left;760.11;747.05;12.76;12.62;6.7;6.63;58.96;58.54;5.46;1.07
S.Rh._right;S.Rh.;right;32.12;31.74;4.72;4.62;2.82;2.77;7.14;7.14;4.38;3.72
S.T.i.ant._left;S.T.i.ant.;left;2343.81;2294.65;16.68;16.68;7.84;7.76;174.72;173.2;5.11;0.91
S.T.i.ant._right;S.T.i.ant.;right;2539.9;2500.36;15.18;15.1;8.3;8.23;165.9;164.64;4.79;0.92
S.T.i.post._left;S.T.i.post.;left;976.24;970.77;19.42;19.42;7.71;7.71;64.34;63.98;4.57;1.04
S.T.i.post._right;S.T.i.post.;right;2090.53;2069.51;21.3;21.3;9.44;9.44;105.2;104.56;4.56;0.67
S.T.pol._left;S.T.pol.;left;2061.51;2022.28;16.08;15.74;8.23;8.15;141.02;140.02;4.58;1.31
S.T.pol._right;S.T.pol.;right;1275.16;1249.73;14.52;14.28;8.37;8.29;79.4;78.92;4.58;1.16
S.T.s._left;S.T.s.;left;4410.8;4371.98;25.5;25.46;14.51;14.48;147.02;145.76;4.14;0.89
S.T.s._right;S.T.s.;right;3839.07;3810.23;26.86;26.74;13.54;13.51;148.88;147.6;4.3;0.92
S.T.s.ter.asc.ant._left;S.T.s.ter.asc.ant.;left;1478.92;1453.51;24.42;24.42;14.04;14.01;50.08;49.28;3.84;0.87
S.T.s.ter.asc.ant._right;S.T.s.ter.asc.ant.;right;494.69;490.31;17.32;17.28;8.17;8.16;36.66;36.5;4.11;0.59
S.T.s.ter.asc.post._left;S.T.s.ter.asc.post.;left;2010.93;1989.84;22.22;22.22;13.19;13.18;73.24;72.6;3.7;0.85
S.T.s.ter.asc.post._right;S.T.s.ter.asc.post.;right;2094.37;2054.84;22.3;22.26;13.31;13.31;85.9;84.74;4.25;1.03
S.p.C._left;S.p.C.;left;447.04;437.41;9.48;9.48;6.71;6.69;36.14;35.6;4.02;1.24
S.p.C._right;S.p.C.;right;68.44;66.78;6.3;6.3;4.0;4.0;10.2;10.0;3.99;2.3
S.s.P._left;S.s.P.;left;2592.5;2545.35;23.32;23.22;12.27;12.24;104.6;102.66;3.97;0.75
S.s.P._right;S.s.P.;right;1879.47;1840.99;22.42;22.4;9.8;9.79;104.68;102.5;4.25;0.84