sulcus;label;side;surface_talairach;surface_native;maxdepth_talairach;maxdepth_native;meandepth_talairach;meandepth_native;hull_junction_length_talairach;hull_junction_length_native;GM_thickness;opening
F.C.L.a._left;F.C.L.a.;left;2912.26;2598.59;14.12;13.34;8.25;7.79;101.3;96.14;4.92;2.62
F.C.L.a._right;F.C.L.a.;right;2704.5;2423.25;21.72;20.36;9.14;8.63;86.36;81.6;4.56;2.87
F.C.L.p._left;F.C.L.p.;left;4961.64;4530.95;40.9;40.4;19.77;19.33;106.3;100.3;4.25;1.18
F.C.L.p._right;F.C.L.p.;right;5129.61;4648.0;41.84;41.0;20.45;19.99;118.2;109.72;4.17;1.26
F.C.L.r.ant._left;F.C.L.r.ant.;left;724.7;668.72;19.92;18.96;11.55;11.08;23.84;22.7;3.95;1.35
F.C.L.r.ant._right;F.C.L.r.ant.;right;494.18;460.49;24.16;22.72;16.63;15.67;10.4;10.0;3.62;1.04
F.C.L.r.asc._left;F.C.L.r.asc.;left;953.52;858.36;26.48;24.08;13.78;13.28;32.3;29.16;3.97;1.26
F.C.L.r.asc._right;F.C.L.r.asc.;right;862.36;779.07;27.7;26.06;14.55;14.18;32.78;29.32;4.25;1.32
F.C.L.r.diag._left;F.C.L.r.diag.;left;nan;nan;nan;nan;nan;nan;nan;nan;nan;nan
F.C.L.r.diag._right;F.C.L.r.diag.;right;29.92;26.71;14.6;14.24;12.62;12.36;0.0;0.0;5.16;0.1
F.C.L.r.retroC.tr._left;F.C.L.r.retroC.tr.;left;292.95;269.39;16.72;16.52;10.42;10.33;13.04;11.82;3.87;0.87
F.C.L.r.retroC.tr._right;F.C.L.r.retroC.tr.;right;nan;nan;nan;nan;nan;nan;nan;nan;nan;nan
F.C.L.r.sc.ant._left;F.C.L.r.sc.ant.;left;229.61;202.01;15.32;14.42;13.05;12.39;5.96;5.56;4.55;0.51
F.C.L.r.sc.ant._right;F.C.L.r.sc.ant.;right;nan;nan;nan;nan;nan;nan;nan;nan;nan;nan
F.C.L.r.sc.post._left;F.C.L.r.sc.post.;left;nan;nan;nan;nan;nan;nan;nan;nan;nan;nan
F.C.L.r.sc.post._right;F.C.L.r.sc.post.;right;260.37;234.54;33.1;32.36;23.94;23.27;0.0;0.0;3.74;0.68
F.C.M.ant._left;F.C.M.ant.;left;2466.38;2216.12;16.66;15.96;11.66;11.27;102.88;95.18;4.78;0.91
F.C.M.ant._right;F.C.M.ant.;right;473.59;431.38;11.74;11.5;7.22;7.07;35.22;32.74;5.11;1.36
F.C.M.post._left;F.C.M.post.;left;2405.16;2151.74;21.26;19.88;11.85;11.31;104.02;97.3;3.81;1.84
F.C.M.post._right;F.C.M.post.;right;2394.83;2166.88;18.66;17.86;10.4;10.07;124.48;115.24;3.95;1.59
F.Cal.ant.-Sc.Cal._left;F.Cal.ant.-Sc.Cal.;left;2971.88;2700.62;24.26;23.54;13.45;13.08;129.52;120.74;2.97;1.01
F.Cal.ant.-Sc.Cal._right;F.Cal.ant.-Sc.Cal.;right;3101.72;2834.61;30.18;29.36;15.56;15.16;103.84;96.78;3.11;1.08
F.Coll._left;F.Coll.;left;3586.58;3207.61;18.02;17.6;10.4;9.72;173.3;166.7;3.7;0.85
F.Coll._right;F.Coll.;right;2614.01;2330.31;18.64;17.88;12.11;11.26;107.26;102.72;3.97;0.8
F.I.P.Po.C.inf._left;F.I.P.Po.C.inf.;left;3092.63;2734.68;23.82;22.26;13.47;12.62;105.18;99.4;3.63;2.26
F.I.P.Po.C.inf._right;F.I.P.Po.C.inf.;right;1912.85;1687.38;27.76;25.6;15.08;13.99;74.5;70.64;3.64;1.55
F.I.P._left;F.I.P.;left;5941.5;5191.64;27.68;25.46;15.14;14.01;186.06;174.46;3.59;1.64
F.I.P._right;F.I.P.;right;6945.92;6110.58;25.8;24.3;13.42;12.56;245.46;232.92;3.62;1.51
F.I.P.r.int.1_left;F.I.P.r.int.1;left;50.79;46.73;6.22;5.84;3.93;3.74;6.36;6.08;5.57;1.91
F.I.P.r.int.1_right;F.I.P.r.int.1;right;1035.74;921.69;17.74;17.44;9.33;9.11;64.1;59.0;4.83;1.95
F.I.P.r.int.2_left;F.I.P.r.int.2;left;483.82;441.65;14.74;14.44;9.66;9.47;19.54;18.24;4.61;1.35
F.I.P.r.int.2_right;F.I.P.r.int.2;right;398.35;359.31;12.2;12.04;8.24;8.02;29.08;27.18;4.13;1.37
F.P.O._left;F.P.O.;left;2350.35;2098.2;25.5;24.84;14.77;14.31;71.5;66.6;3.49;0.98
F.P.O._right;F.P.O.;right;2535.39;2275.49;19.42;18.22;11.92;11.33;85.22;78.84;3.52;0.94
INSULA_left;INSULA;left;6623.25;5901.03;41.64;40.68;25.13;24.26;0.0;0.0;4.27;1.0
INSULA_right;INSULA;right;5661.86;5038.11;42.56;42.0;27.37;26.36;0.0;0.0;4.27;1.06
OCCIPITAL_left;OCCIPITAL;left;3249.39;2934.12;16.82;16.36;8.55;8.17;206.84;195.2;3.33;1.14
OCCIPITAL_right;OCCIPITAL;right;4205.64;3786.82;16.44;15.98;8.63;8.26;259.34;245.9;3.36;1.02
S.C.LPC._left;S.C.LPC.;left;nan;nan;nan;nan;nan;nan;nan;nan;nan;nan
S.C.LPC._right;S.C.LPC.;right;nan;nan;nan;nan;nan;nan;nan;nan;nan;nan
S.C._left;S.C.;left;5082.24;4497.82;25.72;24.12;12.78;12.03;215.18;201.48;3.69;2.05
S.C._right;S.C.;right;4615.12;4093.26;26.44;24.86;14.71;13.86;169.32;157.64;3.57;1.9
S.C.sylvian._left;S.C.sylvian.;left;nan;nan;nan;nan;nan;nan;nan;nan;nan;nan
S.C.sylvian._right;S.C.sylvian.;right;242.54;216.35;16.68;16.04;11.58;11.15;5.16;4.82;5.93;0.61
S.Call._left;S.Call.;left;989.65;921.23;9.04;8.84;5.43;5.34;113.24;106.2;3.52;1.69
S.Call._right;S.Call.;right;1320.61;1220.57;9.66;9.34;6.16;6.03;130.02;121.68;3.47;1.32
S.Cu._left;S.Cu.;left;733.43;652.71;13.08;12.8;6.79;6.56;65.68;60.92;2.76;1.06
S.Cu._right;S.Cu.;right;292.1;262.8;13.38;13.26;6.3;6.16;25.42;23.6;3.19;1.41
S.F.inf._left;S.F.inf.;left;1876.55;1702.73;17.16;16.9;8.51;8.21;58.84;54.96;3.69;1.17
S.F.inf._right;S.F.inf.;right;3199.74;2884.1;27.06;26.46;16.21;15.78;109.44;100.1;3.97;1.56
S.F.inf.ant._left;S.F.inf.ant.;left;1248.05;1141.86;19.48;19.1;11.14;10.86;55.84;52.04;3.4;0.81
S.F.inf.ant._right;S.F.inf.ant.;right;2324.59;2114.98;17.78;17.06;10.12;9.83;130.28;121.4;3.69;1.02
S.F.int._left;S.F.int.;left;1444.3;1320.86;13.3;13.16;5.44;5.33;157.7;145.72;4.64;2.55
S.F.int._right;S.F.int.;right;2855.97;2583.12;14.4;14.28;6.66;6.56;221.46;203.2;5.01;1.58
S.F.inter._left;S.F.inter.;left;2311.18;2083.98;18.2;17.28;9.55;9.06;123.42;115.62;3.78;1.52
S.F.inter._right;S.F.inter.;right;2600.2;2368.14;17.36;16.9;9.41;9.05;142.92;134.9;4.01;1.5
S.F.marginal._left;S.F.marginal.;left;1093.71;993.74;16.76;16.3;9.69;9.42;65.68;61.36;3.5;1.59
S.F.marginal._right;S.F.marginal.;right;1375.17;1249.2;16.2;15.78;7.66;7.26;94.1;89.98;4.33;1.4
S.F.median._left;S.F.median.;left;1355.36;1179.83;14.08;12.6;8.64;7.87;82.88;79.02;4.71;2.11
S.F.median._right;S.F.median.;right;1048.2;921.97;12.24;10.92;6.44;5.86;88.26;84.6;4.28;2.31
S.F.orbitaire._left;S.F.orbitaire.;left;806.98;731.4;14.76;14.44;8.11;7.94;56.38;52.16;3.98;1.28
S.F.orbitaire._right;S.F.orbitaire.;right;564.26;517.04;16.68;16.2;10.9;10.62;26.18;24.96;3.91;0.82
S.F.polaire.tr._left;S.F.polaire.tr.;left;711.68;638.55;13.56;12.58;5.86;5.52;72.52;68.8;3.81;2.9
S.F.polaire.tr._right;S.F.polaire.tr.;right;736.0;657.72;8.36;7.8;5.52;5.22;74.06;69.84;3.95;2.91
S.F.sup._left;S.F.sup.;left;5735.7;5053.73;24.66;23.36;14.93;13.87;180.66;171.36;4.04;1.53
S.F.sup._right;S.F.sup.;right;3282.91;2897.63;25.66;23.62;16.56;15.33;106.4;101.04;3.81;1.56
S.GSM._left;S.GSM.;left;172.31;153.98;18.18;17.76;10.09;9.79;10.82;10.26;4.8;1.72
S.Li.ant._left;S.Li.ant.;left;592.07;541.24;10.96;10.5;7.24;7.01;40.96;39.1;3.3;0.98
S.Li.ant._right;S.Li.ant.;right;544.06;483.35;10.26;9.7;6.52;6.13;41.5;39.44;3.97;0.73
S.Li.post._left;S.Li.post.;left;313.74;277.43;10.74;9.9;7.71;7.16;23.12;22.12;3.39;0.87
S.Li.post._right;S.Li.post.;right;125.83;108.94;10.7;9.92;9.33;8.79;8.18;7.48;3.17;0.62
S.O.T.lat.ant._left;S.O.T.lat.ant.;left;1737.27;1519.51;15.76;14.6;8.33;7.59;108.16;103.38;4.64;1.14
S.O.T.lat.ant._right;S.O.T.lat.ant.;right;1522.87;1327.49;15.48;14.62;9.49;8.72;80.72;77.28;4.63;0.9
S.O.T.lat.int._left;S.O.T.lat.int.;left;652.38;591.26;17.48;16.12;9.18;8.34;35.24;34.42;4.11;1.18
S.O.T.lat.int._right;S.O.T.lat.int.;right;123.58;107.23;10.6;9.48;6.64;6.0;9.72;9.4;4.43;1.36
S.O.T.lat.med._left;S.O.T.lat.med.;left;203.43;180.23;16.52;15.5;7.48;6.91;11.0;10.46;5.2;0.83
S.O.T.lat.med._right;S.O.T.lat.med.;right;59.93;54.3;15.52;13.96;11.36;10.29;0.0;0.0;4.49;0.35
S.O.T.lat.post._left;S.O.T.lat.post.;left;2033.84;1829.7;21.08;20.2;15.36;14.41;72.08;69.4;3.78;0.67
S.O.T.lat.post._right;S.O.T.lat.post.;right;2590.19;2292.84;24.88;24.04;12.49;11.58;118.28;113.38;4.2;0.87
S.O.p._left;S.O.p.;left;182.9;167.87;13.66;12.92;10.31;9.77;10.64;10.1;2.78;0.55
S.O.p._right;S.O.p.;right;691.77;630.01;15.06;14.4;9.09;8.74;40.78;38.42;2.88;1.03
S.Olf._left;S.Olf.;left;1171.01;1041.62;13.0;12.0;7.65;7.1;81.88;78.4;4.22;0.98
S.Olf._right;S.Olf.;right;1310.54;1153.36;14.22;12.9;7.54;6.89;93.92;90.6;4.72;1.22
S.Or._left;S.Or.;left;2986.11;2653.42;14.52;13.68;7.81;7.22;209.04;200.34;4.39;1.21
S.Or._right;S.Or.;right;1095.29;966.79;18.28;18.02;9.59;8.9;59.84;57.72;4.59;1.36
S.Pa.int._left;S.Pa.int.;left;1643.16;1452.14;15.0;14.58;8.98;8.55;96.4;90.32;3.48;1.83
S.Pa.int._right;S.Pa.int.;right;1159.72;1031.45;17.12;16.02;9.4;8.91;65.32;61.24;3.58;1.46
S.Pa.sup._left;S.Pa.sup.;left;743.71;676.16;16.8;16.0;11.44;10.86;36.24;34.58;3.21;2.0
S.Pa.sup._right;S.Pa.sup.;right;518.84;466.24;16.72;15.48;9.95;9.35;27.1;26.04;3.57;2.47
S.Pa.t._left;S.Pa.t.;left;814.7;722.78;23.08;22.66;14.57;14.08;25.08;24.2;3.64;2.22
S.Pa.t._right;S.Pa.t.;right;1513.33;1322.79;19.84;18.3;12.14;11.35;23.86;22.76;3.68;1.44
S.Pe.C.inf._left;S.Pe.C.inf.;left;1039.15;923.08;20.52;19.7;14.81;14.31;39.76;36.14;4.97;1.84
S.Pe.C.inf._right;S.Pe.C.inf.;right;nan;nan;nan;nan;nan;nan;nan;nan;nan;nan
S.Pe.C.inter._left;S.Pe.C.inter.;left;966.79;877.42;20.94;20.22;11.1;10.59;37.42;35.16;4.76;1.3
S.Pe.C.inter._right;S.Pe.C.inter.;right;1482.31;1331.13;21.36;20.24;11.36;10.78;66.58;61.34;3.76;1.37
S.Pe.C.marginal._left;S.Pe.C.marginal.;left;289.82;254.71;21.44;20.34;19.46;18.29;5.24;4.86;3.11;1.29
S.Pe.C.marginal._right;S.Pe.C.marginal.;right;1073.95;944.83;23.08;21.5;12.36;11.28;39.68;37.92;4.13;2.0
S.Pe.C.median._left;S.Pe.C.median.;left;64.19;55.93;9.22;8.36;6.0;5.44;6.36;5.98;3.99;3.79
S.Pe.C.median._right;S.Pe.C.median.;right;344.57;310.56;16.94;15.5;8.63;7.91;20.48;19.86;3.8;2.52
S.Pe.C.sup._left;S.Pe.C.sup.;left;244.62;222.59;18.42;17.22;10.97;10.48;8.24;7.9;4.1;1.82
S.Pe.C.sup._right;S.Pe.C.sup.;right;815.73;723.09;20.44;19.3;16.69;15.64;24.18;23.02;3.95;1.3
S.Po.C.sup._left;S.Po.C.sup.;left;338.87;303.86;21.06;19.68;11.27;10.65;11.22;10.42;4.0;1.14
S.Po.C.sup._right;S.Po.C.sup.;right;1753.24;1537.21;25.74;23.84;14.3;13.14;59.4;56.96;3.61;2.2
S.R.inf._left;S.R.inf.;left;1243.6;1165.78;14.86;14.7;7.82;7.66;91.24;86.32;3.94;1.86
S.R.inf._right;S.R.inf.;right;1328.2;1252.57;12.72;12.52;8.18;8.01;94.36;89.64;4.22;1.0
S.Rh._left;S.Rh.;left;864.04;775.05;13.02;12.14;7.39;7.06;66.4;62.2;4.58;1.43
S.Rh._right;S.Rh.;right;402.11;358.83;11.82;11.18;7.15;6.73;27.3;26.08;5.84;1.6
S.T.i.ant._left;S.T.i.ant.;left;3333.44;3020.07;18.96;18.02;10.7;10.26;161.86;152.1;4.71;0.74
S.T.i.ant._right;S.T.i.ant.;right;2970.06;2693.38;17.82;17.04;9.7;9.31;150.02;140.74;4.49;0.78
S.T.i.post._left;S.T.i.post.;left;1649.31;1529.51;20.34;19.9;10.21;9.95;78.18;73.0;4.19;0.83
S.T.i.post._right;S.T.i.post.;right;2253.24;2092.0;21.26;21.06;13.3;13.05;81.82;77.32;4.02;0.8
S.T.pol._left;S.T.pol.;left;1486.93;1329.74;13.08;12.64;6.9;6.51;117.56;111.56;4.74;1.37
S.T.pol._right;S.T.pol.;right;1995.54;1769.2;17.98;17.74;8.26;7.83;128.16;120.56;5.53;1.02
S.T.s._left;S.T.s.;left;5077.63;4633.4;27.88;27.5;14.75;14.44;157.62;147.16;4.33;0.87
S.T.s._right;S.T.s.;right;6065.16;5526.74;28.18;27.68;15.85;15.52;179.3;167.08;4.4;0.89
S.T.s.ter.asc.ant._left;S.T.s.ter.asc.ant.;left;1689.33;1518.15;23.9;23.66;12.79;12.44;64.56;59.6;4.05;1.52
S.T.s.ter.asc.ant._right;S.T.s.ter.asc.ant.;right;327.83;300.68;19.92;19.6;11.63;11.44;12.04;11.08;4.65;1.0
S.T.s.ter.asc.post._left;S.T.s.ter.asc.post.;left;1306.83;1178.02;20.58;20.3;11.77;11.59;54.84;50.0;4.2;1.47
S.T.s.ter.asc.post._right;S.T.s.ter.asc.post.;right;1160.29;1052.33;21.4;21.28;10.85;10.7;50.0;46.64;4.1;1.01
S.p.C._left;S.p.C.;left;189.74;170.08;6.6;6.58;4.45;4.43;28.44;25.5;4.54;2.25
S.p.C._right;S.p.C.;right;203.9;187.15;6.5;6.3;4.82;4.72;24.8;22.46;4.1;2.45
S.s.P._left;S.s.P.;left;1405.25;1274.37;15.84;15.4;8.45;8.31;87.82;81.2;4.12;1.02
S.s.P._right;S.s.P.;right;1046.94;953.55;17.32;16.72;7.99;7.84;72.56;66.46;4.22;1.09