sulcus;label;side;surface_talairach;surface_native;maxdepth_talairach;maxdepth_native;meandepth_talairach;meandepth_native;hull_junction_length_talairach;hull_junction_length_native;GM_thickness;opening
F.C.L.a._left;F.C.L.a.;left;1686.99;1696.44;17.52;17.44;10.2;10.18;63.96;63.88;4.53;3.77
F.C.L.a._right;F.C.L.a.;right;2150.15;2173.67;18.24;18.24;10.69;10.68;92.66;92.36;4.86;3.66
F.C.L.p._left;F.C.L.p.;left;2713.15;2713.92;37.12;37.0;16.46;16.43;50.9;50.88;4.02;1.29
F.C.L.p._right;F.C.L.p.;right;5615.02;5654.84;38.72;38.58;15.45;15.39;174.04;173.86;3.98;1.15
F.C.L.r.ant._left;F.C.L.r.ant.;left;778.9;780.05;20.9;20.74;13.33;13.27;24.84;24.78;3.93;1.49
F.C.L.r.ant._right;F.C.L.r.ant.;right;634.19;632.64;26.28;26.28;15.42;15.42;21.34;21.34;3.82;1.34
F.C.L.r.asc._left;F.C.L.r.asc.;left;667.89;667.75;19.48;19.48;10.61;10.61;26.26;26.26;3.47;1.68
F.C.L.r.asc._right;F.C.L.r.asc.;right;681.27;677.72;26.2;26.2;13.33;13.31;28.5;28.5;4.33;1.42
F.C.L.r.diag._left;F.C.L.r.diag.;left;1158.48;1158.66;23.32;23.22;16.79;16.7;39.34;39.34;4.13;1.46
F.C.L.r.diag._right;F.C.L.r.diag.;right;nan;nan;nan;nan;nan;nan;nan;nan;nan;nan
F.C.L.r.retroC.tr._left;F.C.L.r.retroC.tr.;left;532.45;530.22;16.2;16.1;9.7;9.66;31.44;31.44;4.07;1.3
F.C.L.r.retroC.tr._right;F.C.L.r.retroC.tr.;right;765.63;768.05;16.66;16.62;11.43;11.4;43.12;43.12;3.73;1.53
F.C.L.r.sc.ant._left;F.C.L.r.sc.ant.;left;nan;nan;nan;nan;nan;nan;nan;nan;nan;nan
F.C.L.r.sc.ant._right;F.C.L.r.sc.ant.;right;nan;nan;nan;nan;nan;nan;nan;nan;nan;nan
F.C.L.r.sc.post._left;F.C.L.r.sc.post.;left;91.44;90.49;8.8;8.78;5.42;5.41;8.7;8.68;4.75;0.91
F.C.L.r.sc.post._right;F.C.L.r.sc.post.;right;547.98;546.46;37.64;37.54;21.55;21.49;8.04;8.04;3.57;0.92
F.C.M.ant._left;F.C.M.ant.;left;2259.88;2274.6;14.76;14.76;10.11;10.09;114.98;114.94;4.64;0.82
F.C.M.ant._right;F.C.M.ant.;right;1841.46;1861.14;14.82;14.8;9.74;9.73;108.0;107.98;4.32;0.88
F.C.M.post._left;F.C.M.post.;left;2475.7;2491.95;17.46;17.46;10.41;10.39;134.2;133.92;3.58;1.85
F.C.M.post._right;F.C.M.post.;right;2414.91;2421.65;17.64;17.64;11.63;11.61;118.38;118.2;4.03;1.47
F.Cal.ant.-Sc.Cal._left;F.Cal.ant.-Sc.Cal.;left;3750.36;3767.48;30.8;30.74;13.87;13.81;148.4;148.28;2.93;1.05
F.Cal.ant.-Sc.Cal._right;F.Cal.ant.-Sc.Cal.;right;2985.41;2994.6;30.92;30.7;12.84;12.8;117.24;117.08;3.15;1.11
F.Coll._left;F.Coll.;left;2944.09;2963.53;16.86;16.84;9.78;9.78;161.56;161.06;3.77;0.8
F.Coll._right;F.Coll.;right;2010.29;2031.68;15.72;15.7;10.99;10.99;94.18;93.94;3.88;0.81
F.I.P.Po.C.inf._left;F.I.P.Po.C.inf.;left;2337.25;2348.16;24.38;24.38;13.79;13.79;83.84;83.74;3.1;1.15
F.I.P.Po.C.inf._right;F.I.P.Po.C.inf.;right;2195.12;2218.5;27.22;27.22;16.17;16.17;63.8;63.64;3.2;1.36
F.I.P._left;F.I.P.;left;4834.79;4869.74;27.52;27.52;14.5;14.48;164.06;163.52;3.48;1.65
F.I.P._right;F.I.P.;right;7242.54;7308.45;27.96;27.96;14.53;14.52;239.96;239.38;3.34;1.75
F.I.P.r.int.1_left;F.I.P.r.int.1;left;844.77;839.97;18.42;18.22;9.79;9.72;50.64;50.58;3.5;1.42
F.I.P.r.int.1_right;F.I.P.r.int.1;right;103.41;104.98;11.08;11.06;7.74;7.73;8.14;8.14;4.05;1.12
F.I.P.r.int.2_left;F.I.P.r.int.2;left;124.96;124.84;8.48;8.48;4.53;4.52;18.7;18.7;4.38;2.89
F.I.P.r.int.2_right;F.I.P.r.int.2;right;nan;nan;nan;nan;nan;nan;nan;nan;nan;nan
F.P.O._left;F.P.O.;left;2011.85;2031.78;26.1;26.04;15.0;14.96;80.76;80.66;3.2;1.52
F.P.O._right;F.P.O.;right;2378.01;2399.89;27.46;27.32;17.82;17.78;58.12;58.12;3.47;1.34
INSULA_left;INSULA;left;7437.6;7483.18;38.44;38.34;21.37;21.31;53.06;52.98;3.98;1.48
INSULA_right;INSULA;right;5311.38;5330.89;38.94;38.76;26.83;26.74;0.0;0.0;4.1;1.42
OCCIPITAL_left;OCCIPITAL;left;1587.8;1583.82;14.64;14.62;7.62;7.56;109.8;109.5;3.92;1.41
OCCIPITAL_right;OCCIPITAL;right;3180.28;3184.21;15.32;15.28;7.19;7.14;230.88;229.74;3.56;0.98
S.C.LPC._left;S.C.LPC.;left;25.29;25.47;9.02;9.02;8.32;8.3;0.0;0.0;2.82;2.88
S.C.LPC._right;S.C.LPC.;right;nan;nan;nan;nan;nan;nan;nan;nan;nan;nan
S.C._left;S.C.;left;6022.77;6031.18;26.66;26.66;14.75;14.74;205.26;204.62;3.2;1.74
S.C._right;S.C.;right;3766.15;3781.95;25.64;25.64;15.12;15.11;133.38;133.14;3.45;1.64
S.C.sylvian._left;S.C.sylvian.;left;51.23;52.07;6.9;6.86;4.9;4.89;5.56;5.56;3.76;1.24
S.C.sylvian._right;S.C.sylvian.;right;362.1;363.46;10.6;10.58;7.79;7.78;20.3;20.18;4.41;0.69
S.Call._left;S.Call.;left;2107.74;2114.44;12.48;12.42;6.67;6.65;179.46;179.42;3.49;1.09
S.Call._right;S.Call.;right;1757.79;1765.4;8.8;8.8;6.33;6.32;166.36;166.3;3.67;1.33
S.Cu._left;S.Cu.;left;898.66;905.66;17.38;17.38;8.37;8.36;53.48;53.48;3.15;1.33
S.Cu._right;S.Cu.;right;1027.56;1031.13;13.92;13.84;7.11;7.08;75.74;75.7;3.11;0.7
S.F.inf._left;S.F.inf.;left;2338.39;2331.45;27.52;27.42;13.1;13.05;101.14;100.86;4.04;1.08
S.F.inf._right;S.F.inf.;right;1477.57;1490.04;26.86;26.84;16.75;16.69;45.16;45.14;4.11;1.12
S.F.inf.ant._left;S.F.inf.ant.;left;nan;nan;nan;nan;nan;nan;nan;nan;nan;nan
S.F.inf.ant._right;S.F.inf.ant.;right;1387.78;1374.62;17.14;17.0;9.82;9.76;77.2;77.08;3.77;1.0
S.F.int._left;S.F.int.;left;3070.74;3056.53;15.02;15.0;6.54;6.52;248.82;248.56;4.58;1.45
S.F.int._right;S.F.int.;right;2966.64;2952.15;14.04;14.0;6.43;6.42;244.3;244.08;4.63;1.63
S.F.inter._left;S.F.inter.;left;3135.98;3132.03;18.3;18.3;10.03;10.0;159.36;158.96;3.66;1.08
S.F.inter._right;S.F.inter.;right;3086.99;3088.32;19.04;19.04;9.85;9.83;150.7;150.18;3.67;1.16
S.F.marginal._left;S.F.marginal.;left;310.6;311.05;11.18;11.12;6.83;6.78;22.74;22.7;4.3;1.7
S.F.marginal._right;S.F.marginal.;right;1051.58;1058.06;17.64;17.5;9.3;9.27;59.38;59.38;4.2;1.64
S.F.median._left;S.F.median.;left;860.4;858.66;15.2;15.2;6.18;6.18;74.88;74.64;4.59;2.36
S.F.median._right;S.F.median.;right;304.74;303.57;11.08;11.08;6.18;6.18;28.52;28.46;4.55;3.45
S.F.orbitaire._left;S.F.orbitaire.;left;453.12;451.15;11.88;11.74;6.94;6.88;31.06;31.02;4.26;1.47
S.F.orbitaire._right;S.F.orbitaire.;right;574.68;571.11;12.78;12.7;7.63;7.55;41.38;41.36;4.72;1.24
S.F.polaire.tr._left;S.F.polaire.tr.;left;534.0;529.43;8.2;8.2;5.03;5.02;64.08;63.92;3.95;2.26
S.F.polaire.tr._right;S.F.polaire.tr.;right;460.21;457.14;10.34;10.34;5.28;5.27;52.64;52.42;3.83;2.18
S.F.sup._left;S.F.sup.;left;5230.94;5217.69;23.16;23.16;11.77;11.76;221.42;220.16;3.72;1.61
S.F.sup._right;S.F.sup.;right;3657.57;3668.48;24.64;24.64;11.78;11.78;151.88;151.52;4.32;1.48
S.GSM._left;S.GSM.;left;447.72;450.77;11.7;11.62;7.43;7.42;40.14;40.14;4.03;2.21
S.Li.ant._left;S.Li.ant.;left;656.48;662.61;11.22;11.2;7.02;7.02;50.28;49.96;3.68;0.96
S.Li.ant._right;S.Li.ant.;right;391.79;394.17;9.28;9.28;6.1;6.1;34.1;34.08;3.32;0.91
S.Li.post._left;S.Li.post.;left;419.69;420.41;11.92;11.92;6.82;6.82;34.68;34.58;3.1;1.07
S.Li.post._right;S.Li.post.;right;994.16;1000.16;12.7;12.7;7.94;7.93;69.6;69.48;3.08;0.57
S.O.T.lat.ant._left;S.O.T.lat.ant.;left;143.19;144.41;7.06;7.06;4.01;4.01;18.88;18.88;3.66;1.92
S.O.T.lat.ant._right;S.O.T.lat.ant.;right;936.59;943.85;13.32;13.32;8.75;8.75;50.94;50.78;4.42;0.68
S.O.T.lat.int._left;S.O.T.lat.int.;left;249.08;248.06;7.42;7.42;4.08;4.08;33.32;33.18;4.55;1.6
S.O.T.lat.int._right;S.O.T.lat.int.;right;229.39;229.35;8.22;8.22;4.76;4.76;22.52;22.38;4.63;1.67
S.O.T.lat.med._left;S.O.T.lat.med.;left;2567.87;2576.86;22.14;22.12;15.08;15.08;92.54;92.28;4.1;0.74
S.O.T.lat.med._right;S.O.T.lat.med.;right;725.82;727.96;19.22;19.22;11.45;11.45;31.28;31.2;4.61;0.99
S.O.T.lat.post._left;S.O.T.lat.post.;left;318.99;316.89;15.64;15.64;8.88;8.88;21.54;21.46;5.13;1.1
S.O.T.lat.post._right;S.O.T.lat.post.;right;1742.01;1742.29;21.52;21.52;11.02;11.0;89.3;88.72;4.22;1.12
S.O.p._left;S.O.p.;left;38.6;38.17;5.04;5.04;3.49;3.49;8.08;8.08;3.38;3.18
S.O.p._right;S.O.p.;right;501.56;501.02;13.58;13.42;6.99;6.93;40.78;40.78;3.43;1.13
S.Olf._left;S.Olf.;left;958.5;958.95;13.16;13.16;9.8;9.8;58.76;58.46;4.13;0.83
S.Olf._right;S.Olf.;right;1064.89;1069.64;13.64;13.64;7.92;7.92;81.48;81.14;4.17;1.4
S.Or._left;S.Or.;left;2414.07;2431.38;13.74;13.74;7.3;7.3;174.96;173.88;4.35;1.44
S.Or._right;S.Or.;right;1899.26;1906.68;14.1;14.1;7.27;7.27;141.06;140.12;4.37;1.41
S.Pa.int._left;S.Pa.int.;left;1372.92;1378.32;22.62;22.36;12.45;12.4;40.52;40.4;3.4;1.07
S.Pa.int._right;S.Pa.int.;right;736.61;737.32;17.04;17.04;7.62;7.6;49.56;49.52;4.87;0.93
S.Pa.sup._left;S.Pa.sup.;left;805.9;810.51;17.36;17.36;9.16;9.16;37.32;37.24;3.56;1.9
S.Pa.sup._right;S.Pa.sup.;right;754.86;755.31;16.56;16.56;9.09;9.09;36.12;36.04;4.56;1.5
S.Pa.t._left;S.Pa.t.;left;31.84;32.03;17.18;17.12;15.88;15.83;0.0;0.0;2.71;1.78
S.Pa.t._right;S.Pa.t.;right;nan;nan;nan;nan;nan;nan;nan;nan;nan;nan
S.Pe.C.inf._left;S.Pe.C.inf.;left;267.4;267.32;12.06;12.02;6.97;6.94;16.34;16.3;3.8;1.18
S.Pe.C.inf._right;S.Pe.C.inf.;right;1229.09;1227.04;24.98;24.84;13.8;13.72;50.92;50.88;4.17;1.77
S.Pe.C.inter._left;S.Pe.C.inter.;left;1387.3;1384.95;24.34;24.34;14.08;14.06;47.08;46.96;3.94;1.41
S.Pe.C.inter._right;S.Pe.C.inter.;right;1810.18;1813.8;27.42;27.42;13.22;13.2;63.82;63.74;3.69;1.33
S.Pe.C.marginal._left;S.Pe.C.marginal.;left;338.84;339.67;22.18;22.18;13.29;13.29;17.12;17.1;3.47;1.63
S.Pe.C.marginal._right;S.Pe.C.marginal.;right;749.87;748.17;23.74;23.74;17.23;17.23;24.88;24.88;4.4;1.58
S.Pe.C.median._left;S.Pe.C.median.;left;nan;nan;nan;nan;nan;nan;nan;nan;nan;nan
S.Pe.C.median._right;S.Pe.C.median.;right;nan;nan;nan;nan;nan;nan;nan;nan;nan;nan
S.Pe.C.sup._left;S.Pe.C.sup.;left;100.48;99.5;11.22;11.22;7.23;7.23;7.1;7.0;3.78;1.95
S.Pe.C.sup._right;S.Pe.C.sup.;right;524.89;527.38;14.08;14.08;8.46;8.46;31.0;30.92;3.95;0.95
S.Po.C.sup._left;S.Po.C.sup.;left;289.86;289.81;11.46;11.46;7.45;7.45;21.04;20.98;3.38;2.04
S.Po.C.sup._right;S.Po.C.sup.;right;1214.03;1221.57;23.2;23.2;11.06;11.06;52.54;52.28;2.99;1.93
S.R.inf._left;S.R.inf.;left;413.09;408.87;9.88;9.8;5.19;5.17;47.54;47.46;4.28;1.12
S.R.inf._right;S.R.inf.;right;582.61;576.29;11.62;11.62;6.13;6.11;50.88;50.86;4.16;0.83
S.Rh._left;S.Rh.;left;1393.35;1392.71;15.08;15.08;10.06;10.05;85.48;85.08;4.88;0.95
S.Rh._right;S.Rh.;right;1238.93;1242.51;15.0;14.88;9.19;9.18;81.18;80.82;4.83;0.73
S.T.i.ant._left;S.T.i.ant.;left;2375.04;2382.35;14.78;14.78;7.94;7.93;147.66;147.36;4.28;1.0
S.T.i.ant._right;S.T.i.ant.;right;3094.95;3108.41;16.26;16.26;8.71;8.69;181.74;181.5;4.71;0.71
S.T.i.post._left;S.T.i.post.;left;1561.86;1574.66;19.66;19.48;11.82;11.69;68.18;67.92;3.83;0.85
S.T.i.post._right;S.T.i.post.;right;1929.15;1919.36;22.72;22.52;14.56;14.46;61.12;60.8;4.14;0.72
S.T.pol._left;S.T.pol.;left;1042.23;1051.0;13.72;13.72;7.7;7.67;74.94;74.64;4.7;1.34
S.T.pol._right;S.T.pol.;right;1779.02;1794.81;15.9;15.9;7.95;7.93;131.72;131.16;4.68;1.08
S.T.s._left;S.T.s.;left;5503.69;5540.47;26.18;25.96;14.42;14.36;200.2;200.0;4.35;0.96
S.T.s._right;S.T.s.;right;5785.08;5839.21;27.56;27.46;15.91;15.83;190.94;190.8;4.25;1.06
S.T.s.ter.asc.ant._left;S.T.s.ter.asc.ant.;left;1455.39;1463.95;23.94;23.84;12.62;12.57;58.3;58.28;3.97;1.58
S.T.s.ter.asc.ant._right;S.T.s.ter.asc.ant.;right;685.29;691.72;16.76;16.72;8.67;8.66;45.56;45.5;4.85;1.09
S.T.s.ter.asc.post._left;S.T.s.ter.asc.post.;left;1203.39;1211.97;21.08;20.86;12.39;12.3;51.06;51.02;4.22;1.46
S.T.s.ter.asc.post._right;S.T.s.ter.asc.post.;right;1330.51;1341.12;21.92;21.78;13.43;13.33;54.38;54.16;4.04;0.91
S.p.C._left;S.p.C.;left;92.88;92.61;6.72;6.68;3.97;3.96;17.08;17.08;4.57;3.68
S.p.C._right;S.p.C.;right;74.25;74.95;6.88;6.86;4.58;4.58;8.82;8.82;4.55;4.98
S.s.P._left;S.s.P.;left;1288.32;1288.31;14.8;14.66;8.05;8.04;88.34;88.2;4.59;0.92
S.s.P._right;S.s.P.;right;989.39;992.72;16.0;15.98;8.61;8.6;58.56;58.52;4.3;0.65