sulcus;label;side;surface_talairach;surface_native;maxdepth_talairach;maxdepth_native;meandepth_talairach;meandepth_native;hull_junction_length_talairach;hull_junction_length_native;GM_thickness;opening
F.C.L.a._left;F.C.L.a.;left;2921.1;2776.64;28.16;27.82;11.71;11.44;97.22;94.88;5.12;2.38
F.C.L.a._right;F.C.L.a.;right;3154.94;3004.79;26.82;26.3;13.19;12.84;105.04;102.0;4.5;2.95
F.C.L.p._left;F.C.L.p.;left;3525.4;3355.77;39.64;39.22;18.1;17.85;67.92;65.4;3.84;1.1
F.C.L.p._right;F.C.L.p.;right;5127.59;4900.38;34.36;33.9;14.69;14.49;149.76;144.14;3.88;1.63
F.C.L.r.ant._left;F.C.L.r.ant.;left;800.43;764.96;26.42;25.62;13.24;12.88;26.04;25.14;4.23;1.43
F.C.L.r.ant._right;F.C.L.r.ant.;right;122.29;116.43;25.06;24.9;14.9;14.74;7.16;6.96;3.63;1.39
F.C.L.r.asc._left;F.C.L.r.asc.;left;678.88;658.82;25.8;25.58;12.82;12.73;28.56;27.12;3.93;1.5
F.C.L.r.asc._right;F.C.L.r.asc.;right;1156.74;1115.25;21.34;21.04;12.72;12.57;54.92;52.46;3.16;1.11
F.C.L.r.diag._left;F.C.L.r.diag.;left;nan;nan;nan;nan;nan;nan;nan;nan;nan;nan
F.C.L.r.diag._right;F.C.L.r.diag.;right;nan;nan;nan;nan;nan;nan;nan;nan;nan;nan
F.C.L.r.retroC.tr._left;F.C.L.r.retroC.tr.;left;942.24;897.88;35.12;34.88;15.31;15.21;21.58;20.6;4.17;1.16
F.C.L.r.retroC.tr._right;F.C.L.r.retroC.tr.;right;472.4;454.2;20.42;20.3;10.89;10.77;25.82;24.72;4.35;1.86
F.C.L.r.sc.ant._left;F.C.L.r.sc.ant.;left;nan;nan;nan;nan;nan;nan;nan;nan;nan;nan
F.C.L.r.sc.ant._right;F.C.L.r.sc.ant.;right;nan;nan;nan;nan;nan;nan;nan;nan;nan;nan
F.C.L.r.sc.post._left;F.C.L.r.sc.post.;left;178.68;168.5;13.72;13.58;nan;nan;9.14;8.68;4.11;1.75
F.C.L.r.sc.post._right;F.C.L.r.sc.post.;right;398.77;387.58;39.22;38.5;23.18;22.81;0.0;0.0;3.74;0.78
F.C.M.ant._left;F.C.M.ant.;left;1868.33;1774.12;15.32;15.08;9.43;9.31;100.74;95.92;4.46;0.94
F.C.M.ant._right;F.C.M.ant.;right;1584.21;1493.01;15.32;15.08;10.15;10.04;81.68;77.9;4.28;0.79
F.C.M.post._left;F.C.M.post.;left;3436.0;3272.86;18.66;18.4;12.43;12.19;158.68;152.76;3.74;1.42
F.C.M.post._right;F.C.M.post.;right;3033.1;2878.27;20.8;20.42;11.14;10.96;143.16;137.1;3.96;1.43
F.Cal.ant.-Sc.Cal._left;F.Cal.ant.-Sc.Cal.;left;2258.45;2166.91;29.9;29.66;13.29;13.09;95.38;92.2;3.49;1.23
F.Cal.ant.-Sc.Cal._right;F.Cal.ant.-Sc.Cal.;right;2018.49;1942.34;21.2;20.88;11.8;11.6;77.68;75.08;3.62;1.12
F.Coll._left;F.Coll.;left;3401.82;3220.03;18.18;17.56;12.12;11.75;148.22;144.64;3.74;0.88
F.Coll._right;F.Coll.;right;2713.8;2570.76;18.46;17.6;12.55;12.1;113.56;110.6;3.71;0.81
F.I.P.Po.C.inf._left;F.I.P.Po.C.inf.;left;2437.74;2318.22;24.04;23.16;12.07;11.7;100.38;97.5;3.4;1.73
F.I.P.Po.C.inf._right;F.I.P.Po.C.inf.;right;1470.42;1389.47;22.16;21.28;13.77;13.34;48.46;47.12;3.54;1.86
F.I.P._left;F.I.P.;left;6377.25;5977.96;27.8;26.86;13.8;13.29;224.42;218.76;3.36;1.54
F.I.P._right;F.I.P.;right;5747.95;5411.73;25.8;24.9;12.16;11.71;239.2;232.36;3.51;1.88
F.I.P.r.int.1_left;F.I.P.r.int.1;left;192.7;184.93;10.68;10.48;7.02;6.87;18.8;17.98;4.16;2.86
F.I.P.r.int.1_right;F.I.P.r.int.1;right;851.76;812.37;17.84;17.6;10.23;10.09;43.98;42.6;3.68;1.56
F.I.P.r.int.2_left;F.I.P.r.int.2;left;408.71;390.09;13.82;13.6;9.54;9.39;24.26;23.74;3.69;1.8
F.I.P.r.int.2_right;F.I.P.r.int.2;right;175.5;171.62;8.2;8.12;6.73;6.62;15.52;15.06;3.59;1.01
F.P.O._left;F.P.O.;left;2681.79;2533.52;30.06;29.14;14.75;14.46;101.66;98.06;3.63;1.44
F.P.O._right;F.P.O.;right;4523.13;4279.48;30.44;29.9;16.19;15.92;152.66;146.62;3.61;1.03
INSULA_left;INSULA;left;7883.96;7477.25;39.74;39.44;27.77;27.31;49.64;48.1;3.99;1.27
INSULA_right;INSULA;right;5900.35;5582.8;41.52;40.98;27.91;27.43;24.52;23.46;3.9;1.35
OCCIPITAL_left;OCCIPITAL;left;2131.12;2031.27;13.94;13.68;7.42;7.24;150.22;145.94;3.88;1.01
OCCIPITAL_right;OCCIPITAL;right;2938.85;2809.77;16.94;16.62;9.07;8.88;161.3;157.32;3.6;0.85
S.C.LPC._left;S.C.LPC.;left;nan;nan;nan;nan;nan;nan;nan;nan;nan;nan
S.C.LPC._right;S.C.LPC.;right;nan;nan;nan;nan;nan;nan;nan;nan;nan;nan
S.C._left;S.C.;left;5146.82;4877.17;24.2;23.64;11.82;11.46;212.1;205.62;3.5;2.05
S.C._right;S.C.;right;5113.1;4883.1;26.96;26.18;14.56;14.15;192.78;187.18;3.33;1.91
S.C.sylvian._left;S.C.sylvian.;left;nan;nan;nan;nan;nan;nan;nan;nan;nan;nan
S.C.sylvian._right;S.C.sylvian.;right;nan;nan;nan;nan;nan;nan;nan;nan;nan;nan
S.Call._left;S.Call.;left;1535.7;1472.59;10.0;9.8;6.24;6.18;139.94;134.18;3.36;1.32
S.Call._right;S.Call.;right;1616.05;1549.65;9.78;9.72;5.91;5.85;163.76;157.12;3.41;1.33
S.Cu._left;S.Cu.;left;1024.42;976.65;16.06;15.92;8.79;8.61;58.78;56.88;3.72;1.15
S.Cu._right;S.Cu.;right;707.64;670.23;12.3;11.82;7.39;7.18;57.18;55.34;3.77;0.96
S.F.inf._left;S.F.inf.;left;1045.13;992.27;24.36;24.06;16.53;16.3;33.68;32.64;4.27;1.73
S.F.inf._right;S.F.inf.;right;1236.5;1182.9;25.68;25.16;17.63;17.39;30.98;29.72;3.6;1.13
S.F.inf.ant._left;S.F.inf.ant.;left;942.92;916.61;16.48;16.12;9.58;9.43;55.54;53.64;3.61;1.13
S.F.inf.ant._right;S.F.inf.ant.;right;1614.29;1564.68;15.96;15.68;9.3;9.15;102.08;98.48;3.8;1.34
S.F.int._left;S.F.int.;left;2676.02;2584.82;14.92;14.76;6.23;6.15;235.32;225.68;4.17;2.02
S.F.int._right;S.F.int.;right;2211.8;2145.77;17.36;17.16;6.81;6.74;180.22;172.66;4.22;1.84
S.F.inter._left;S.F.inter.;left;1525.16;1451.5;17.36;17.02;8.99;8.76;85.4;82.42;3.43;1.25
S.F.inter._right;S.F.inter.;right;2382.59;2274.32;16.84;16.56;9.74;9.51;131.82;127.86;3.69;1.82
S.F.marginal._left;S.F.marginal.;left;1163.14;1099.58;17.28;16.86;9.5;9.26;68.5;66.3;3.85;1.41
S.F.marginal._right;S.F.marginal.;right;1613.69;1542.92;17.8;17.42;9.63;9.38;94.04;91.84;3.87;1.49
S.F.median._left;S.F.median.;left;1951.43;1855.27;16.22;15.78;8.07;7.75;136.66;132.76;3.6;2.22
S.F.median._right;S.F.median.;right;1478.82;1416.12;15.38;14.66;6.27;6.01;132.62;130.28;4.14;2.07
S.F.orbitaire._left;S.F.orbitaire.;left;658.68;641.01;12.04;11.86;6.84;6.73;53.62;52.14;3.84;1.78
S.F.orbitaire._right;S.F.orbitaire.;right;485.77;471.79;16.18;15.96;8.37;8.23;34.72;33.92;3.56;1.29
S.F.polaire.tr._left;S.F.polaire.tr.;left;631.63;607.74;9.04;8.76;5.64;5.48;67.0;65.58;3.42;2.4
S.F.polaire.tr._right;S.F.polaire.tr.;right;849.98;813.07;9.88;9.52;5.72;5.51;84.82;82.48;3.64;2.04
S.F.sup._left;S.F.sup.;left;4786.74;4537.13;23.16;22.34;12.38;11.97;197.84;192.66;3.83;1.53
S.F.sup._right;S.F.sup.;right;2773.46;2643.24;20.98;20.12;11.93;11.48;107.56;105.12;3.53;1.91
S.GSM._left;S.GSM.;left;101.93;96.06;9.66;9.44;5.94;5.82;7.02;6.78;4.11;3.04
S.Li.ant._left;S.Li.ant.;left;159.33;151.94;7.86;7.7;4.44;4.33;16.68;16.22;4.32;1.77
S.Li.ant._right;S.Li.ant.;right;159.08;152.26;7.42;7.24;5.26;5.13;19.92;19.32;3.98;1.73
S.Li.post._left;S.Li.post.;left;335.13;316.71;12.36;11.82;8.41;8.1;20.78;20.24;3.45;0.75
S.Li.post._right;S.Li.post.;right;181.42;172.68;13.52;13.1;8.54;8.21;10.24;9.86;3.11;0.97
S.O.T.lat.ant._left;S.O.T.lat.ant.;left;70.62;66.11;6.52;6.32;4.87;4.69;6.14;5.84;5.45;3.12
S.O.T.lat.ant._right;S.O.T.lat.ant.;right;1439.65;1358.49;15.72;15.08;9.17;8.78;83.54;81.74;5.07;0.85
S.O.T.lat.int._left;S.O.T.lat.int.;left;252.2;240.85;7.94;7.62;5.23;5.0;24.18;23.72;4.47;1.17
S.O.T.lat.int._right;S.O.T.lat.int.;right;460.31;435.73;9.98;9.48;5.76;5.48;44.58;43.92;4.74;1.37
S.O.T.lat.med._left;S.O.T.lat.med.;left;1440.95;1373.78;19.44;19.28;12.8;12.4;53.86;52.8;4.61;1.36
S.O.T.lat.med._right;S.O.T.lat.med.;right;746.72;698.05;21.16;20.66;14.0;13.56;27.84;26.86;4.07;0.91
S.O.T.lat.post._left;S.O.T.lat.post.;left;2809.58;2682.27;21.38;21.0;13.02;12.64;116.32;113.34;4.32;1.01
S.O.T.lat.post._right;S.O.T.lat.post.;right;898.97;873.57;17.74;17.32;11.05;10.71;47.16;46.38;3.98;1.0
S.O.p._left;S.O.p.;left;nan;nan;nan;nan;nan;nan;nan;nan;nan;nan
S.O.p._right;S.O.p.;right;72.17;68.35;6.92;6.74;4.52;4.4;9.64;9.46;4.26;2.38
S.Olf._left;S.Olf.;left;1179.0;1106.93;13.9;13.38;9.02;8.67;75.0;72.92;4.18;0.93
S.Olf._right;S.Olf.;right;1263.31;1189.58;13.5;12.94;8.18;7.88;92.1;88.98;4.14;0.95
S.Or._left;S.Or.;left;2542.87;2397.67;14.28;13.54;7.93;7.61;168.76;164.28;4.55;1.27
S.Or._right;S.Or.;right;2414.64;2294.99;14.88;14.2;7.55;7.3;186.64;181.76;4.38;1.46
S.Pa.int._left;S.Pa.int.;left;917.91;864.07;22.82;22.42;9.96;9.76;44.4;42.94;3.85;1.48
S.Pa.int._right;S.Pa.int.;right;440.33;417.69;17.46;17.1;5.95;5.83;35.96;34.42;3.73;1.69
S.Pa.sup._left;S.Pa.sup.;left;416.01;394.25;11.74;11.22;7.08;6.88;26.64;25.76;3.15;2.75
S.Pa.sup._right;S.Pa.sup.;right;421.12;397.66;13.36;12.86;6.99;6.8;30.52;29.96;3.35;2.35
S.Pa.t._left;S.Pa.t.;left;195.02;185.93;19.7;19.3;14.41;14.02;0.0;0.0;2.82;1.01
S.Pa.t._right;S.Pa.t.;right;623.22;589.04;24.2;23.86;17.16;16.85;0.0;0.0;3.41;1.07
S.Pe.C.inf._left;S.Pe.C.inf.;left;1045.33;1000.56;22.24;21.82;13.12;12.92;41.66;39.8;4.17;2.1
S.Pe.C.inf._right;S.Pe.C.inf.;right;969.73;936.56;25.1;24.58;15.7;15.46;32.0;30.54;4.34;1.7
S.Pe.C.inter._left;S.Pe.C.inter.;left;1719.81;1650.33;25.1;24.5;14.83;14.47;64.34;62.18;3.69;1.36
S.Pe.C.inter._right;S.Pe.C.inter.;right;1888.01;1812.41;24.8;24.34;12.68;12.36;76.72;74.44;3.61;1.5
S.Pe.C.marginal._left;S.Pe.C.marginal.;left;30.48;28.8;16.8;16.28;14.83;14.32;0.0;0.0;3.44;1.5
S.Pe.C.marginal._right;S.Pe.C.marginal.;right;63.95;60.08;5.44;5.24;3.68;3.56;10.76;10.42;4.01;2.83
S.Pe.C.median._left;S.Pe.C.median.;left;35.18;33.36;4.96;4.76;2.86;2.74;5.6;5.52;5.36;4.38
S.Pe.C.median._right;S.Pe.C.median.;right;272.08;254.99;15.88;15.22;8.38;8.04;14.96;14.58;3.42;2.43
S.Pe.C.sup._left;S.Pe.C.sup.;left;71.52;69.8;12.04;11.7;8.06;7.87;0.72;0.7;4.09;1.01
S.Pe.C.sup._right;S.Pe.C.sup.;right;1060.25;1010.18;20.34;19.6;12.62;12.27;37.9;36.94;3.86;1.43
S.Po.C.sup._left;S.Po.C.sup.;left;666.03;627.36;24.78;24.06;12.29;11.91;32.04;31.22;3.05;1.98
S.Po.C.sup._right;S.Po.C.sup.;right;1256.35;1189.84;20.94;20.46;13.55;13.06;49.1;47.96;3.11;2.09
S.R.inf._left;S.R.inf.;left;1295.6;1267.32;15.12;14.84;8.3;8.2;90.86;87.5;4.38;0.8
S.R.inf._right;S.R.inf.;right;820.19;805.57;13.7;13.58;7.24;7.18;54.88;52.48;3.8;1.18
S.Rh._left;S.Rh.;left;1593.34;1498.61;17.1;16.74;11.35;11.01;75.0;72.5;4.92;0.95
S.Rh._right;S.Rh.;right;1262.03;1195.1;16.32;15.96;8.13;7.86;87.6;85.12;5.74;0.6
S.T.i.ant._left;S.T.i.ant.;left;1954.76;1858.26;19.52;19.14;9.66;9.42;101.28;98.7;5.41;0.94
S.T.i.ant._right;S.T.i.ant.;right;3103.4;2971.8;18.38;17.74;11.28;11.02;149.56;145.34;4.86;0.89
S.T.i.post._left;S.T.i.post.;left;1031.99;1007.97;17.76;17.44;8.86;8.73;67.12;65.08;4.8;0.99
S.T.i.post._right;S.T.i.post.;right;2026.15;1931.28;20.86;20.5;9.25;9.09;106.92;103.32;4.48;0.79
S.T.pol._left;S.T.pol.;left;635.39;597.52;15.84;15.34;10.02;9.58;37.96;37.36;5.22;0.9
S.T.pol._right;S.T.pol.;right;565.62;531.85;14.48;13.82;9.14;8.74;31.46;31.04;6.08;0.89
S.T.s._left;S.T.s.;left;5511.81;5250.53;24.52;24.08;13.45;13.24;198.52;191.8;4.25;0.92
S.T.s._right;S.T.s.;right;6395.55;6110.1;29.34;29.12;16.15;15.95;201.88;194.3;4.03;1.23
S.T.s.ter.asc.ant._left;S.T.s.ter.asc.ant.;left;2150.67;2045.94;24.32;24.1;13.48;13.26;74.14;71.64;3.41;1.55
S.T.s.ter.asc.ant._right;S.T.s.ter.asc.ant.;right;136.6;132.01;20.18;19.92;10.84;10.68;13.36;13.0;3.24;2.32
S.T.s.ter.asc.post._left;S.T.s.ter.asc.post.;left;1640.23;1570.26;19.72;19.48;13.07;12.85;62.94;61.22;3.51;1.14
S.T.s.ter.asc.post._right;S.T.s.ter.asc.post.;right;1554.11;1477.27;22.64;22.5;14.34;14.17;55.7;53.78;3.37;1.12
S.p.C._left;S.p.C.;left;94.24;92.15;6.84;6.72;4.44;4.38;12.64;12.04;4.45;4.31
S.p.C._right;S.p.C.;right;276.67;270.34;8.54;8.5;6.05;6.0;27.14;25.94;3.83;2.79
S.s.P._left;S.s.P.;left;958.76;912.55;15.42;15.28;9.59;9.53;53.5;50.8;3.96;1.01
S.s.P._right;S.s.P.;right;1122.88;1075.45;15.3;15.1;8.08;8.04;69.52;66.3;4.26;0.82