sulcus;label;side;surface_talairach;surface_native;maxdepth_talairach;maxdepth_native;meandepth_talairach;meandepth_native;hull_junction_length_talairach;hull_junction_length_native;GM_thickness;opening
F.C.L.a._left;F.C.L.a.;left;2381.54;2367.28;20.38;20.28;9.48;9.4;112.2;111.22;5.24;2.55
F.C.L.a._right;F.C.L.a.;right;2527.34;2522.28;19.68;19.44;10.13;10.04;99.86;99.12;4.84;2.85
F.C.L.p._left;F.C.L.p.;left;3242.97;3226.56;33.58;33.44;16.11;16.0;96.56;95.74;3.75;1.08
F.C.L.p._right;F.C.L.p.;right;5637.55;5620.48;43.3;43.06;20.58;20.42;127.74;126.8;4.14;1.18
F.C.L.r.ant._left;F.C.L.r.ant.;left;694.05;690.68;23.42;23.2;11.56;11.46;29.14;28.9;4.22;1.37
F.C.L.r.ant._right;F.C.L.r.ant.;right;630.86;624.83;29.28;28.96;18.2;18.02;11.66;11.64;4.49;1.04
F.C.L.r.asc._left;F.C.L.r.asc.;left;735.05;722.48;22.72;22.36;8.41;8.34;34.54;34.3;4.42;1.28
F.C.L.r.asc._right;F.C.L.r.asc.;right;1179.69;1162.54;22.2;21.98;11.82;11.72;48.56;48.12;3.71;1.23
F.C.L.r.diag._left;F.C.L.r.diag.;left;1043.18;1024.98;24.34;24.14;16.0;15.89;39.86;39.5;3.83;1.57
F.C.L.r.diag._right;F.C.L.r.diag.;right;nan;nan;nan;nan;nan;nan;nan;nan;nan;nan
F.C.L.r.retroC.tr._left;F.C.L.r.retroC.tr.;left;874.49;863.3;31.94;31.7;17.44;17.35;32.22;31.96;3.15;1.03
F.C.L.r.retroC.tr._right;F.C.L.r.retroC.tr.;right;914.18;906.43;18.12;18.04;13.51;13.42;40.36;40.08;3.53;1.14
F.C.L.r.sc.ant._left;F.C.L.r.sc.ant.;left;nan;nan;nan;nan;nan;nan;nan;nan;nan;nan
F.C.L.r.sc.ant._right;F.C.L.r.sc.ant.;right;nan;nan;nan;nan;nan;nan;nan;nan;nan;nan
F.C.L.r.sc.post._left;F.C.L.r.sc.post.;left;nan;nan;nan;nan;nan;nan;nan;nan;nan;nan
F.C.L.r.sc.post._right;F.C.L.r.sc.post.;right;222.51;218.73;27.66;27.46;19.25;19.13;0.0;0.0;3.68;0.64
F.C.M.ant._left;F.C.M.ant.;left;1746.86;1734.59;14.18;14.12;8.79;8.73;105.74;104.74;4.43;1.15
F.C.M.ant._right;F.C.M.ant.;right;1885.56;1869.85;15.46;15.36;9.38;9.32;98.5;97.6;4.46;0.93
F.C.M.post._left;F.C.M.post.;left;2408.58;2402.55;20.04;19.8;11.14;11.05;125.06;124.02;3.74;1.56
F.C.M.post._right;F.C.M.post.;right;2106.98;2091.01;19.28;19.16;9.88;9.81;123.58;122.36;4.04;1.39
F.Cal.ant.-Sc.Cal._left;F.Cal.ant.-Sc.Cal.;left;2654.59;2637.71;30.58;30.3;14.59;14.47;96.94;96.14;3.34;0.99
F.Cal.ant.-Sc.Cal._right;F.Cal.ant.-Sc.Cal.;right;2770.0;2756.61;29.52;29.3;16.43;16.32;85.06;84.4;3.08;0.86
F.Coll._left;F.Coll.;left;3402.54;3372.78;18.28;18.04;11.41;11.31;157.86;156.62;3.97;0.89
F.Coll._right;F.Coll.;right;2220.33;2214.3;18.54;18.44;11.29;11.2;104.18;103.48;3.96;0.77
F.I.P.Po.C.inf._left;F.I.P.Po.C.inf.;left;2588.19;2565.75;24.74;24.42;13.99;13.84;83.64;83.06;3.54;1.82
F.I.P.Po.C.inf._right;F.I.P.Po.C.inf.;right;3068.4;3054.65;25.12;24.74;14.6;14.46;102.08;101.1;3.16;1.65
F.I.P._left;F.I.P.;left;5915.63;5881.89;30.86;30.54;15.11;14.96;194.02;192.26;3.45;1.23
F.I.P._right;F.I.P.;right;7497.27;7459.15;30.88;30.5;14.44;14.3;257.18;255.5;3.6;1.14
F.I.P.r.int.1_left;F.I.P.r.int.1;left;275.13;271.98;11.8;11.7;7.22;7.15;22.1;21.92;3.99;1.64
F.I.P.r.int.1_right;F.I.P.r.int.1;right;199.65;198.33;10.74;10.7;7.36;7.33;15.04;14.9;4.82;1.11
F.I.P.r.int.2_left;F.I.P.r.int.2;left;171.8;171.82;12.6;12.54;7.97;7.92;9.94;9.86;4.2;1.53
F.I.P.r.int.2_right;F.I.P.r.int.2;right;52.14;51.84;5.14;5.1;3.54;3.51;11.16;11.08;4.28;2.17
F.P.O._left;F.P.O.;left;2537.66;2520.76;26.44;26.24;13.49;13.4;93.7;92.56;3.65;1.05
F.P.O._right;F.P.O.;right;2094.44;2086.24;31.84;31.66;18.34;18.24;59.86;59.18;3.71;0.81
INSULA_left;INSULA;left;7473.65;7421.04;39.74;39.54;26.36;26.13;45.06;44.7;4.06;1.52
INSULA_right;INSULA;right;4893.14;4841.01;39.3;39.0;17.22;17.1;0.0;0.0;4.34;1.15
OCCIPITAL_left;OCCIPITAL;left;3803.8;3767.09;17.26;17.1;9.13;9.04;225.02;223.36;3.28;0.7
OCCIPITAL_right;OCCIPITAL;right;4630.9;4586.09;16.5;16.34;8.56;8.48;272.14;270.3;3.39;0.59
S.C.LPC._left;S.C.LPC.;left;nan;nan;nan;nan;nan;nan;nan;nan;nan;nan
S.C.LPC._right;S.C.LPC.;right;nan;nan;nan;nan;nan;nan;nan;nan;nan;nan
S.C._left;S.C.;left;4814.06;4747.45;24.0;23.82;12.31;12.22;204.24;202.76;3.45;1.56
S.C._right;S.C.;right;3770.37;3731.98;24.52;24.34;12.6;12.51;167.22;166.16;3.53;1.9
S.C.sylvian._left;S.C.sylvian.;left;nan;nan;nan;nan;nan;nan;nan;nan;nan;nan
S.C.sylvian._right;S.C.sylvian.;right;84.37;83.2;15.44;15.32;11.36;11.26;0.0;0.0;3.46;0.96
S.Call._left;S.Call.;left;1334.11;1325.38;10.32;10.18;6.1;6.06;131.28;130.22;3.25;1.96
S.Call._right;S.Call.;right;1671.34;1662.69;9.82;9.76;6.19;6.15;162.3;161.04;3.13;1.82
S.Cu._left;S.Cu.;left;717.59;717.45;13.24;13.16;6.62;6.58;57.22;56.82;3.22;0.74
S.Cu._right;S.Cu.;right;1159.62;1154.74;16.86;16.68;8.1;8.05;77.14;76.54;3.18;0.82
S.F.inf._left;S.F.inf.;left;1590.35;1581.54;22.58;22.46;12.71;12.63;65.76;65.0;3.68;1.34
S.F.inf._right;S.F.inf.;right;1236.74;1237.59;23.18;23.02;16.05;15.9;35.68;35.34;3.84;1.17
S.F.inf.ant._left;S.F.inf.ant.;left;102.58;100.86;6.6;6.58;4.3;4.28;14.12;13.96;4.74;2.48
S.F.inf.ant._right;S.F.inf.ant.;right;1165.06;1152.65;17.62;17.42;10.08;9.98;60.6;60.24;3.62;1.37
S.F.int._left;S.F.int.;left;2394.01;2377.84;14.38;14.26;6.24;6.2;220.96;218.96;4.18;1.74
S.F.int._right;S.F.int.;right;2267.19;2240.28;14.22;14.1;6.46;6.42;198.76;197.06;4.32;1.79
S.F.inter._left;S.F.inter.;left;2118.29;2088.04;17.02;16.9;8.63;8.57;133.28;132.0;3.73;1.38
S.F.inter._right;S.F.inter.;right;2452.89;2427.23;19.52;19.44;8.69;8.63;150.1;148.7;3.6;1.75
S.F.marginal._left;S.F.marginal.;left;916.69;910.63;15.0;14.84;9.03;8.94;53.16;52.68;3.95;1.51
S.F.marginal._right;S.F.marginal.;right;1427.77;1420.75;16.64;16.44;8.73;8.65;87.1;86.5;3.99;1.51
S.F.median._left;S.F.median.;left;1627.22;1601.46;20.1;20.04;8.69;8.62;87.88;87.02;4.08;2.1
S.F.median._right;S.F.median.;right;818.55;805.06;11.3;11.2;6.32;6.29;71.66;71.16;4.46;2.01
S.F.orbitaire._left;S.F.orbitaire.;left;543.44;534.9;12.42;12.28;7.73;7.65;36.5;36.22;3.45;1.44
S.F.orbitaire._right;S.F.orbitaire.;right;173.05;172.85;9.36;9.26;5.66;5.6;16.88;16.78;3.91;1.04
S.F.polaire.tr._left;S.F.polaire.tr.;left;520.39;514.7;10.68;10.62;5.38;5.35;58.48;57.96;3.66;3.18
S.F.polaire.tr._right;S.F.polaire.tr.;right;575.9;567.8;8.8;8.68;5.4;5.36;58.54;58.04;3.35;2.97
S.F.sup._left;S.F.sup.;left;4569.82;4502.95;24.9;24.72;11.86;11.77;189.9;188.12;3.9;1.43
S.F.sup._right;S.F.sup.;right;3225.87;3186.36;23.84;23.66;12.99;12.87;124.8;123.66;3.66;1.56
S.GSM._left;S.GSM.;left;nan;nan;nan;nan;nan;nan;nan;nan;nan;nan
S.Li.ant._left;S.Li.ant.;left;67.89;67.18;7.28;7.26;5.23;5.21;6.62;6.54;3.68;1.26
S.Li.ant._right;S.Li.ant.;right;462.64;463.76;11.02;10.96;8.4;8.33;30.12;29.94;3.85;0.76
S.Li.post._left;S.Li.post.;left;1089.84;1078.6;14.78;14.68;7.61;7.56;81.18;80.36;3.69;1.12
S.Li.post._right;S.Li.post.;right;873.83;864.47;12.68;12.58;7.23;7.18;68.78;68.1;3.67;0.85
S.O.T.lat.ant._left;S.O.T.lat.ant.;left;586.41;583.83;14.52;14.38;11.84;11.73;28.3;28.08;3.64;1.11
S.O.T.lat.ant._right;S.O.T.lat.ant.;right;1609.07;1593.16;16.94;16.8;9.42;9.34;80.12;79.38;4.69;0.78
S.O.T.lat.int._left;S.O.T.lat.int.;left;454.6;449.61;8.04;8.04;5.24;5.22;51.54;51.1;4.86;0.95
S.O.T.lat.int._right;S.O.T.lat.int.;right;265.69;261.49;10.9;10.78;5.21;5.16;26.14;26.04;4.67;2.39
S.O.T.lat.med._left;S.O.T.lat.med.;left;671.97;666.12;17.72;17.6;10.39;10.33;34.48;34.22;4.19;0.66
S.O.T.lat.med._right;S.O.T.lat.med.;right;164.84;163.05;9.42;9.34;4.56;4.54;13.86;13.74;5.24;0.85
S.O.T.lat.post._left;S.O.T.lat.post.;left;2040.19;2024.84;24.22;23.98;13.32;13.21;74.02;73.5;4.26;0.66
S.O.T.lat.post._right;S.O.T.lat.post.;right;3414.72;3372.84;23.04;22.78;12.33;12.22;141.82;140.5;4.08;0.74
S.O.p._left;S.O.p.;left;193.16;192.24;7.5;7.42;4.73;4.69;23.7;23.46;2.84;0.8
S.O.p._right;S.O.p.;right;36.69;36.19;5.32;5.28;3.47;3.45;6.62;6.54;3.7;1.12
S.Olf._left;S.Olf.;left;1398.31;1387.24;12.26;12.2;7.64;7.59;117.9;117.0;4.04;1.94
S.Olf._right;S.Olf.;right;997.45;989.46;12.52;12.42;8.8;8.76;62.94;62.44;4.21;1.23
S.Or._left;S.Or.;left;2047.98;2031.35;14.26;14.16;6.84;6.79;156.96;155.84;4.19;1.96
S.Or._right;S.Or.;right;1856.3;1839.21;14.0;13.94;6.55;6.51;155.1;154.0;4.02;1.75
S.Pa.int._left;S.Pa.int.;left;556.78;550.94;12.6;12.54;5.68;5.65;42.98;42.54;4.19;1.34
S.Pa.int._right;S.Pa.int.;right;1477.47;1467.89;16.94;16.72;8.64;8.57;87.48;86.74;4.01;1.35
S.Pa.sup._left;S.Pa.sup.;left;689.76;689.02;15.38;15.32;8.76;8.7;40.3;39.98;3.42;2.62
S.Pa.sup._right;S.Pa.sup.;right;72.04;71.4;11.64;11.62;6.5;6.47;3.62;3.6;3.38;3.56
S.Pa.t._left;S.Pa.t.;left;273.61;274.28;16.6;16.52;9.85;9.79;15.66;15.56;3.67;2.14
S.Pa.t._right;S.Pa.t.;right;512.43;512.83;19.3;19.2;12.75;12.65;20.98;20.84;4.04;1.98
S.Pe.C.inf._left;S.Pe.C.inf.;left;246.62;242.58;17.72;17.6;10.89;10.77;13.3;13.16;3.64;1.26
S.Pe.C.inf._right;S.Pe.C.inf.;right;1494.53;1475.83;25.26;25.1;17.21;17.1;49.52;49.18;4.41;1.3
S.Pe.C.inter._left;S.Pe.C.inter.;left;1214.1;1206.79;26.46;26.34;15.54;15.44;37.78;37.36;3.71;0.99
S.Pe.C.inter._right;S.Pe.C.inter.;right;1696.9;1682.32;22.72;22.62;12.25;12.15;59.0;58.56;4.48;1.29
S.Pe.C.marginal._left;S.Pe.C.marginal.;left;185.03;182.91;15.12;15.08;8.74;8.71;13.86;13.74;4.14;2.46
S.Pe.C.marginal._right;S.Pe.C.marginal.;right;1405.45;1394.27;19.64;19.54;9.86;9.8;36.14;35.84;5.82;0.84
S.Pe.C.median._left;S.Pe.C.median.;left;205.5;203.6;17.76;17.66;10.42;10.38;11.96;11.92;3.69;1.94
S.Pe.C.median._right;S.Pe.C.median.;right;253.34;250.55;8.42;8.36;4.71;4.68;26.82;26.72;5.9;0.65
S.Pe.C.sup._left;S.Pe.C.sup.;left;116.11;114.69;16.78;16.64;15.23;15.12;3.4;3.36;3.05;1.29
S.Pe.C.sup._right;S.Pe.C.sup.;right;483.5;478.35;19.86;19.7;12.8;12.69;24.22;24.06;4.12;1.73
S.Po.C.sup._left;S.Po.C.sup.;left;332.07;328.11;18.24;17.98;11.38;11.24;13.9;13.88;2.88;1.55
S.Po.C.sup._right;S.Po.C.sup.;right;109.7;107.95;7.14;7.06;5.11;5.07;13.16;13.04;3.65;2.88
S.R.inf._left;S.R.inf.;left;39.04;38.42;4.5;4.48;3.51;3.5;8.1;7.98;4.5;5.7
S.R.inf._right;S.R.inf.;right;536.86;531.28;10.52;10.46;6.34;6.31;46.6;46.14;4.53;1.05
S.Rh._left;S.Rh.;left;888.13;878.46;14.46;14.38;8.11;8.04;62.02;61.6;5.01;0.77
S.Rh._right;S.Rh.;right;802.49;801.36;13.42;13.26;8.59;8.5;47.68;47.24;5.36;1.17
S.T.i.ant._left;S.T.i.ant.;left;1875.17;1863.17;16.12;16.08;8.89;8.83;110.14;109.16;4.95;1.21
S.T.i.ant._right;S.T.i.ant.;right;2996.26;2977.93;17.62;17.46;9.92;9.87;159.76;158.36;4.8;0.81
S.T.i.post._left;S.T.i.post.;left;1265.12;1259.02;21.16;20.96;9.94;9.86;52.92;52.48;4.26;0.73
S.T.i.post._right;S.T.i.post.;right;1428.61;1415.04;19.92;19.7;9.55;9.47;90.22;89.46;4.19;0.78
S.T.pol._left;S.T.pol.;left;945.41;943.37;14.82;14.66;7.05;6.99;74.88;74.2;5.7;1.08
S.T.pol._right;S.T.pol.;right;775.69;774.54;12.14;11.96;6.92;6.85;59.5;59.04;5.97;0.89
S.T.s._left;S.T.s.;left;4824.9;4790.15;27.0;26.74;14.65;14.53;167.4;165.82;4.49;0.9
S.T.s._right;S.T.s.;right;5951.89;5917.83;30.18;30.08;15.29;15.18;198.18;196.48;4.5;0.7
S.T.s.ter.asc.ant._left;S.T.s.ter.asc.ant.;left;1430.33;1429.88;20.82;20.62;12.89;12.75;61.72;61.32;4.24;1.05
S.T.s.ter.asc.ant._right;S.T.s.ter.asc.ant.;right;752.41;745.02;15.96;15.92;10.03;9.97;46.38;46.06;4.67;1.32
S.T.s.ter.asc.post._left;S.T.s.ter.asc.post.;left;2206.71;2198.97;21.7;21.5;13.35;13.25;70.8;70.32;3.84;0.92
S.T.s.ter.asc.post._right;S.T.s.ter.asc.post.;right;1904.75;1894.83;21.14;21.0;13.01;12.89;70.1;69.54;4.13;0.64
S.p.C._left;S.p.C.;left;122.26;120.91;4.8;4.76;3.42;3.4;22.94;22.74;4.21;3.43
S.p.C._right;S.p.C.;right;197.88;194.01;7.9;7.84;5.14;5.12;21.82;21.52;4.59;1.88
S.s.P._left;S.s.P.;left;1387.23;1375.71;16.32;16.2;8.22;8.17;95.46;94.54;4.56;0.74
S.s.P._right;S.s.P.;right;773.91;767.31;14.02;13.96;8.28;8.24;47.66;47.28;4.47;0.67