sulcus;label;side;surface_talairach;surface_native;maxdepth_talairach;maxdepth_native;meandepth_talairach;meandepth_native;hull_junction_length_talairach;hull_junction_length_native;GM_thickness;opening
F.C.L.a._left;F.C.L.a.;left;2170.71;2176.13;17.42;17.42;8.14;8.12;98.44;98.14;4.41;2.68
F.C.L.a._right;F.C.L.a.;right;2255.0;2274.51;23.82;23.76;13.43;13.43;92.16;91.96;4.73;3.49
F.C.L.p._left;F.C.L.p.;left;6098.44;6116.05;41.8;41.8;19.41;19.41;152.5;151.54;3.77;1.21
F.C.L.p._right;F.C.L.p.;right;5126.83;5166.51;39.56;39.56;19.62;19.62;125.64;124.72;3.83;1.03
F.C.L.r.ant._left;F.C.L.r.ant.;left;719.1;720.79;24.32;24.32;11.22;11.22;33.96;33.78;3.58;1.47
F.C.L.r.ant._right;F.C.L.r.ant.;right;512.89;510.11;23.58;23.58;13.05;13.05;14.46;14.38;3.52;1.59
F.C.L.r.asc._left;F.C.L.r.asc.;left;1094.37;1091.45;24.56;24.56;12.11;12.11;48.98;48.8;3.45;1.4
F.C.L.r.asc._right;F.C.L.r.asc.;right;868.99;867.77;26.58;26.56;13.21;13.2;36.52;36.38;3.42;1.03
F.C.L.r.diag._left;F.C.L.r.diag.;left;nan;nan;nan;nan;nan;nan;nan;nan;nan;nan
F.C.L.r.diag._right;F.C.L.r.diag.;right;nan;nan;nan;nan;nan;nan;nan;nan;nan;nan
F.C.L.r.retroC.tr._left;F.C.L.r.retroC.tr.;left;72.9;72.47;21.92;21.9;18.2;18.19;0.0;0.0;4.0;0.62
F.C.L.r.retroC.tr._right;F.C.L.r.retroC.tr.;right;387.66;388.25;15.88;15.88;7.61;7.61;17.38;17.3;3.84;0.95
F.C.L.r.sc.ant._left;F.C.L.r.sc.ant.;left;nan;nan;nan;nan;nan;nan;nan;nan;nan;nan
F.C.L.r.sc.ant._right;F.C.L.r.sc.ant.;right;nan;nan;nan;nan;nan;nan;nan;nan;nan;nan
F.C.L.r.sc.post._left;F.C.L.r.sc.post.;left;62.82;62.48;13.08;13.08;nan;nan;0.0;0.0;nan;0.82
F.C.L.r.sc.post._right;F.C.L.r.sc.post.;right;567.22;566.94;29.94;29.94;21.91;21.91;13.96;13.96;3.5;0.94
F.C.M.ant._left;F.C.M.ant.;left;176.2;175.42;9.02;9.02;5.52;5.52;19.46;19.34;4.72;1.68
F.C.M.ant._right;F.C.M.ant.;right;2811.58;2817.75;16.52;16.52;10.08;10.08;147.92;146.32;4.34;0.94
F.C.M.post._left;F.C.M.post.;left;4070.88;4096.76;21.34;21.34;10.81;10.81;690.44;212.9;3.96;1.04
F.C.M.post._right;F.C.M.post.;right;2355.03;2355.39;20.86;20.86;10.65;10.64;107.0;106.14;3.39;0.93
F.Cal.ant.-Sc.Cal._left;F.Cal.ant.-Sc.Cal.;left;3019.34;3025.53;24.0;24.0;12.45;12.45;127.52;126.78;2.95;1.11
F.Cal.ant.-Sc.Cal._right;F.Cal.ant.-Sc.Cal.;right;4139.85;4142.08;24.74;24.64;12.85;12.85;152.28;151.44;3.19;0.81
F.Coll._left;F.Coll.;left;3895.21;3892.64;18.58;18.58;10.35;10.33;186.62;186.14;3.81;0.83
F.Coll._right;F.Coll.;right;2464.18;2480.27;17.78;17.78;11.1;11.09;116.18;115.86;3.71;0.66
F.I.P.Po.C.inf._left;F.I.P.Po.C.inf.;left;2684.06;2683.54;25.96;25.96;14.73;14.73;99.36;98.96;3.53;1.35
F.I.P.Po.C.inf._right;F.I.P.Po.C.inf.;right;1890.94;1903.74;22.66;22.64;12.52;12.5;73.92;73.68;3.65;1.43
F.I.P._left;F.I.P.;left;7397.24;7421.29;28.3;28.3;13.56;13.5;266.24;265.66;3.45;1.03
F.I.P._right;F.I.P.;right;8500.97;8535.79;27.46;27.42;13.61;13.59;326.02;325.54;3.65;1.16
F.I.P.r.int.1_left;F.I.P.r.int.1;left;244.23;243.48;9.96;9.96;6.04;6.04;24.24;24.1;4.36;1.3
F.I.P.r.int.1_right;F.I.P.r.int.1;right;263.16;261.25;11.12;11.12;5.5;5.5;25.62;25.26;4.36;1.53
F.I.P.r.int.2_left;F.I.P.r.int.2;left;480.75;484.62;18.48;18.48;9.37;9.37;27.72;27.72;4.1;1.25
F.I.P.r.int.2_right;F.I.P.r.int.2;right;nan;nan;nan;nan;nan;nan;nan;nan;nan;nan
F.P.O._left;F.P.O.;left;3013.94;3024.99;26.58;26.58;15.8;15.8;98.94;98.34;3.27;0.89
F.P.O._right;F.P.O.;right;3166.46;3176.2;21.32;21.2;10.64;10.61;81.54;81.0;3.26;0.65
INSULA_left;INSULA;left;5936.78;5947.53;37.2;37.2;21.35;21.32;16.96;16.88;3.96;1.08
INSULA_right;INSULA;right;6229.18;6224.59;40.1;40.1;27.31;27.29;7.3;7.24;4.08;1.09
OCCIPITAL_left;OCCIPITAL;left;3261.95;3248.88;17.7;17.7;8.36;8.35;209.56;209.22;3.58;0.69
OCCIPITAL_right;OCCIPITAL;right;2727.31;2728.92;16.3;16.3;8.77;8.76;159.42;159.26;3.7;0.69
S.C.LPC._left;S.C.LPC.;left;58.55;59.01;4.76;4.76;3.66;3.66;8.02;7.94;3.44;2.3
S.C.LPC._right;S.C.LPC.;right;122.01;122.25;5.14;5.14;4.11;4.11;19.3;19.2;3.4;1.0
S.C._left;S.C.;left;5036.79;5025.23;25.32;25.32;13.79;13.78;201.92;201.36;3.23;1.45
S.C._right;S.C.;right;5606.78;5608.71;24.9;24.9;15.11;15.1;207.28;206.96;3.03;1.26
S.C.sylvian._left;S.C.sylvian.;left;116.24;116.33;11.76;11.76;6.8;6.8;8.16;8.14;3.85;1.44
S.C.sylvian._right;S.C.sylvian.;right;52.71;53.35;6.4;6.4;4.4;4.4;6.58;6.56;3.85;1.38
S.Call._left;S.Call.;left;251.11;250.27;8.78;8.78;4.56;4.56;28.52;28.36;4.11;1.93
S.Call._right;S.Call.;right;1668.17;1672.4;10.46;10.46;6.33;6.33;151.86;150.52;3.24;1.26
S.Cu._left;S.Cu.;left;875.65;877.5;13.86;13.86;6.59;6.59;64.92;64.62;3.53;0.83
S.Cu._right;S.Cu.;right;614.68;615.77;10.18;10.18;5.54;5.54;66.58;66.34;3.68;0.55
S.F.inf._left;S.F.inf.;left;2913.04;2916.0;25.78;25.78;13.18;13.18;110.5;109.74;3.7;1.42
S.F.inf._right;S.F.inf.;right;1996.4;2006.9;26.68;26.68;17.03;17.03;61.38;61.02;3.42;0.98
S.F.inf.ant._left;S.F.inf.ant.;left;39.84;39.63;5.62;5.62;3.41;3.41;7.32;7.3;3.59;1.94
S.F.inf.ant._right;S.F.inf.ant.;right;991.55;990.88;16.24;16.24;9.03;9.02;59.78;59.48;3.85;1.34
S.F.int._left;S.F.int.;left;2970.88;2967.97;16.58;16.58;7.8;7.8;203.74;202.06;3.93;1.7
S.F.int._right;S.F.int.;right;2067.7;2060.2;11.4;11.4;5.41;5.41;213.96;212.6;4.08;1.61
S.F.inter._left;S.F.inter.;left;3396.63;3386.44;17.32;17.32;8.24;8.23;215.78;214.8;3.4;1.59
S.F.inter._right;S.F.inter.;right;3228.05;3227.93;17.82;17.78;9.5;9.49;177.84;177.6;3.53;1.42
S.F.marginal._left;S.F.marginal.;left;847.46;847.35;14.46;14.42;8.16;8.16;55.7;55.66;3.32;1.4
S.F.marginal._right;S.F.marginal.;right;269.38;267.6;14.24;14.24;6.99;6.97;22.96;22.96;3.58;1.8
S.F.median._left;S.F.median.;left;1109.48;1106.41;14.84;14.84;6.19;6.16;95.14;95.0;3.49;2.6
S.F.median._right;S.F.median.;right;943.12;940.15;10.7;10.7;5.24;5.22;108.22;107.98;3.93;2.35
S.F.orbitaire._left;S.F.orbitaire.;left;419.81;418.19;12.38;12.38;8.02;8.02;26.64;26.48;3.42;2.0
S.F.orbitaire._right;S.F.orbitaire.;right;498.96;498.65;11.6;11.6;6.69;6.69;42.68;42.6;3.66;1.51
S.F.polaire.tr._left;S.F.polaire.tr.;left;537.57;537.63;10.74;10.74;5.27;5.24;57.08;56.9;3.36;2.95
S.F.polaire.tr._right;S.F.polaire.tr.;right;723.07;722.38;11.0;10.92;5.17;5.15;77.96;77.92;3.41;1.83
S.F.sup._left;S.F.sup.;left;4578.88;4559.74;25.02;24.96;13.57;13.5;162.16;161.68;3.37;1.46
S.F.sup._right;S.F.sup.;right;4324.45;4318.68;24.72;24.66;12.43;12.36;171.94;171.22;3.57;1.36
S.GSM._left;S.GSM.;left;1018.68;1022.71;21.28;21.28;10.53;10.53;47.48;47.36;3.6;1.13
S.Li.ant._left;S.Li.ant.;left;916.9;920.85;13.12;13.12;8.82;8.82;57.8;57.68;3.39;0.78
S.Li.ant._right;S.Li.ant.;right;548.91;551.75;9.96;9.96;5.9;5.9;46.6;46.48;3.21;0.97
S.Li.post._left;S.Li.post.;left;1310.9;1308.44;17.58;17.56;9.51;9.5;72.3;72.06;3.1;0.98
S.Li.post._right;S.Li.post.;right;418.96;421.21;10.84;10.84;6.71;6.71;35.34;35.24;3.0;0.46
S.O.T.lat.ant._left;S.O.T.lat.ant.;left;517.11;516.55;11.06;11.06;6.57;6.53;34.32;34.32;4.3;1.28
S.O.T.lat.ant._right;S.O.T.lat.ant.;right;1295.12;1292.68;15.72;15.58;10.51;10.43;61.14;60.88;4.21;0.67
S.O.T.lat.int._left;S.O.T.lat.int.;left;212.33;212.74;8.68;8.68;5.76;5.76;19.48;19.48;4.02;0.97
S.O.T.lat.int._right;S.O.T.lat.int.;right;167.0;167.05;8.78;8.78;4.71;4.71;23.36;23.3;4.89;1.61
S.O.T.lat.med._left;S.O.T.lat.med.;left;282.13;284.19;15.62;15.62;8.31;8.31;16.46;16.26;4.89;1.01
S.O.T.lat.med._right;S.O.T.lat.med.;right;101.84;101.69;6.32;6.32;4.04;4.04;16.02;16.02;4.58;1.36
S.O.T.lat.post._left;S.O.T.lat.post.;left;1692.65;1695.67;20.14;20.12;12.28;12.24;73.46;73.18;3.92;0.89
S.O.T.lat.post._right;S.O.T.lat.post.;right;3229.01;3216.55;18.7;18.52;11.36;11.31;150.84;150.5;3.92;0.84
S.O.p._left;S.O.p.;left;301.17;300.43;9.74;9.74;6.04;6.03;29.26;29.24;3.35;0.76
S.O.p._right;S.O.p.;right;323.25;323.49;9.94;9.94;7.14;7.13;29.58;29.46;3.62;0.64
S.Olf._left;S.Olf.;left;1028.49;1024.93;12.86;12.86;8.47;8.46;64.0;63.84;3.56;1.27
S.Olf._right;S.Olf.;right;1150.62;1151.42;15.48;15.48;8.82;8.8;95.1;94.84;3.42;1.85
S.Or._left;S.Or.;left;2032.55;2038.44;13.3;13.22;6.76;6.75;162.44;162.08;3.72;1.75
S.Or._right;S.Or.;right;2315.11;2310.69;13.72;13.62;7.3;7.29;164.64;164.28;3.83;1.32
S.Pa.int._left;S.Pa.int.;left;349.71;350.28;9.8;9.8;4.81;4.8;48.36;48.1;4.1;1.68
S.Pa.int._right;S.Pa.int.;right;435.82;439.34;12.56;12.56;8.64;8.64;26.96;26.62;3.93;0.73
S.Pa.sup._left;S.Pa.sup.;left;1094.32;1100.23;18.52;18.3;11.42;11.36;52.08;52.02;3.43;1.63
S.Pa.sup._right;S.Pa.sup.;right;926.39;925.86;15.8;15.78;10.52;10.5;46.9;46.5;3.49;1.32
S.Pa.t._left;S.Pa.t.;left;522.56;526.93;19.5;19.18;15.15;15.04;10.84;10.84;2.91;0.8
S.Pa.t._right;S.Pa.t.;right;1081.73;1089.29;21.92;21.92;14.38;14.32;35.1;35.04;3.28;1.04
S.Pe.C.inf._left;S.Pe.C.inf.;left;166.54;168.1;8.82;8.82;6.16;6.16;15.42;15.3;4.42;1.35
S.Pe.C.inf._right;S.Pe.C.inf.;right;1009.36;1007.86;26.18;26.18;14.71;14.7;36.58;36.44;3.99;1.22
S.Pe.C.inter._left;S.Pe.C.inter.;left;928.84;931.12;23.78;23.78;13.51;13.5;33.88;33.72;4.23;1.4
S.Pe.C.inter._right;S.Pe.C.inter.;right;1331.56;1335.21;26.4;26.4;11.76;11.76;54.34;54.14;4.07;1.26
S.Pe.C.marginal._left;S.Pe.C.marginal.;left;29.6;29.57;14.92;14.92;13.09;13.09;0.0;0.0;4.24;0.95
S.Pe.C.marginal._right;S.Pe.C.marginal.;right;424.67;423.75;14.98;14.98;8.06;8.04;26.14;26.1;3.61;1.86
S.Pe.C.median._left;S.Pe.C.median.;left;92.43;92.14;8.22;8.22;5.0;5.0;4.58;4.58;4.01;1.28
S.Pe.C.median._right;S.Pe.C.median.;right;82.05;81.88;11.66;11.64;10.89;10.86;4.02;4.02;3.04;1.69
S.Pe.C.sup._left;S.Pe.C.sup.;left;132.28;131.07;15.64;15.64;9.14;9.14;4.14;4.12;3.18;1.67
S.Pe.C.sup._right;S.Pe.C.sup.;right;872.42;870.57;16.24;16.24;10.4;10.39;34.18;34.18;3.5;0.97
S.Po.C.sup._left;S.Po.C.sup.;left;2018.49;2022.92;20.28;20.24;11.85;11.83;89.3;89.14;2.72;1.59
S.Po.C.sup._right;S.Po.C.sup.;right;436.94;435.42;17.16;17.08;8.08;8.06;28.46;28.38;3.02;2.2
S.R.inf._left;S.R.inf.;left;513.34;509.88;9.52;9.52;5.87;5.87;50.54;50.06;3.55;1.08
S.R.inf._right;S.R.inf.;right;691.35;689.32;10.64;10.64;5.92;5.92;65.26;64.78;4.18;0.91
S.Rh._left;S.Rh.;left;453.83;452.59;11.5;11.42;7.25;7.23;35.78;35.6;4.84;0.84
S.Rh._right;S.Rh.;right;515.23;517.78;12.9;12.88;7.54;7.53;36.68;36.52;5.09;0.96
S.T.i.ant._left;S.T.i.ant.;left;2491.01;2505.8;17.96;17.96;10.3;10.3;130.0;129.58;4.19;0.82
S.T.i.ant._right;S.T.i.ant.;right;2503.34;2507.37;16.7;16.7;9.29;9.29;145.96;145.2;4.24;0.94
S.T.i.post._left;S.T.i.post.;left;2407.92;2411.67;20.76;20.76;10.87;10.87;113.8;113.44;3.91;0.68
S.T.i.post._right;S.T.i.post.;right;2144.55;2147.94;19.26;19.26;8.86;8.86;110.84;110.22;3.76;0.51
S.T.pol._left;S.T.pol.;left;732.12;737.76;14.42;14.42;6.28;6.26;60.68;60.5;4.45;1.34
S.T.pol._right;S.T.pol.;right;1370.5;1376.88;15.12;15.06;7.84;7.8;81.58;81.3;4.35;1.05
S.T.s._left;S.T.s.;left;5432.82;5444.94;26.48;26.48;15.79;15.79;175.14;173.96;3.88;0.93
S.T.s._right;S.T.s.;right;6202.41;6240.45;29.38;29.38;17.21;17.21;180.1;179.04;3.99;0.91
S.T.s.ter.asc.ant._left;S.T.s.ter.asc.ant.;left;1935.41;1936.63;21.94;21.94;15.2;15.18;52.58;52.52;3.77;0.85
S.T.s.ter.asc.ant._right;S.T.s.ter.asc.ant.;right;747.32;744.73;21.1;21.1;12.45;12.45;33.78;33.5;4.04;0.88
S.T.s.ter.asc.post._left;S.T.s.ter.asc.post.;left;1597.42;1604.51;22.74;22.72;13.48;13.47;57.18;57.04;3.53;0.93
S.T.s.ter.asc.post._right;S.T.s.ter.asc.post.;right;1326.55;1335.52;21.8;21.8;13.62;13.62;48.34;48.2;3.96;0.57
S.p.C._left;S.p.C.;left;157.04;155.77;8.08;8.08;5.85;5.85;15.9;15.68;3.81;2.25
S.p.C._right;S.p.C.;right;90.05;90.48;6.82;6.82;4.54;4.54;13.52;13.46;3.67;1.45
S.s.P._left;S.s.P.;left;1957.14;1960.74;17.56;17.56;9.56;9.56;113.06;111.94;3.78;0.53
S.s.P._right;S.s.P.;right;1451.34;1453.25;15.4;15.4;8.04;8.04;87.5;86.72;4.08;0.49