sulcus;label;side;surface_talairach;surface_native;maxdepth_talairach;maxdepth_native;meandepth_talairach;meandepth_native;hull_junction_length_talairach;hull_junction_length_native;GM_thickness;opening
F.C.L.a._left;F.C.L.a.;left;2151.39;2174.18;16.08;16.08;7.98;7.96;71.48;71.1;4.79;2.24
F.C.L.a._right;F.C.L.a.;right;2420.12;2455.79;20.32;20.32;8.97;8.95;90.72;90.46;4.83;2.6
F.C.L.p._left;F.C.L.p.;left;3477.69;3495.59;36.56;36.56;15.14;15.08;101.32;101.18;4.02;1.37
F.C.L.p._right;F.C.L.p.;right;4677.02;4749.27;36.5;36.34;14.63;14.57;156.74;156.62;4.27;1.43
F.C.L.r.ant._left;F.C.L.r.ant.;left;720.39;719.54;24.12;24.04;13.33;13.27;22.56;22.56;3.89;1.08
F.C.L.r.ant._right;F.C.L.r.ant.;right;704.28;703.89;26.72;26.42;14.25;14.12;23.78;23.78;3.96;1.38
F.C.L.r.asc._left;F.C.L.r.asc.;left;743.52;738.19;21.94;21.76;12.94;12.89;29.62;29.6;3.89;1.77
F.C.L.r.asc._right;F.C.L.r.asc.;right;855.42;847.78;18.64;18.5;10.43;10.37;36.56;36.5;3.56;1.01
F.C.L.r.diag._left;F.C.L.r.diag.;left;512.31;511.25;16.88;16.86;12.49;12.46;19.72;19.66;3.85;0.82
F.C.L.r.diag._right;F.C.L.r.diag.;right;nan;nan;nan;nan;nan;nan;nan;nan;nan;nan
F.C.L.r.retroC.tr._left;F.C.L.r.retroC.tr.;left;275.91;273.77;14.82;14.74;8.81;8.76;15.74;15.7;3.58;1.79
F.C.L.r.retroC.tr._right;F.C.L.r.retroC.tr.;right;701.8;697.56;16.14;15.88;9.06;8.99;38.94;38.88;4.24;1.35
F.C.L.r.sc.ant._left;F.C.L.r.sc.ant.;left;nan;nan;nan;nan;nan;nan;nan;nan;nan;nan
F.C.L.r.sc.ant._right;F.C.L.r.sc.ant.;right;179.51;179.41;21.9;21.88;17.41;17.36;0.0;0.0;4.71;0.67
F.C.L.r.sc.post._left;F.C.L.r.sc.post.;left;nan;nan;nan;nan;nan;nan;nan;nan;nan;nan
F.C.L.r.sc.post._right;F.C.L.r.sc.post.;right;419.6;415.13;33.78;33.56;18.67;18.61;4.58;4.58;4.2;1.05
F.C.M.ant._left;F.C.M.ant.;left;2181.75;2206.54;13.6;13.44;8.95;8.92;139.42;139.42;4.37;1.04
F.C.M.ant._right;F.C.M.ant.;right;1243.61;1261.63;15.98;15.94;13.37;13.32;53.06;53.06;4.52;0.81
F.C.M.post._left;F.C.M.post.;left;2203.98;2227.51;19.6;19.42;11.66;11.6;114.6;114.32;3.55;1.53
F.C.M.post._right;F.C.M.post.;right;3428.73;3467.78;18.42;18.26;11.46;11.42;160.1;159.86;4.0;1.27
F.Cal.ant.-Sc.Cal._left;F.Cal.ant.-Sc.Cal.;left;2932.51;2955.43;27.64;27.5;13.88;13.84;98.84;98.84;3.47;1.13
F.Cal.ant.-Sc.Cal._right;F.Cal.ant.-Sc.Cal.;right;3458.88;3480.1;28.8;28.8;14.25;14.19;128.12;127.94;3.54;0.92
F.Coll._left;F.Coll.;left;3228.24;3252.19;18.22;18.08;10.24;10.19;149.6;149.56;3.79;0.87
F.Coll._right;F.Coll.;right;2980.3;3017.96;20.02;19.84;13.12;13.04;107.02;106.94;3.97;0.68
F.I.P.Po.C.inf._left;F.I.P.Po.C.inf.;left;1996.47;2008.96;26.98;26.72;14.87;14.71;73.18;72.88;3.45;1.68
F.I.P.Po.C.inf._right;F.I.P.Po.C.inf.;right;2094.84;2120.89;28.52;28.34;13.22;13.09;84.24;84.16;3.0;1.03
F.I.P._left;F.I.P.;left;5087.44;5140.44;28.9;28.68;13.2;13.16;200.74;200.14;3.87;1.61
F.I.P._right;F.I.P.;right;7012.14;7091.14;23.24;23.16;11.45;11.43;295.22;293.96;3.56;1.29
F.I.P.r.int.1_left;F.I.P.r.int.1;left;541.2;545.91;19.2;19.2;10.98;10.98;27.26;27.1;3.83;1.3
F.I.P.r.int.1_right;F.I.P.r.int.1;right;519.47;526.54;21.54;21.44;12.64;12.61;24.2;24.16;3.96;0.78
F.I.P.r.int.2_left;F.I.P.r.int.2;left;319.71;327.54;9.52;9.52;6.58;6.56;24.64;24.6;5.19;1.4
F.I.P.r.int.2_right;F.I.P.r.int.2;right;nan;nan;nan;nan;nan;nan;nan;nan;nan;nan
F.P.O._left;F.P.O.;left;2852.12;2880.48;25.88;25.78;14.09;14.07;106.68;106.46;3.9;1.33
F.P.O._right;F.P.O.;right;2810.87;2839.67;29.46;29.4;17.75;17.72;65.38;65.34;3.55;0.82
INSULA_left;INSULA;left;7624.07;7681.89;34.9;34.9;18.75;18.68;53.18;53.18;4.12;1.17
INSULA_right;INSULA;right;5913.24;5934.11;40.48;40.44;29.87;29.78;0.0;0.0;4.16;1.08
OCCIPITAL_left;OCCIPITAL;left;1720.84;1745.83;13.64;13.64;8.59;8.59;106.28;105.98;3.44;1.11
OCCIPITAL_right;OCCIPITAL;right;2963.62;2975.98;17.18;17.18;8.49;8.49;180.98;180.42;3.87;0.88
S.C.LPC._left;S.C.LPC.;left;nan;nan;nan;nan;nan;nan;nan;nan;nan;nan
S.C.LPC._right;S.C.LPC.;right;27.54;27.19;4.78;4.76;3.3;3.29;4.86;4.86;4.09;4.31
S.C._left;S.C.;left;4522.49;4535.58;25.3;25.14;12.96;12.87;178.46;177.82;3.39;1.58
S.C._right;S.C.;right;4765.79;4766.9;26.28;26.14;15.66;15.56;163.6;162.92;3.49;1.64
S.C.sylvian._left;S.C.sylvian.;left;22.33;22.69;7.56;7.56;4.75;4.75;3.18;3.18;4.9;2.54
S.C.sylvian._right;S.C.sylvian.;right;nan;nan;nan;nan;nan;nan;nan;nan;nan;nan
S.Call._left;S.Call.;left;1303.19;1312.37;10.78;10.74;6.03;6.01;135.76;135.74;3.16;2.22
S.Call._right;S.Call.;right;1731.15;1743.49;9.74;9.72;6.01;6.0;169.4;169.3;3.36;1.52
S.Cu._left;S.Cu.;left;754.42;752.32;11.24;11.2;6.61;6.59;66.48;66.46;3.7;1.21
S.Cu._right;S.Cu.;right;617.73;622.88;12.7;12.7;6.25;6.25;51.26;51.2;3.79;0.66
S.F.inf._left;S.F.inf.;left;2228.51;2240.12;27.56;27.56;14.06;14.04;89.46;89.4;3.67;1.21
S.F.inf._right;S.F.inf.;right;1751.35;1756.72;20.18;20.18;10.2;10.2;98.46;98.24;3.62;1.15
S.F.inf.ant._left;S.F.inf.ant.;left;275.89;273.95;11.2;11.2;7.33;7.33;22.3;22.24;3.33;1.68
S.F.inf.ant._right;S.F.inf.ant.;right;1326.31;1340.98;20.12;20.12;10.76;10.75;66.4;66.32;3.62;1.08
S.F.int._left;S.F.int.;left;3198.87;3204.44;15.52;15.5;6.99;6.98;260.26;260.14;4.31;1.55
S.F.int._right;S.F.int.;right;3093.98;3081.19;15.68;15.66;6.91;6.9;243.02;242.86;4.33;1.49
S.F.inter._left;S.F.inter.;left;2087.58;2080.04;24.98;24.98;9.78;9.78;103.32;102.84;3.66;1.11
S.F.inter._right;S.F.inter.;right;3132.91;3125.6;17.9;17.9;9.57;9.56;177.66;176.62;3.73;0.98
S.F.marginal._left;S.F.marginal.;left;1226.49;1237.36;18.5;18.5;9.23;9.23;78.42;78.04;3.96;1.12
S.F.marginal._right;S.F.marginal.;right;1313.96;1325.1;16.66;16.66;9.89;9.89;72.46;72.08;4.42;1.11
S.F.median._left;S.F.median.;left;1783.09;1768.49;17.7;17.7;7.98;7.96;119.16;118.78;4.11;1.98
S.F.median._right;S.F.median.;right;515.38;506.98;8.64;8.64;4.78;4.78;61.04;60.86;4.94;2.29
S.F.orbitaire._left;S.F.orbitaire.;left;670.2;673.57;12.98;12.98;7.83;7.82;40.94;40.86;4.38;0.89
S.F.orbitaire._right;S.F.orbitaire.;right;249.97;250.27;9.94;9.94;5.82;5.82;16.48;16.48;4.74;0.66
S.F.polaire.tr._left;S.F.polaire.tr.;left;817.95;822.69;15.32;15.32;7.42;7.42;58.64;58.32;3.55;1.42
S.F.polaire.tr._right;S.F.polaire.tr.;right;615.96;614.99;10.58;10.58;6.51;6.51;54.14;53.92;3.92;2.03
S.F.sup._left;S.F.sup.;left;5513.63;5486.1;20.74;20.74;12.52;12.5;222.5;221.56;3.89;1.39
S.F.sup._right;S.F.sup.;right;3893.42;3875.83;21.72;21.6;12.31;12.28;153.2;152.8;4.21;1.32
S.GSM._left;S.GSM.;left;nan;nan;nan;nan;nan;nan;nan;nan;nan;nan
S.Li.ant._left;S.Li.ant.;left;988.32;1010.71;15.1;15.08;9.84;9.8;51.0;50.92;3.42;0.69
S.Li.ant._right;S.Li.ant.;right;481.16;485.87;12.22;12.22;8.68;8.66;33.1;32.92;3.61;0.88
S.Li.post._left;S.Li.post.;left;139.57;142.61;8.08;8.06;5.2;5.17;14.32;14.26;3.89;2.73
S.Li.post._right;S.Li.post.;right;404.4;407.77;11.92;11.92;6.47;6.47;29.04;29.0;3.83;1.11
S.O.T.lat.ant._left;S.O.T.lat.ant.;left;1202.18;1199.09;17.48;17.34;8.9;8.85;74.86;74.72;4.59;0.72
S.O.T.lat.ant._right;S.O.T.lat.ant.;right;981.42;982.46;13.48;13.4;7.67;7.65;72.14;72.04;4.6;1.13
S.O.T.lat.int._left;S.O.T.lat.int.;left;292.73;296.27;12.52;12.42;8.86;8.82;18.26;18.26;3.56;0.99
S.O.T.lat.int._right;S.O.T.lat.int.;right;330.96;330.37;8.66;8.64;5.42;5.4;34.04;34.02;4.37;1.16
S.O.T.lat.med._left;S.O.T.lat.med.;left;896.82;893.55;19.02;19.0;10.32;10.31;54.04;53.96;3.95;1.06
S.O.T.lat.med._right;S.O.T.lat.med.;right;1103.4;1111.42;20.22;20.22;12.58;12.51;56.1;56.02;4.21;0.59
S.O.T.lat.post._left;S.O.T.lat.post.;left;1272.62;1282.45;18.44;18.44;10.53;10.52;62.48;62.48;4.31;0.97
S.O.T.lat.post._right;S.O.T.lat.post.;right;1471.56;1467.93;20.0;19.78;10.31;10.27;68.14;67.98;4.01;0.91
S.O.p._left;S.O.p.;left;399.09;394.72;13.94;13.94;9.16;9.16;24.14;24.06;3.98;1.35
S.O.p._right;S.O.p.;right;27.75;27.7;5.36;5.34;3.17;3.17;7.02;6.96;3.3;9.04
S.Olf._left;S.Olf.;left;1024.54;1026.44;13.66;13.6;9.85;9.77;61.06;61.04;3.61;1.22
S.Olf._right;S.Olf.;right;1017.36;1021.08;13.44;13.36;7.63;7.58;80.82;80.74;3.99;1.44
S.Or._left;S.Or.;left;1730.83;1747.71;12.82;12.7;7.11;7.09;122.26;122.26;4.51;1.46
S.Or._right;S.Or.;right;1731.19;1742.35;12.94;12.88;7.46;7.43;129.04;128.98;4.37;1.39
S.Pa.int._left;S.Pa.int.;left;304.15;305.48;7.42;7.38;4.21;4.19;39.22;39.18;4.18;1.37
S.Pa.int._right;S.Pa.int.;right;387.7;395.85;13.02;13.02;6.62;6.6;30.96;30.96;3.93;1.43
S.Pa.sup._left;S.Pa.sup.;left;1203.35;1218.63;23.12;23.12;12.49;12.49;48.76;48.58;3.31;1.54
S.Pa.sup._right;S.Pa.sup.;right;297.5;301.64;10.32;10.26;6.51;6.5;25.24;24.94;3.23;1.98
S.Pa.t._left;S.Pa.t.;left;255.72;260.34;21.16;21.12;16.46;16.42;4.36;4.36;3.23;1.47
S.Pa.t._right;S.Pa.t.;right;1676.64;1700.02;25.72;25.72;15.12;15.12;54.62;54.42;3.75;1.24
S.Pe.C.inf._left;S.Pe.C.inf.;left;885.46;876.4;25.96;25.96;17.09;17.09;24.48;24.38;3.85;1.65
S.Pe.C.inf._right;S.Pe.C.inf.;right;nan;nan;nan;nan;nan;nan;nan;nan;nan;nan
S.Pe.C.inter._left;S.Pe.C.inter.;left;1605.04;1605.49;23.46;23.46;13.7;13.64;58.0;57.8;3.95;1.32
S.Pe.C.inter._right;S.Pe.C.inter.;right;4004.47;4009.11;25.22;25.22;14.17;14.11;143.32;142.84;3.68;1.17
S.Pe.C.marginal._left;S.Pe.C.marginal.;left;390.98;391.81;14.9;14.9;9.89;9.89;13.88;13.88;3.78;1.28
S.Pe.C.marginal._right;S.Pe.C.marginal.;right;1065.01;1064.41;20.62;20.56;9.95;9.9;54.1;54.0;4.25;1.42
S.Pe.C.median._left;S.Pe.C.median.;left;1560.24;1551.79;20.6;20.58;13.61;13.53;63.32;63.16;3.62;1.29
S.Pe.C.median._right;S.Pe.C.median.;right;640.61;633.81;16.52;16.52;9.38;9.32;36.92;36.8;3.53;1.39
S.Pe.C.sup._left;S.Pe.C.sup.;left;97.81;96.78;9.92;9.76;6.02;5.94;8.24;8.24;3.97;2.43
S.Pe.C.sup._right;S.Pe.C.sup.;right;952.64;961.32;21.06;20.96;17.15;17.09;29.42;29.4;3.4;0.83
S.Po.C.sup._left;S.Po.C.sup.;left;154.78;156.46;8.46;8.46;5.83;5.81;14.76;14.76;3.52;1.96
S.Po.C.sup._right;S.Po.C.sup.;right;329.47;329.48;12.38;12.38;8.34;8.34;22.12;22.1;3.07;1.89
S.R.inf._left;S.R.inf.;left;383.86;389.33;9.9;9.9;5.21;5.21;41.36;41.28;4.3;1.34
S.R.inf._right;S.R.inf.;right;579.29;579.49;10.52;10.5;5.59;5.57;49.82;49.82;4.39;0.75
S.Rh._left;S.Rh.;left;1304.06;1305.36;17.04;17.0;9.79;9.79;67.62;67.54;4.98;0.52
S.Rh._right;S.Rh.;right;213.55;214.03;10.24;10.14;7.08;7.04;14.66;14.66;5.29;0.9
S.T.i.ant._left;S.T.i.ant.;left;3408.9;3430.19;17.52;17.5;9.79;9.74;184.0;183.68;4.63;0.88
S.T.i.ant._right;S.T.i.ant.;right;2752.38;2774.9;17.02;16.96;10.14;10.08;152.86;152.6;4.96;0.91
S.T.i.post._left;S.T.i.post.;left;657.68;658.42;16.68;16.68;8.97;8.97;36.42;36.4;4.9;0.82
S.T.i.post._right;S.T.i.post.;right;1622.34;1642.88;18.06;18.06;11.75;11.74;69.4;69.32;4.03;0.89
S.T.pol._left;S.T.pol.;left;1883.11;1902.14;14.54;14.54;7.27;7.26;141.48;141.2;5.16;0.98
S.T.pol._right;S.T.pol.;right;468.07;469.85;9.54;9.54;5.87;5.87;52.16;52.1;5.29;1.35
S.T.s._left;S.T.s.;left;4098.76;4152.31;25.2;25.02;14.27;14.23;147.26;147.22;4.35;1.11
S.T.s._right;S.T.s.;right;4026.09;4084.99;28.02;27.92;17.08;17.04;117.84;117.8;4.64;1.03
S.T.s.ter.asc.ant._left;S.T.s.ter.asc.ant.;left;1349.59;1361.59;23.92;23.9;15.45;15.45;43.0;42.8;3.49;0.8
S.T.s.ter.asc.ant._right;S.T.s.ter.asc.ant.;right;1118.76;1119.8;20.88;20.88;10.79;10.78;61.34;61.2;3.59;0.84
S.T.s.ter.asc.post._left;S.T.s.ter.asc.post.;left;1766.53;1770.37;19.98;19.92;13.69;13.67;60.98;60.9;3.96;1.14
S.T.s.ter.asc.post._right;S.T.s.ter.asc.post.;right;2632.2;2644.8;20.18;20.16;12.96;12.96;97.98;97.82;3.62;0.89
S.p.C._left;S.p.C.;left;655.45;649.32;14.26;14.24;7.35;7.33;52.32;52.24;4.05;1.62
S.p.C._right;S.p.C.;right;224.79;222.78;7.82;7.8;5.23;5.22;23.12;23.12;4.51;1.69
S.s.P._left;S.s.P.;left;1689.05;1696.86;16.16;16.16;9.6;9.59;98.12;98.12;4.15;0.63
S.s.P._right;S.s.P.;right;1094.7;1107.8;16.88;16.78;10.33;10.29;53.56;53.56;4.18;0.67