sulcus;label;side;surface_talairach;surface_native;maxdepth_talairach;maxdepth_native;meandepth_talairach;meandepth_native;hull_junction_length_talairach;hull_junction_length_native;GM_thickness;opening
F.C.L.a._left;F.C.L.a.;left;1910.72;1921.85;17.86;17.66;9.98;9.92;74.04;73.5;4.66;3.35
F.C.L.a._right;F.C.L.a.;right;2645.09;2669.03;18.74;18.72;11.72;11.63;125.26;124.48;4.65;3.22
F.C.L.p._left;F.C.L.p.;left;6132.62;6149.21;34.1;33.86;15.57;15.51;170.16;168.7;3.97;1.36
F.C.L.p._right;F.C.L.p.;right;4174.0;4207.98;33.46;33.28;14.49;14.46;142.92;141.9;4.24;1.35
F.C.L.r.ant._left;F.C.L.r.ant.;left;963.53;962.9;27.7;27.68;15.15;15.11;35.34;35.08;4.18;1.61
F.C.L.r.ant._right;F.C.L.r.ant.;right;560.85;559.24;25.26;24.94;13.62;13.42;14.56;14.52;4.04;0.91
F.C.L.r.asc._left;F.C.L.r.asc.;left;1000.01;995.74;26.44;26.2;13.15;13.08;40.94;40.74;4.05;1.32
F.C.L.r.asc._right;F.C.L.r.asc.;right;619.14;611.88;23.16;22.98;13.07;13.0;22.98;22.8;4.95;1.42
F.C.L.r.diag._left;F.C.L.r.diag.;left;1107.21;1096.9;23.84;23.62;14.71;14.65;41.72;41.48;4.26;1.39
F.C.L.r.diag._right;F.C.L.r.diag.;right;625.74;617.36;14.1;14.1;10.35;10.32;37.2;36.98;3.91;1.09
F.C.L.r.retroC.tr._left;F.C.L.r.retroC.tr.;left;34.13;33.69;5.48;5.46;3.99;3.98;5.54;5.52;4.4;4.99
F.C.L.r.retroC.tr._right;F.C.L.r.retroC.tr.;right;666.29;667.91;22.32;22.32;11.35;11.32;33.88;33.64;3.79;1.47
F.C.L.r.sc.ant._left;F.C.L.r.sc.ant.;left;nan;nan;nan;nan;nan;nan;nan;nan;nan;nan
F.C.L.r.sc.ant._right;F.C.L.r.sc.ant.;right;nan;nan;nan;nan;nan;nan;nan;nan;nan;nan
F.C.L.r.sc.post._left;F.C.L.r.sc.post.;left;nan;nan;nan;nan;nan;nan;nan;nan;nan;nan
F.C.L.r.sc.post._right;F.C.L.r.sc.post.;right;186.2;185.83;27.34;27.24;18.29;18.18;0.0;0.0;4.38;0.78
F.C.M.ant._left;F.C.M.ant.;left;2404.36;2421.07;15.38;15.36;9.72;9.69;139.12;137.7;4.45;0.92
F.C.M.ant._right;F.C.M.ant.;right;2326.93;2336.54;17.98;17.78;9.82;9.77;130.76;129.5;4.35;1.24
F.C.M.post._left;F.C.M.post.;left;2606.14;2617.05;19.2;19.0;11.57;11.5;121.04;120.24;3.62;1.78
F.C.M.post._right;F.C.M.post.;right;1553.64;1556.21;20.76;20.6;11.56;11.52;66.42;65.82;3.36;1.77
F.Cal.ant.-Sc.Cal._left;F.Cal.ant.-Sc.Cal.;left;2303.68;2307.3;15.6;15.5;10.85;10.8;110.8;110.14;3.3;1.2
F.Cal.ant.-Sc.Cal._right;F.Cal.ant.-Sc.Cal.;right;2224.38;2232.34;22.46;22.46;12.69;12.65;100.2;99.52;3.53;0.98
F.Coll._left;F.Coll.;left;3475.98;3476.81;17.08;17.0;10.68;10.6;166.78;166.28;4.21;0.9
F.Coll._right;F.Coll.;right;1914.09;1931.71;16.74;16.68;11.09;11.0;85.62;85.26;4.31;0.59
F.I.P.Po.C.inf._left;F.I.P.Po.C.inf.;left;2065.45;2064.64;27.12;26.92;15.0;14.84;63.6;63.28;3.77;1.92
F.I.P.Po.C.inf._right;F.I.P.Po.C.inf.;right;2498.89;2512.28;24.32;24.12;11.84;11.73;101.3;100.8;3.38;2.03
F.I.P._left;F.I.P.;left;5696.54;5739.63;25.28;24.9;13.63;13.51;230.7;229.5;3.39;1.95
F.I.P._right;F.I.P.;right;7476.54;7511.84;28.18;28.04;13.81;13.71;294.68;292.68;3.62;1.54
F.I.P.r.int.1_left;F.I.P.r.int.1;left;494.57;493.7;12.76;12.62;8.36;8.31;31.46;31.1;3.78;2.11
F.I.P.r.int.1_right;F.I.P.r.int.1;right;111.63;111.56;9.18;9.16;3.93;3.92;14.24;14.06;6.15;1.57
F.I.P.r.int.2_left;F.I.P.r.int.2;left;190.6;193.08;8.72;8.64;6.11;6.1;16.22;16.2;4.18;2.14
F.I.P.r.int.2_right;F.I.P.r.int.2;right;nan;nan;nan;nan;nan;nan;nan;nan;nan;nan
F.P.O._left;F.P.O.;left;3077.38;3087.85;25.4;25.34;13.05;12.99;96.26;95.54;3.55;1.16
F.P.O._right;F.P.O.;right;2549.08;2562.24;29.32;29.24;16.95;16.87;60.82;60.18;3.71;0.85
INSULA_left;INSULA;left;6453.44;6445.23;31.2;30.96;17.66;17.55;0.0;0.0;4.32;1.19
INSULA_right;INSULA;right;6689.9;6694.3;41.22;41.16;28.49;28.38;0.0;0.0;4.23;1.6
OCCIPITAL_left;OCCIPITAL;left;3324.44;3328.77;15.98;15.86;8.6;8.57;216.3;215.3;3.85;1.08
OCCIPITAL_right;OCCIPITAL;right;3639.29;3624.95;18.02;18.02;9.0;8.98;219.82;218.76;3.8;0.89
S.C.LPC._left;S.C.LPC.;left;nan;nan;nan;nan;nan;nan;nan;nan;nan;nan
S.C.LPC._right;S.C.LPC.;right;nan;nan;nan;nan;nan;nan;nan;nan;nan;nan
S.C._left;S.C.;left;4102.83;4081.97;24.8;24.7;11.39;11.32;159.68;158.84;3.38;1.78
S.C._right;S.C.;right;3888.85;3876.38;25.9;25.64;13.38;13.29;152.66;151.88;3.42;1.84
S.C.sylvian._left;S.C.sylvian.;left;255.86;254.65;11.34;11.3;8.0;7.96;18.44;18.26;3.74;1.34
S.C.sylvian._right;S.C.sylvian.;right;241.23;238.1;14.56;14.48;9.64;9.62;11.32;11.16;3.99;1.19
S.Call._left;S.Call.;left;1190.72;1190.6;9.4;9.34;5.16;5.14;142.56;141.18;3.88;1.74
S.Call._right;S.Call.;right;1202.39;1202.5;11.2;11.16;6.06;6.04;128.76;127.64;3.06;2.47
S.Cu._left;S.Cu.;left;676.56;675.54;10.36;10.36;5.82;5.82;67.78;67.3;3.2;1.32
S.Cu._right;S.Cu.;right;841.74;839.79;16.38;16.36;10.21;10.15;46.74;46.46;3.26;0.88
S.F.inf._left;S.F.inf.;left;1448.22;1454.99;24.66;24.66;12.56;12.55;56.54;56.16;4.17;1.61
S.F.inf._right;S.F.inf.;right;1669.13;1680.38;20.9;20.58;14.56;14.49;57.74;57.32;4.05;1.22
S.F.inf.ant._left;S.F.inf.ant.;left;151.41;152.8;15.94;15.88;10.2;10.13;7.26;7.26;4.68;0.94
S.F.inf.ant._right;S.F.inf.ant.;right;1168.28;1165.93;16.48;16.48;10.02;10.02;64.84;64.34;4.15;0.85
S.F.int._left;S.F.int.;left;2903.14;2877.01;15.22;15.22;7.15;7.12;218.64;216.6;4.71;1.34
S.F.int._right;S.F.int.;right;3783.35;3776.78;18.06;18.0;7.47;7.45;286.54;284.34;4.49;1.25
S.F.inter._left;S.F.inter.;left;3913.65;3883.37;21.82;21.6;11.66;11.61;173.06;171.72;3.83;1.24
S.F.inter._right;S.F.inter.;right;1952.75;1944.89;18.68;18.56;9.99;9.95;98.94;98.3;4.16;1.05
S.F.marginal._left;S.F.marginal.;left;438.45;439.06;14.5;14.48;7.79;7.78;23.92;23.7;5.25;1.29
S.F.marginal._right;S.F.marginal.;right;1300.11;1306.7;16.76;16.76;8.3;8.28;89.96;89.32;4.83;0.83
S.F.median._left;S.F.median.;left;559.58;555.07;11.52;11.44;6.63;6.6;54.78;54.6;4.55;2.86
S.F.median._right;S.F.median.;right;904.98;903.38;10.86;10.78;6.03;5.99;54.22;53.98;5.39;1.43
S.F.orbitaire._left;S.F.orbitaire.;left;587.25;579.88;11.76;11.76;7.76;7.76;40.28;40.06;4.82;1.18
S.F.orbitaire._right;S.F.orbitaire.;right;383.98;383.01;11.98;11.98;7.84;7.83;26.52;26.32;4.76;1.19
S.F.polaire.tr._left;S.F.polaire.tr.;left;1093.38;1080.77;11.7;11.64;6.85;6.8;90.72;90.28;4.32;1.92
S.F.polaire.tr._right;S.F.polaire.tr.;right;822.41;817.7;11.56;11.48;6.65;6.62;67.14;66.88;4.24;1.41
S.F.sup._left;S.F.sup.;left;4672.62;4641.15;23.76;23.62;14.02;13.92;161.98;161.08;3.99;1.55
S.F.sup._right;S.F.sup.;right;4023.24;4007.89;22.74;22.54;11.76;11.68;175.28;174.34;4.12;1.54
S.GSM._left;S.GSM.;left;41.4;41.19;4.78;4.76;2.96;2.96;6.64;6.64;4.29;2.63
S.Li.ant._left;S.Li.ant.;left;674.96;678.61;14.24;14.06;9.73;9.65;38.08;37.96;3.42;0.77
S.Li.ant._right;S.Li.ant.;right;756.39;761.67;14.24;14.06;8.86;8.8;46.46;46.16;3.46;0.89
S.Li.post._left;S.Li.post.;left;262.09;261.22;10.8;10.72;7.74;7.7;20.06;19.98;3.68;1.35
S.Li.post._right;S.Li.post.;right;620.78;619.43;13.46;13.46;8.87;8.82;40.9;40.7;3.47;0.98
S.O.T.lat.ant._left;S.O.T.lat.ant.;left;694.85;689.87;14.82;14.66;7.52;7.45;47.62;47.5;4.92;1.24
S.O.T.lat.ant._right;S.O.T.lat.ant.;right;1854.83;1850.96;18.48;18.32;9.86;9.8;101.08;100.62;4.57;0.91
S.O.T.lat.int._left;S.O.T.lat.int.;left;407.46;403.53;13.2;13.1;6.02;5.97;38.2;38.16;4.3;1.04
S.O.T.lat.int._right;S.O.T.lat.int.;right;296.8;294.25;13.12;12.98;7.48;7.42;21.94;21.92;4.41;1.14
S.O.T.lat.med._left;S.O.T.lat.med.;left;1995.69;1996.71;21.22;21.18;14.23;14.13;82.88;82.6;4.35;1.03
S.O.T.lat.med._right;S.O.T.lat.med.;right;1400.98;1398.21;18.1;18.0;13.59;13.49;49.68;49.6;4.3;0.84
S.O.T.lat.post._left;S.O.T.lat.post.;left;665.65;662.79;20.7;20.62;12.04;12.02;25.84;25.78;4.34;0.93
S.O.T.lat.post._right;S.O.T.lat.post.;right;792.6;790.29;18.86;18.86;11.23;11.15;26.84;26.74;4.61;0.68
S.O.p._left;S.O.p.;left;nan;nan;nan;nan;nan;nan;nan;nan;nan;nan
S.O.p._right;S.O.p.;right;301.36;300.03;9.38;9.38;5.88;5.88;25.34;25.2;3.69;1.14
S.Olf._left;S.Olf.;left;1189.21;1186.75;13.82;13.68;8.56;8.49;80.6;80.44;4.42;0.67
S.Olf._right;S.Olf.;right;1086.61;1086.28;15.62;15.56;9.3;9.23;65.24;65.04;4.73;0.83
S.Or._left;S.Or.;left;2824.04;2827.23;15.14;15.04;7.16;7.11;213.22;212.5;5.0;1.15
S.Or._right;S.Or.;right;2081.26;2084.24;15.84;15.74;6.96;6.92;164.12;163.74;4.53;1.28
S.Pa.int._left;S.Pa.int.;left;525.32;527.44;13.76;13.6;6.23;6.19;46.04;45.68;3.82;1.72
S.Pa.int._right;S.Pa.int.;right;408.08;413.43;9.54;9.52;4.93;4.92;32.96;32.6;4.73;2.24
S.Pa.sup._left;S.Pa.sup.;left;329.99;332.72;15.12;14.94;9.35;9.26;21.42;21.34;3.5;4.16
S.Pa.sup._right;S.Pa.sup.;right;747.82;753.36;16.04;15.96;8.92;8.85;39.06;38.88;4.02;1.83
S.Pa.t._left;S.Pa.t.;left;31.25;31.39;14.62;14.6;12.93;12.9;0.0;0.0;2.55;1.55
S.Pa.t._right;S.Pa.t.;right;731.12;736.4;26.4;26.36;15.64;15.62;16.38;16.22;3.48;1.47
S.Pe.C.inf._left;S.Pe.C.inf.;left;23.1;23.31;4.48;4.48;2.95;2.95;4.4;4.34;4.55;3.89
S.Pe.C.inf._right;S.Pe.C.inf.;right;2133.45;2126.02;28.58;28.26;17.09;16.96;69.64;69.14;4.02;1.35
S.Pe.C.inter._left;S.Pe.C.inter.;left;1590.03;1584.56;23.68;23.46;15.2;15.08;51.4;51.04;3.99;1.15
S.Pe.C.inter._right;S.Pe.C.inter.;right;229.28;226.93;13.12;13.06;6.45;6.43;19.64;19.58;4.55;1.82
S.Pe.C.marginal._left;S.Pe.C.marginal.;left;321.3;320.1;16.5;16.46;10.27;10.23;0.7;0.7;5.45;0.23
S.Pe.C.marginal._right;S.Pe.C.marginal.;right;860.61;856.02;21.8;21.72;12.8;12.73;27.14;26.98;4.32;1.95
S.Pe.C.median._left;S.Pe.C.median.;left;1373.33;1363.36;19.5;19.36;9.42;9.34;58.02;57.9;3.53;2.09
S.Pe.C.median._right;S.Pe.C.median.;right;nan;nan;nan;nan;nan;nan;nan;nan;nan;nan
S.Pe.C.sup._left;S.Pe.C.sup.;left;118.84;117.82;14.26;14.12;8.54;8.47;5.36;5.34;3.7;1.28
S.Pe.C.sup._right;S.Pe.C.sup.;right;857.44;850.99;22.46;22.22;14.42;14.29;30.24;30.02;3.79;1.04
S.Po.C.sup._left;S.Po.C.sup.;left;307.39;307.66;12.16;12.06;5.98;5.95;25.06;25.0;5.85;0.7
S.Po.C.sup._right;S.Po.C.sup.;right;75.55;75.17;9.8;9.74;5.2;5.19;6.62;6.54;3.7;3.9
S.R.inf._left;S.R.inf.;left;348.89;345.22;7.3;7.28;5.25;5.25;37.96;37.64;5.34;0.72
S.R.inf._right;S.R.inf.;right;529.11;527.8;8.6;8.54;5.56;5.55;49.0;48.58;5.32;0.71
S.Rh._left;S.Rh.;left;601.94;600.94;8.1;8.08;5.09;5.06;46.44;46.28;5.51;0.77
S.Rh._right;S.Rh.;right;181.7;182.58;13.64;13.56;5.06;5.03;16.66;16.54;5.67;0.26
S.T.i.ant._left;S.T.i.ant.;left;2291.47;2307.33;19.02;18.86;10.51;10.44;112.24;111.4;4.86;0.99
S.T.i.ant._right;S.T.i.ant.;right;2859.44;2852.4;15.06;15.02;8.68;8.64;175.5;174.68;5.1;1.04
S.T.i.post._left;S.T.i.post.;left;861.12;853.27;20.78;20.76;9.25;9.24;48.86;48.58;4.52;1.14
S.T.i.post._right;S.T.i.post.;right;2647.48;2650.02;20.76;20.76;9.68;9.68;139.42;138.82;4.79;0.72
S.T.pol._left;S.T.pol.;left;1130.87;1133.41;14.44;14.34;7.81;7.78;77.02;76.78;5.29;1.23
S.T.pol._right;S.T.pol.;right;1156.77;1159.18;15.22;15.08;8.23;8.18;75.46;75.04;5.0;1.11
S.T.s._left;S.T.s.;left;3443.81;3454.37;25.74;25.62;13.47;13.44;124.48;123.56;4.31;1.06
S.T.s._right;S.T.s.;right;5002.83;5047.04;28.3;28.22;16.83;16.8;144.12;143.3;4.31;0.95
S.T.s.ter.asc.ant._left;S.T.s.ter.asc.ant.;left;1102.0;1110.73;20.8;20.78;14.25;14.24;36.82;36.72;4.01;1.05
S.T.s.ter.asc.ant._right;S.T.s.ter.asc.ant.;right;2525.29;2520.21;28.86;28.72;14.28;14.26;84.76;84.14;3.96;0.86
S.T.s.ter.asc.post._left;S.T.s.ter.asc.post.;left;2261.26;2279.87;22.64;22.64;14.08;14.07;89.26;88.7;3.89;1.33
S.T.s.ter.asc.post._right;S.T.s.ter.asc.post.;right;774.82;780.55;21.08;21.08;9.73;9.72;39.1;38.96;4.01;0.94
S.p.C._left;S.p.C.;left;nan;nan;nan;nan;nan;nan;nan;nan;nan;nan
S.p.C._right;S.p.C.;right;98.53;96.98;5.98;5.98;3.7;3.7;15.34;15.18;4.74;4.05
S.s.P._left;S.s.P.;left;1149.61;1144.48;13.96;13.96;8.19;8.17;78.8;78.28;4.28;0.95
S.s.P._right;S.s.P.;right;924.61;921.95;15.08;15.06;7.53;7.52;59.3;58.74;4.77;0.7