sulcus;label;side;surface_talairach;surface_native;maxdepth_talairach;maxdepth_native;meandepth_talairach;meandepth_native;hull_junction_length_talairach;hull_junction_length_native;GM_thickness;opening
F.C.L.a._left;F.C.L.a.;left;2293.48;2251.67;21.02;20.8;10.56;10.42;93.12;92.08;4.56;3.6
F.C.L.a._right;F.C.L.a.;right;2372.43;2334.47;21.7;21.42;13.51;13.35;86.94;85.96;4.38;3.25
F.C.L.p._left;F.C.L.p.;left;4976.56;4874.05;38.98;38.66;18.54;18.41;116.32;114.86;4.0;1.28
F.C.L.p._right;F.C.L.p.;right;5101.48;5020.68;34.52;34.26;16.77;16.66;125.24;123.94;3.79;1.3
F.C.L.r.ant._left;F.C.L.r.ant.;left;872.1;854.91;25.32;25.06;10.68;10.56;42.74;42.34;4.19;1.41
F.C.L.r.ant._right;F.C.L.r.ant.;right;422.98;416.36;19.7;19.46;10.36;10.25;17.86;17.8;4.27;1.61
F.C.L.r.asc._left;F.C.L.r.asc.;left;996.32;973.85;21.1;20.86;10.11;10.06;38.14;37.48;4.01;1.33
F.C.L.r.asc._right;F.C.L.r.asc.;right;883.68;865.53;23.7;23.52;9.67;9.61;48.0;47.08;4.2;1.41
F.C.L.r.diag._left;F.C.L.r.diag.;left;700.1;681.44;18.6;18.48;12.54;12.44;30.2;29.68;3.42;0.96
F.C.L.r.diag._right;F.C.L.r.diag.;right;nan;nan;nan;nan;nan;nan;nan;nan;nan;nan
F.C.L.r.retroC.tr._left;F.C.L.r.retroC.tr.;left;52.94;52.16;14.16;14.02;10.12;10.03;0.0;0.0;3.95;0.67
F.C.L.r.retroC.tr._right;F.C.L.r.retroC.tr.;right;159.1;155.65;7.52;7.52;5.32;5.3;16.98;16.74;4.64;1.6
F.C.L.r.sc.ant._left;F.C.L.r.sc.ant.;left;138.61;134.55;16.74;16.66;11.01;10.98;3.66;3.6;4.51;0.34
F.C.L.r.sc.ant._right;F.C.L.r.sc.ant.;right;nan;nan;nan;nan;nan;nan;nan;nan;nan;nan
F.C.L.r.sc.post._left;F.C.L.r.sc.post.;left;351.82;345.34;27.54;27.36;17.41;17.3;0.0;0.0;3.58;1.07
F.C.L.r.sc.post._right;F.C.L.r.sc.post.;right;nan;nan;nan;nan;nan;nan;nan;nan;nan;nan
F.C.M.ant._left;F.C.M.ant.;left;2421.48;2383.36;15.28;15.24;8.36;8.3;154.46;152.12;4.94;0.89
F.C.M.ant._right;F.C.M.ant.;right;2027.54;1988.46;15.24;15.18;10.34;10.26;108.84;107.08;4.7;1.15
F.C.M.post._left;F.C.M.post.;left;2732.47;2682.69;21.56;21.42;11.2;11.1;121.92;120.22;3.83;1.66
F.C.M.post._right;F.C.M.post.;right;2700.19;2652.03;21.4;21.22;11.26;11.17;129.1;127.14;3.9;1.52
F.Cal.ant.-Sc.Cal._left;F.Cal.ant.-Sc.Cal.;left;3200.55;3136.67;23.18;23.0;12.02;11.94;147.2;145.02;3.26;1.06
F.Cal.ant.-Sc.Cal._right;F.Cal.ant.-Sc.Cal.;right;1963.05;1934.49;19.44;19.4;12.68;12.59;71.4;70.68;3.28;1.24
F.Coll._left;F.Coll.;left;3088.36;3026.58;16.56;16.38;10.59;10.41;158.5;157.3;3.98;0.74
F.Coll._right;F.Coll.;right;2395.3;2350.06;17.74;17.56;11.61;11.44;108.24;107.58;3.92;0.91
F.I.P.Po.C.inf._left;F.I.P.Po.C.inf.;left;1134.55;1111.59;18.02;17.66;9.26;9.14;69.72;68.64;3.82;1.68
F.I.P.Po.C.inf._right;F.I.P.Po.C.inf.;right;2194.97;2155.05;25.82;25.42;14.28;14.09;83.74;83.0;3.47;1.83
F.I.P._left;F.I.P.;left;6470.93;6344.69;28.16;27.78;15.34;15.15;219.36;217.08;3.44;2.03
F.I.P._right;F.I.P.;right;7939.87;7783.52;29.6;29.22;14.09;13.94;290.44;287.78;3.43;1.72
F.I.P.r.int.1_left;F.I.P.r.int.1;left;339.68;334.88;13.32;13.26;6.37;6.34;23.7;23.54;4.37;1.53
F.I.P.r.int.1_right;F.I.P.r.int.1;right;576.32;563.86;11.9;11.84;7.52;7.47;34.6;34.18;4.53;1.62
F.I.P.r.int.2_left;F.I.P.r.int.2;left;99.13;97.71;7.46;7.44;4.72;4.7;10.32;10.14;4.22;2.82
F.I.P.r.int.2_right;F.I.P.r.int.2;right;422.83;414.0;21.44;21.2;20.05;19.85;20.7;20.44;3.45;1.18
F.P.O._left;F.P.O.;left;3250.89;3187.18;28.76;28.3;15.16;15.01;91.7;90.36;3.35;1.4
F.P.O._right;F.P.O.;right;3227.36;3177.5;30.28;29.94;17.42;17.22;98.6;97.28;3.23;1.16
INSULA_left;INSULA;left;6421.85;6291.2;43.82;43.58;27.02;26.74;12.4;12.4;4.17;1.45
INSULA_right;INSULA;right;6678.87;6547.55;37.54;37.26;18.34;18.13;5.06;5.06;4.08;1.44
OCCIPITAL_left;OCCIPITAL;left;2398.08;2356.68;15.5;15.34;8.14;8.05;156.26;154.5;3.47;1.34
OCCIPITAL_right;OCCIPITAL;right;4276.65;4187.73;20.56;20.4;9.67;9.56;235.42;232.46;3.55;1.15
S.C.LPC._left;S.C.LPC.;left;nan;nan;nan;nan;nan;nan;nan;nan;nan;nan
S.C.LPC._right;S.C.LPC.;right;nan;nan;nan;nan;nan;nan;nan;nan;nan;nan
S.C._left;S.C.;left;4745.37;4629.1;26.9;26.62;13.25;13.07;183.46;181.42;3.6;1.98
S.C._right;S.C.;right;4324.56;4246.33;26.96;26.8;14.28;14.11;149.36;147.42;3.47;1.81
S.C.sylvian._left;S.C.sylvian.;left;nan;nan;nan;nan;nan;nan;nan;nan;nan;nan
S.C.sylvian._right;S.C.sylvian.;right;222.7;218.91;13.52;13.4;7.62;7.56;10.98;10.84;4.39;1.6
S.Call._left;S.Call.;left;1553.08;1527.03;10.52;10.46;5.8;5.77;155.76;153.98;3.49;2.06
S.Call._right;S.Call.;right;1876.52;1843.81;11.7;11.62;6.38;6.34;174.94;172.76;3.61;1.74
S.Cu._left;S.Cu.;left;866.4;849.37;13.92;13.82;9.59;9.48;44.06;43.38;3.18;1.06
S.Cu._right;S.Cu.;right;791.93;777.17;12.8;12.68;7.97;7.91;52.98;51.88;3.43;1.16
S.F.inf._left;S.F.inf.;left;1909.51;1873.08;22.86;22.78;11.03;10.94;87.24;86.28;3.92;1.31
S.F.inf._right;S.F.inf.;right;1235.7;1214.96;19.12;19.02;10.9;10.82;60.0;59.18;3.96;1.63
S.F.inf.ant._left;S.F.inf.ant.;left;170.55;167.87;9.14;9.02;4.91;4.85;16.24;16.02;4.84;1.3
S.F.inf.ant._right;S.F.inf.ant.;right;1194.45;1173.77;16.72;16.62;9.21;9.14;71.18;70.06;3.53;1.33
S.F.int._left;S.F.int.;left;2946.41;2891.36;14.56;14.44;6.45;6.4;231.42;228.38;4.89;1.45
S.F.int._right;S.F.int.;right;2307.65;2262.77;13.84;13.78;6.38;6.34;201.8;198.58;4.84;1.72
S.F.inter._left;S.F.inter.;left;1915.9;1869.59;17.84;17.78;9.7;9.63;106.14;104.78;3.94;1.35
S.F.inter._right;S.F.inter.;right;3481.57;3417.04;18.34;18.22;9.07;8.99;209.8;207.52;3.95;1.39
S.F.marginal._left;S.F.marginal.;left;592.82;582.23;13.2;13.16;6.84;6.79;48.94;48.38;4.19;1.63
S.F.marginal._right;S.F.marginal.;right;709.09;697.19;15.12;14.94;10.48;10.39;38.84;38.3;4.44;1.94
S.F.median._left;S.F.median.;left;1474.89;1442.76;12.2;12.04;6.15;6.06;95.2;94.32;5.63;1.51
S.F.median._right;S.F.median.;right;691.09;676.91;11.2;11.04;5.87;5.76;65.98;65.36;5.15;2.74
S.F.orbitaire._left;S.F.orbitaire.;left;471.71;460.95;12.06;11.92;8.16;8.08;29.92;29.62;4.08;1.48
S.F.orbitaire._right;S.F.orbitaire.;right;231.09;227.18;6.94;6.92;4.75;4.72;30.46;30.0;4.79;1.39
S.F.polaire.tr._left;S.F.polaire.tr.;left;684.92;670.98;10.98;10.9;5.14;5.1;69.34;68.74;4.16;2.79
S.F.polaire.tr._right;S.F.polaire.tr.;right;464.61;456.75;8.62;8.5;4.79;4.75;57.04;56.48;4.26;2.49
S.F.sup._left;S.F.sup.;left;5744.88;5614.87;21.24;20.94;12.24;12.1;226.42;224.24;3.88;1.5
S.F.sup._right;S.F.sup.;right;4409.14;4307.52;23.8;23.56;13.65;13.49;137.04;135.68;3.91;1.75
S.GSM._left;S.GSM.;left;65.81;64.85;5.62;5.56;3.52;3.49;9.78;9.62;4.07;4.6
S.Li.ant._left;S.Li.ant.;left;596.41;585.84;12.2;11.96;8.93;8.83;32.58;32.34;4.08;0.39
S.Li.ant._right;S.Li.ant.;right;437.94;431.96;10.38;10.18;7.12;7.02;31.16;30.98;3.3;0.99
S.Li.post._left;S.Li.post.;left;902.63;886.36;17.48;17.14;8.1;7.99;57.48;56.82;3.27;0.74
S.Li.post._right;S.Li.post.;right;516.21;502.1;9.6;9.5;6.63;6.56;44.68;44.18;3.47;1.43
S.O.T.lat.ant._left;S.O.T.lat.ant.;left;311.83;305.26;14.8;14.52;5.37;5.29;27.2;27.04;5.41;1.16
S.O.T.lat.ant._right;S.O.T.lat.ant.;right;1526.71;1489.4;16.78;16.64;9.37;9.23;84.58;83.96;4.42;0.91
S.O.T.lat.int._left;S.O.T.lat.int.;left;239.44;234.37;7.32;7.14;4.84;4.73;27.92;27.76;4.72;2.31
S.O.T.lat.int._right;S.O.T.lat.int.;right;905.03;885.99;14.22;13.86;8.37;8.18;58.3;57.74;4.4;1.39
S.O.T.lat.med._left;S.O.T.lat.med.;left;1228.57;1201.53;21.46;21.2;14.96;14.72;43.14;42.84;4.1;1.03
S.O.T.lat.med._right;S.O.T.lat.med.;right;537.94;525.3;16.74;16.34;11.17;10.93;25.04;24.78;4.45;1.04
S.O.T.lat.post._left;S.O.T.lat.post.;left;1263.11;1233.82;21.42;21.02;10.86;10.7;68.84;68.0;4.31;0.95
S.O.T.lat.post._right;S.O.T.lat.post.;right;1342.95;1310.69;21.74;21.64;10.91;10.74;66.96;66.5;4.5;0.9
S.O.p._left;S.O.p.;left;nan;nan;nan;nan;nan;nan;nan;nan;nan;nan
S.O.p._right;S.O.p.;right;611.27;598.04;15.5;15.34;8.87;8.79;37.54;37.16;3.33;1.43
S.Olf._left;S.Olf.;left;754.87;739.92;12.42;12.18;6.87;6.73;60.06;59.74;4.39;1.59
S.Olf._right;S.Olf.;right;1131.02;1102.8;12.2;11.9;8.32;8.13;86.48;85.9;4.46;1.68
S.Or._left;S.Or.;left;2223.65;2171.73;14.26;14.02;7.26;7.12;162.64;161.58;4.74;1.42
S.Or._right;S.Or.;right;1468.78;1438.18;13.8;13.44;7.29;7.13;103.32;102.48;4.22;1.89
S.Pa.int._left;S.Pa.int.;left;301.61;297.52;9.9;9.8;7.24;7.2;20.2;20.1;3.92;1.78
S.Pa.int._right;S.Pa.int.;right;1365.52;1340.73;12.98;12.86;7.86;7.8;94.14;92.86;4.31;1.79
S.Pa.sup._left;S.Pa.sup.;left;653.48;640.71;13.32;13.08;7.57;7.44;46.28;45.82;3.4;3.21
S.Pa.sup._right;S.Pa.sup.;right;nan;nan;nan;nan;nan;nan;nan;nan;nan;nan
S.Pa.t._left;S.Pa.t.;left;275.93;269.89;16.38;16.3;9.75;9.69;19.6;19.34;3.68;2.21
S.Pa.t._right;S.Pa.t.;right;501.73;493.23;24.2;23.94;15.76;15.63;9.1;9.04;3.22;1.7
S.Pe.C.inf._left;S.Pe.C.inf.;left;671.3;653.52;14.7;14.5;7.58;7.51;25.02;24.74;4.38;1.4
S.Pe.C.inf._right;S.Pe.C.inf.;right;1186.33;1164.32;23.76;23.62;13.84;13.77;41.54;40.62;4.19;1.59
S.Pe.C.inter._left;S.Pe.C.inter.;left;1808.33;1774.0;14.22;14.02;7.55;7.48;56.46;55.72;4.34;1.21
S.Pe.C.inter._right;S.Pe.C.inter.;right;1952.9;1918.72;26.46;26.28;11.55;11.45;76.48;75.72;4.71;1.51
S.Pe.C.marginal._left;S.Pe.C.marginal.;left;25.34;24.89;15.54;15.34;14.08;13.87;0.0;0.0;4.16;1.24
S.Pe.C.marginal._right;S.Pe.C.marginal.;right;759.54;746.4;19.52;19.34;10.1;10.02;28.38;28.2;4.7;2.47
S.Pe.C.median._left;S.Pe.C.median.;left;159.75;155.8;9.92;9.66;5.9;5.75;15.4;15.26;4.73;2.31
S.Pe.C.median._right;S.Pe.C.median.;right;320.16;312.84;10.32;10.14;4.51;4.43;19.84;19.74;4.88;1.46
S.Pe.C.sup._left;S.Pe.C.sup.;left;170.21;167.19;10.8;10.72;6.96;6.91;12.32;12.2;3.47;1.55
S.Pe.C.sup._right;S.Pe.C.sup.;right;330.37;322.31;14.7;14.5;8.47;8.39;21.28;21.12;4.13;1.54
S.Po.C.sup._left;S.Po.C.sup.;left;941.34;921.48;18.32;18.1;11.49;11.3;46.3;45.74;3.62;3.54
S.Po.C.sup._right;S.Po.C.sup.;right;1173.44;1144.65;20.46;20.38;10.03;9.9;62.42;61.86;3.41;2.7
S.R.inf._left;S.R.inf.;left;215.06;211.88;10.1;10.08;5.31;5.29;21.44;21.14;4.81;2.08
S.R.inf._right;S.R.inf.;right;529.75;519.74;13.52;13.4;6.43;6.39;43.94;43.58;4.28;1.36
S.Rh._left;S.Rh.;left;1337.94;1313.77;16.24;16.1;9.15;9.06;80.62;80.12;4.55;0.82
S.Rh._right;S.Rh.;right;449.64;440.22;11.68;11.68;6.6;6.54;34.72;34.56;5.36;1.33
S.T.i.ant._left;S.T.i.ant.;left;2433.26;2383.0;15.42;15.22;8.25;8.13;143.36;141.76;5.37;0.96
S.T.i.ant._right;S.T.i.ant.;right;2682.63;2632.75;16.48;16.26;8.4;8.31;176.62;174.82;4.95;0.79
S.T.i.post._left;S.T.i.post.;left;1520.34;1498.14;18.94;18.68;11.65;11.54;71.84;70.96;4.46;1.22
S.T.i.post._right;S.T.i.post.;right;1003.15;981.1;17.36;17.24;7.86;7.77;55.8;54.92;4.57;1.37
S.T.pol._left;S.T.pol.;left;1030.84;1009.89;12.68;12.48;6.12;6.05;91.16;90.14;5.99;0.84
S.T.pol._right;S.T.pol.;right;1107.65;1090.08;13.52;13.38;7.55;7.48;72.02;71.3;5.16;1.59
S.T.s._left;S.T.s.;left;6265.21;6155.31;25.96;25.92;14.57;14.47;246.4;243.56;4.39;1.17
S.T.s._right;S.T.s.;right;3960.74;3901.31;29.26;29.14;14.46;14.36;134.48;132.98;4.55;1.21
S.T.s.ter.asc.ant._left;S.T.s.ter.asc.ant.;left;276.68;271.94;15.98;15.8;13.04;12.91;11.36;11.16;3.71;1.3
S.T.s.ter.asc.ant._right;S.T.s.ter.asc.ant.;right;1590.06;1559.49;25.42;25.16;15.2;15.05;48.22;47.68;3.61;1.08
S.T.s.ter.asc.post._left;S.T.s.ter.asc.post.;left;1687.88;1660.12;23.54;23.26;15.29;15.15;51.48;51.02;3.85;1.77
S.T.s.ter.asc.post._right;S.T.s.ter.asc.post.;right;1278.95;1251.88;25.42;25.16;19.61;19.46;27.6;27.16;3.32;0.88
S.p.C._left;S.p.C.;left;108.56;106.09;7.3;7.28;4.53;4.52;15.92;15.66;4.62;5.16
S.p.C._right;S.p.C.;right;105.16;103.21;8.02;7.94;5.14;5.1;13.18;12.94;4.65;3.4
S.s.P._left;S.s.P.;left;1998.35;1952.04;25.68;25.46;10.62;10.55;88.46;86.86;4.26;1.12
S.s.P._right;S.s.P.;right;1312.55;1291.4;15.74;15.64;8.69;8.64;78.72;77.72;4.05;1.07