sulcus;label;side;surface_talairach;surface_native;maxdepth_talairach;maxdepth_native;meandepth_talairach;meandepth_native;hull_junction_length_talairach;hull_junction_length_native;GM_thickness;opening
F.C.L.a._left;F.C.L.a.;left;2351.01;2358.25;31.96;31.9;19.77;19.73;71.6;71.46;4.03;3.44
F.C.L.a._right;F.C.L.a.;right;1473.86;1485.55;13.68;13.68;5.64;5.62;94.46;94.28;3.99;3.83
F.C.L.p._left;F.C.L.p.;left;4417.03;4440.57;31.02;31.02;13.65;13.65;118.5;117.62;4.39;1.61
F.C.L.p._right;F.C.L.p.;right;3989.23;4017.87;37.9;37.9;16.96;16.96;111.38;110.58;4.14;1.54
F.C.L.r.ant._left;F.C.L.r.ant.;left;730.26;731.41;23.48;23.48;11.92;11.92;32.92;32.8;3.85;1.97
F.C.L.r.ant._right;F.C.L.r.ant.;right;866.33;864.07;14.78;14.76;10.22;10.22;19.46;19.4;4.04;1.07
F.C.L.r.asc._left;F.C.L.r.asc.;left;725.5;722.8;24.08;24.08;13.59;13.59;29.52;29.38;4.2;1.75
F.C.L.r.asc._right;F.C.L.r.asc.;right;801.51;798.67;13.18;13.16;8.78;8.76;29.7;29.58;4.39;1.52
F.C.L.r.diag._left;F.C.L.r.diag.;left;nan;nan;nan;nan;nan;nan;nan;nan;nan;nan
F.C.L.r.diag._right;F.C.L.r.diag.;right;nan;nan;nan;nan;nan;nan;nan;nan;nan;nan
F.C.L.r.retroC.tr._left;F.C.L.r.retroC.tr.;left;nan;nan;nan;nan;nan;nan;nan;nan;nan;nan
F.C.L.r.retroC.tr._right;F.C.L.r.retroC.tr.;right;770.98;769.19;17.92;17.92;14.93;14.93;28.56;28.26;3.98;1.17
F.C.L.r.sc.ant._left;F.C.L.r.sc.ant.;left;670.93;668.05;17.68;17.68;11.23;11.23;21.62;21.38;4.34;0.86
F.C.L.r.sc.ant._right;F.C.L.r.sc.ant.;right;284.69;284.84;33.48;33.48;24.93;24.92;0.0;0.0;3.48;0.75
F.C.L.r.sc.post._left;F.C.L.r.sc.post.;left;nan;nan;nan;nan;nan;nan;nan;nan;nan;nan
F.C.L.r.sc.post._right;F.C.L.r.sc.post.;right;66.73;66.46;11.4;11.4;9.03;9.03;0.0;0.0;4.79;0.73
F.C.M.ant._left;F.C.M.ant.;left;1875.26;1894.53;13.12;13.12;8.63;8.63;121.4;120.26;4.52;1.0
F.C.M.ant._right;F.C.M.ant.;right;2472.15;2481.04;14.94;14.94;9.51;9.51;133.54;132.38;4.93;1.08
F.C.M.post._left;F.C.M.post.;left;2637.86;2649.68;19.14;19.14;11.73;11.72;131.2;130.62;4.05;1.12
F.C.M.post._right;F.C.M.post.;right;2335.09;2344.8;18.48;18.48;11.39;11.39;107.5;106.58;4.06;1.02
F.Cal.ant.-Sc.Cal._left;F.Cal.ant.-Sc.Cal.;left;2560.13;2564.23;30.2;30.2;14.29;14.29;86.42;85.86;3.06;1.05
F.Cal.ant.-Sc.Cal._right;F.Cal.ant.-Sc.Cal.;right;2873.7;2880.36;30.06;30.06;14.38;14.38;116.86;116.12;3.13;1.08
F.Coll._left;F.Coll.;left;3398.89;3405.21;17.22;17.22;11.96;11.95;143.64;143.22;3.66;0.89
F.Coll._right;F.Coll.;right;3798.77;3818.47;18.68;18.68;11.79;11.78;160.58;160.04;3.82;1.01
F.I.P.Po.C.inf._left;F.I.P.Po.C.inf.;left;3496.23;3505.02;28.6;28.6;16.03;16.02;110.82;110.66;3.5;1.51
F.I.P.Po.C.inf._right;F.I.P.Po.C.inf.;right;2152.05;2163.76;29.4;29.38;17.44;17.44;62.12;62.04;3.62;1.73
F.I.P._left;F.I.P.;left;6508.8;6537.46;23.6;23.24;12.14;12.06;291.72;291.06;3.71;1.38
F.I.P._right;F.I.P.;right;6667.41;6697.26;27.24;27.22;13.59;13.54;243.2;242.54;3.88;1.52
F.I.P.r.int.1_left;F.I.P.r.int.1;left;141.68;142.36;8.54;8.54;5.54;5.54;11.8;11.68;4.52;1.72
F.I.P.r.int.1_right;F.I.P.r.int.1;right;799.65;798.7;17.32;17.32;12.07;12.07;34.76;34.52;3.84;1.27
F.I.P.r.int.2_left;F.I.P.r.int.2;left;426.53;431.43;14.86;14.86;11.16;11.15;23.82;23.8;3.26;1.13
F.I.P.r.int.2_right;F.I.P.r.int.2;right;378.87;383.76;11.2;11.2;7.0;7.0;30.82;30.78;3.71;1.55
F.P.O._left;F.P.O.;left;2220.94;2231.81;25.5;25.5;16.91;16.88;60.76;60.22;4.0;1.23
F.P.O._right;F.P.O.;right;2427.8;2440.7;27.0;26.94;18.01;17.98;61.14;60.62;3.91;1.09
INSULA_left;INSULA;left;5134.16;5143.38;35.68;35.68;25.08;25.06;5.3;5.28;4.16;1.57
INSULA_right;INSULA;right;5835.23;5845.6;41.2;41.2;23.62;23.58;20.32;20.3;4.15;1.86
OCCIPITAL_left;OCCIPITAL;left;2918.58;2914.69;15.4;15.36;8.19;8.18;190.16;189.96;3.27;0.86
OCCIPITAL_right;OCCIPITAL;right;3456.6;3458.07;16.2;16.2;8.28;8.27;209.6;209.26;3.44;0.74
S.C.LPC._left;S.C.LPC.;left;43.95;44.54;5.76;5.76;3.65;3.65;8.14;8.04;4.11;2.65
S.C.LPC._right;S.C.LPC.;right;nan;nan;nan;nan;nan;nan;nan;nan;nan;nan
S.C._left;S.C.;left;3679.0;3679.7;26.88;26.86;11.88;11.87;156.86;156.54;3.72;1.78
S.C._right;S.C.;right;4597.33;4607.53;26.5;26.48;14.6;14.59;173.62;173.22;3.78;1.52
S.C.sylvian._left;S.C.sylvian.;left;nan;nan;nan;nan;nan;nan;nan;nan;nan;nan
S.C.sylvian._right;S.C.sylvian.;right;288.74;288.48;16.54;16.54;12.31;12.3;9.24;9.16;4.97;0.8
S.Call._left;S.Call.;left;1310.16;1312.82;10.18;10.18;5.6;5.6;138.12;137.12;3.47;2.16
S.Call._right;S.Call.;right;1745.89;1750.92;12.14;12.14;6.41;6.41;145.32;144.18;3.68;1.65
S.Cu._left;S.Cu.;left;918.22;921.66;11.16;11.16;6.8;6.79;76.56;76.0;3.55;0.86
S.Cu._right;S.Cu.;right;1251.87;1259.15;14.14;14.14;8.05;8.02;86.7;86.18;3.73;1.08
S.F.inf._left;S.F.inf.;left;3242.15;3250.24;26.52;26.52;16.21;16.21;104.94;104.14;4.05;1.26
S.F.inf._right;S.F.inf.;right;1323.35;1337.96;26.96;26.96;16.18;16.18;39.22;38.78;4.07;1.27
S.F.inf.ant._left;S.F.inf.ant.;left;nan;nan;nan;nan;nan;nan;nan;nan;nan;nan
S.F.inf.ant._right;S.F.inf.ant.;right;2018.89;2018.59;18.2;18.2;10.86;10.86;100.1;99.8;3.56;0.85
S.F.int._left;S.F.int.;left;2718.16;2714.32;13.86;13.86;5.81;5.81;254.74;253.04;4.57;1.37
S.F.int._right;S.F.int.;right;2064.3;2056.51;12.46;12.46;6.39;6.39;190.84;189.22;4.5;1.39
S.F.inter._left;S.F.inter.;left;2166.84;2157.87;18.24;18.24;8.92;8.92;119.76;119.6;3.78;1.51
S.F.inter._right;S.F.inter.;right;2866.9;2865.74;21.02;20.76;10.39;10.37;130.18;129.88;3.92;1.18
S.F.marginal._left;S.F.marginal.;left;756.74;754.98;14.26;14.24;8.88;8.86;42.2;42.18;4.04;1.74
S.F.marginal._right;S.F.marginal.;right;861.32;865.85;15.84;15.84;9.56;9.54;50.62;50.62;4.02;1.6
S.F.median._left;S.F.median.;left;1853.77;1843.21;19.78;19.78;8.07;8.03;113.74;113.64;4.23;1.6
S.F.median._right;S.F.median.;right;1177.69;1173.8;14.46;14.3;7.74;7.66;74.74;74.54;4.57;1.71
S.F.orbitaire._left;S.F.orbitaire.;left;322.13;323.48;10.92;10.92;6.86;6.86;26.72;26.58;3.54;1.56
S.F.orbitaire._right;S.F.orbitaire.;right;217.2;215.87;8.78;8.78;6.31;6.31;18.3;18.2;4.35;1.54
S.F.polaire.tr._left;S.F.polaire.tr.;left;676.4;673.26;10.32;10.18;5.89;5.86;70.12;70.1;3.99;2.31
S.F.polaire.tr._right;S.F.polaire.tr.;right;747.23;746.03;10.24;10.22;5.85;5.8;73.06;72.86;4.44;2.08
S.F.sup._left;S.F.sup.;left;5118.36;5103.86;24.06;24.06;13.16;13.12;193.62;192.8;3.95;1.19
S.F.sup._right;S.F.sup.;right;2649.84;2646.46;24.06;24.06;12.47;12.42;113.52;113.34;4.13;1.35
S.GSM._left;S.GSM.;left;135.42;135.99;9.58;9.58;4.33;4.33;17.38;17.28;4.81;2.8
S.Li.ant._left;S.Li.ant.;left;1065.88;1074.81;14.34;14.34;10.08;10.05;54.42;54.38;3.36;0.88
S.Li.ant._right;S.Li.ant.;right;507.14;510.46;12.7;12.7;8.51;8.51;32.16;32.08;3.2;0.73
S.Li.post._left;S.Li.post.;left;661.51;662.32;12.32;12.32;6.73;6.72;52.92;52.74;3.26;0.92
S.Li.post._right;S.Li.post.;right;539.56;541.02;11.18;11.18;7.46;7.46;38.9;38.76;3.17;0.65
S.O.T.lat.ant._left;S.O.T.lat.ant.;left;1070.51;1067.51;13.0;12.92;7.1;7.04;76.12;76.0;5.39;1.01
S.O.T.lat.ant._right;S.O.T.lat.ant.;right;1399.65;1395.3;17.28;17.22;7.81;7.76;99.8;99.68;4.75;1.39
S.O.T.lat.int._left;S.O.T.lat.int.;left;77.49;77.49;6.52;6.5;4.4;4.4;11.12;11.12;4.26;3.67
S.O.T.lat.int._right;S.O.T.lat.int.;right;84.93;85.05;5.74;5.74;3.78;3.78;13.72;13.68;4.2;1.33
S.O.T.lat.med._left;S.O.T.lat.med.;left;1174.0;1171.03;17.94;17.9;11.71;11.65;50.94;50.82;4.3;1.12
S.O.T.lat.med._right;S.O.T.lat.med.;right;182.33;180.95;13.72;13.54;8.43;8.36;9.76;9.76;4.9;0.88
S.O.T.lat.post._left;S.O.T.lat.post.;left;181.03;180.22;9.24;9.22;4.59;4.59;19.72;19.72;4.6;0.85
S.O.T.lat.post._right;S.O.T.lat.post.;right;1122.03;1119.81;16.94;16.9;11.86;11.82;44.88;44.82;4.07;0.72
S.O.p._left;S.O.p.;left;286.65;284.81;11.42;11.36;6.73;6.72;21.14;21.1;3.06;0.59
S.O.p._right;S.O.p.;right;68.47;68.81;5.76;5.76;4.35;4.35;7.06;7.02;4.48;1.67
S.Olf._left;S.Olf.;left;1023.67;1021.72;13.08;13.08;8.74;8.73;70.22;69.94;4.0;1.29
S.Olf._right;S.Olf.;right;1290.04;1290.28;13.86;13.86;10.1;10.08;78.34;78.18;4.1;1.16
S.Or._left;S.Or.;left;1633.18;1635.47;13.12;13.12;7.49;7.47;123.76;123.5;4.31;1.98
S.Or._right;S.Or.;right;1981.01;1982.31;12.9;12.84;6.98;6.95;165.48;165.04;4.49;1.44
S.Pa.int._left;S.Pa.int.;left;1091.69;1095.76;18.72;18.44;7.23;7.19;72.62;72.4;4.5;1.36
S.Pa.int._right;S.Pa.int.;right;1077.9;1087.85;14.14;14.14;7.71;7.71;72.36;71.68;4.05;1.19
S.Pa.sup._left;S.Pa.sup.;left;482.1;483.49;13.78;13.7;7.07;7.04;31.74;31.72;5.0;1.69
S.Pa.sup._right;S.Pa.sup.;right;nan;nan;nan;nan;nan;nan;nan;nan;nan;nan
S.Pa.t._left;S.Pa.t.;left;nan;nan;nan;nan;nan;nan;nan;nan;nan;nan
S.Pa.t._right;S.Pa.t.;right;53.79;53.8;8.76;8.76;8.41;8.41;2.94;2.94;3.75;0.57
S.Pe.C.inf._left;S.Pe.C.inf.;left;999.56;998.69;21.24;21.24;14.19;14.19;38.9;38.86;5.11;1.64
S.Pe.C.inf._right;S.Pe.C.inf.;right;1006.72;1004.09;22.82;22.82;14.3;14.29;35.9;35.76;4.93;1.76
S.Pe.C.inter._left;S.Pe.C.inter.;left;596.05;594.82;17.14;17.14;11.44;11.44;25.14;25.02;3.69;1.06
S.Pe.C.inter._right;S.Pe.C.inter.;right;2067.67;2070.8;26.5;26.5;11.84;11.84;91.04;90.78;4.38;1.47
S.Pe.C.marginal._left;S.Pe.C.marginal.;left;680.28;678.57;19.78;19.76;14.84;14.8;23.24;23.14;3.54;1.06
S.Pe.C.marginal._right;S.Pe.C.marginal.;right;1203.25;1205.4;22.7;22.7;13.9;13.88;43.54;43.5;4.44;1.27
S.Pe.C.median._left;S.Pe.C.median.;left;1323.86;1318.73;21.22;21.22;13.09;13.07;51.56;51.54;3.36;1.39
S.Pe.C.median._right;S.Pe.C.median.;right;44.16;44.13;6.92;6.92;3.09;3.08;7.38;7.38;5.79;1.66
S.Pe.C.sup._left;S.Pe.C.sup.;left;107.92;107.31;15.78;15.78;13.17;13.17;4.34;4.34;4.06;0.99
S.Pe.C.sup._right;S.Pe.C.sup.;right;611.84;609.68;22.9;22.9;10.71;10.69;22.7;22.68;3.99;1.27
S.Po.C.sup._left;S.Po.C.sup.;left;682.57;683.69;18.84;18.72;8.85;8.84;30.38;30.38;4.22;2.36
S.Po.C.sup._right;S.Po.C.sup.;right;1008.88;1013.27;18.3;18.3;8.83;8.82;62.8;62.72;3.92;2.12
S.R.inf._left;S.R.inf.;left;419.26;415.56;9.8;9.8;6.58;6.58;34.46;34.14;4.1;0.79
S.R.inf._right;S.R.inf.;right;201.25;201.82;7.1;7.1;4.08;4.08;18.68;18.56;5.23;0.64
S.Rh._left;S.Rh.;left;576.71;574.44;16.36;16.22;8.57;8.52;35.52;35.44;5.01;1.45
S.Rh._right;S.Rh.;right;103.88;103.43;6.6;6.6;4.64;4.64;13.76;13.64;4.34;2.94
S.T.i.ant._left;S.T.i.ant.;left;3184.25;3190.29;19.14;19.14;8.89;8.89;186.72;186.12;4.28;1.18
S.T.i.ant._right;S.T.i.ant.;right;2336.75;2341.2;16.9;16.9;9.27;9.27;138.88;138.14;4.71;0.98
S.T.i.post._left;S.T.i.post.;left;1717.26;1724.2;22.12;22.1;13.47;13.47;62.92;62.74;3.64;0.76
S.T.i.post._right;S.T.i.post.;right;2364.64;2366.79;22.06;22.06;13.38;13.36;85.9;85.56;4.02;0.75
S.T.pol._left;S.T.pol.;left;1412.65;1423.52;15.58;15.58;8.52;8.5;95.44;95.4;4.5;1.19
S.T.pol._right;S.T.pol.;right;794.02;797.43;15.74;15.74;8.45;8.44;47.16;47.14;4.81;1.59
S.T.s._left;S.T.s.;left;4029.09;4057.34;26.88;26.88;17.07;17.07;116.44;115.6;4.03;1.25
S.T.s._right;S.T.s.;right;5361.56;5399.78;29.84;29.84;16.49;16.49;163.94;163.16;4.19;1.14
S.T.s.ter.asc.ant._left;S.T.s.ter.asc.ant.;left;1640.43;1645.36;24.88;24.88;16.97;16.97;38.32;38.24;3.32;0.91
S.T.s.ter.asc.ant._right;S.T.s.ter.asc.ant.;right;775.55;779.11;18.86;18.86;10.93;10.93;34.82;34.76;4.37;1.16
S.T.s.ter.asc.post._left;S.T.s.ter.asc.post.;left;1229.37;1235.21;22.0;22.0;10.88;10.88;65.2;64.92;3.52;1.32
S.T.s.ter.asc.post._right;S.T.s.ter.asc.post.;right;1703.2;1712.56;23.06;23.06;13.29;13.29;71.84;71.74;3.55;0.87
S.p.C._left;S.p.C.;left;490.77;491.96;10.78;10.78;5.51;5.51;46.82;46.58;4.71;1.16
S.p.C._right;S.p.C.;right;139.55;140.17;6.44;6.44;3.88;3.88;22.96;22.8;4.19;3.1
S.s.P._left;S.s.P.;left;1538.8;1544.6;16.9;16.9;8.88;8.88;95.02;94.4;4.36;0.77
S.s.P._right;S.s.P.;right;1391.36;1395.51;16.44;16.44;9.48;9.48;79.26;78.64;4.25;0.66