sulcus;label;side;surface_talairach;surface_native;maxdepth_talairach;maxdepth_native;meandepth_talairach;meandepth_native;hull_junction_length_talairach;hull_junction_length_native;GM_thickness;opening
F.C.L.a._left;F.C.L.a.;left;2228.32;2240.81;21.9;21.72;9.84;9.8;101.04;100.62;4.62;2.99
F.C.L.a._right;F.C.L.a.;right;2034.32;2050.4;17.52;17.38;9.54;9.47;101.02;100.5;5.06;2.93
F.C.L.p._left;F.C.L.p.;left;5471.97;5505.32;38.58;38.46;18.43;18.36;138.14;137.04;3.48;1.12
F.C.L.p._right;F.C.L.p.;right;5297.84;5324.53;41.52;41.46;21.66;21.61;128.98;128.0;3.8;1.5
F.C.L.r.ant._left;F.C.L.r.ant.;left;625.23;628.75;26.98;26.9;15.84;15.79;13.2;13.02;3.54;1.11
F.C.L.r.ant._right;F.C.L.r.ant.;right;278.9;274.47;19.22;19.12;nan;nan;5.22;5.14;4.83;1.35
F.C.L.r.asc._left;F.C.L.r.asc.;left;894.31;884.58;27.2;27.04;13.38;13.34;32.9;32.66;3.69;1.64
F.C.L.r.asc._right;F.C.L.r.asc.;right;802.54;795.87;24.74;24.52;15.47;15.39;32.7;32.42;4.26;1.61
F.C.L.r.diag._left;F.C.L.r.diag.;left;nan;nan;nan;nan;nan;nan;nan;nan;nan;nan
F.C.L.r.diag._right;F.C.L.r.diag.;right;nan;nan;nan;nan;nan;nan;nan;nan;nan;nan
F.C.L.r.retroC.tr._left;F.C.L.r.retroC.tr.;left;516.43;516.26;15.64;15.64;10.73;10.72;23.5;23.34;3.69;1.43
F.C.L.r.retroC.tr._right;F.C.L.r.retroC.tr.;right;964.52;964.66;19.54;19.24;14.65;14.57;37.82;37.64;3.5;1.52
F.C.L.r.sc.ant._left;F.C.L.r.sc.ant.;left;nan;nan;nan;nan;nan;nan;nan;nan;nan;nan
F.C.L.r.sc.ant._right;F.C.L.r.sc.ant.;right;nan;nan;nan;nan;nan;nan;nan;nan;nan;nan
F.C.L.r.sc.post._left;F.C.L.r.sc.post.;left;119.15;118.78;7.18;7.14;nan;nan;11.68;11.6;4.13;1.48
F.C.L.r.sc.post._right;F.C.L.r.sc.post.;right;555.84;549.16;38.54;38.38;19.17;19.08;10.16;10.1;3.56;0.83
F.C.M.ant._left;F.C.M.ant.;left;1438.49;1452.49;13.4;13.38;7.91;7.88;99.96;98.96;4.35;1.16
F.C.M.ant._right;F.C.M.ant.;right;2306.38;2302.8;15.8;15.8;10.49;10.46;122.98;121.68;4.39;0.93
F.C.M.post._left;F.C.M.post.;left;2780.83;2777.17;20.2;20.1;10.73;10.67;129.12;128.04;3.43;1.78
F.C.M.post._right;F.C.M.post.;right;2225.9;2228.76;18.46;18.46;10.12;10.07;123.34;122.4;3.58;1.63
F.Cal.ant.-Sc.Cal._left;F.Cal.ant.-Sc.Cal.;left;3658.67;3660.42;28.88;28.76;14.9;14.83;126.3;125.32;2.8;1.2
F.Cal.ant.-Sc.Cal._right;F.Cal.ant.-Sc.Cal.;right;2896.55;2905.72;30.3;30.18;16.6;16.54;87.22;86.76;2.84;1.19
F.Coll._left;F.Coll.;left;3069.97;3075.55;17.32;17.04;12.08;11.98;133.38;133.04;3.51;0.89
F.Coll._right;F.Coll.;right;3201.17;3217.93;16.32;16.14;11.4;11.29;142.06;141.46;3.46;0.83
F.I.P.Po.C.inf._left;F.I.P.Po.C.inf.;left;3284.09;3274.13;29.26;29.08;15.43;15.29;98.82;98.34;3.29;1.75
F.I.P.Po.C.inf._right;F.I.P.Po.C.inf.;right;1596.3;1599.77;26.76;26.34;15.12;14.95;58.46;58.3;3.47;1.53
F.I.P._left;F.I.P.;left;5677.63;5693.42;28.7;28.54;13.02;12.92;225.46;223.96;3.14;1.66
F.I.P._right;F.I.P.;right;7319.71;7324.74;31.82;31.54;14.3;14.2;253.16;251.76;2.95;1.6
F.I.P.r.int.1_left;F.I.P.r.int.1;left;241.33;243.96;10.18;10.16;5.77;5.75;23.66;23.54;4.4;2.46
F.I.P.r.int.1_right;F.I.P.r.int.1;right;1740.24;1736.61;21.74;21.7;13.59;13.52;68.46;67.88;3.93;1.55
F.I.P.r.int.2_left;F.I.P.r.int.2;left;288.12;291.18;13.16;13.16;7.46;7.46;22.98;22.88;3.66;2.7
F.I.P.r.int.2_right;F.I.P.r.int.2;right;357.08;361.41;19.54;19.54;9.63;9.63;19.34;19.24;3.48;1.34
F.P.O._left;F.P.O.;left;1397.37;1400.22;17.48;17.46;8.36;8.33;91.52;91.06;3.11;1.11
F.P.O._right;F.P.O.;right;1290.5;1285.73;20.54;20.5;13.81;13.74;42.22;42.06;3.23;0.9
INSULA_left;INSULA;left;5760.31;5750.69;39.84;39.62;23.68;23.57;0.0;0.0;4.0;1.23
INSULA_right;INSULA;right;5729.58;5723.2;40.1;40.0;18.63;18.52;15.82;15.64;3.92;1.17
OCCIPITAL_left;OCCIPITAL;left;2442.14;2430.21;17.82;17.8;8.41;8.4;165.72;164.7;3.78;1.28
OCCIPITAL_right;OCCIPITAL;right;4311.21;4299.74;16.9;16.88;9.08;9.06;265.6;264.64;3.34;0.98
S.C.LPC._left;S.C.LPC.;left;89.61;88.89;12.32;12.32;9.94;9.92;0.0;0.0;3.03;1.12
S.C.LPC._right;S.C.LPC.;right;nan;nan;nan;nan;nan;nan;nan;nan;nan;nan
S.C._left;S.C.;left;3948.97;3935.49;25.36;25.16;11.85;11.77;155.92;155.06;3.37;1.65
S.C._right;S.C.;right;5288.01;5272.18;25.56;25.36;12.87;12.78;182.86;181.86;3.24;1.92
S.C.sylvian._left;S.C.sylvian.;left;24.67;24.39;3.78;3.78;2.94;2.94;5.6;5.56;4.63;4.08
S.C.sylvian._right;S.C.sylvian.;right;nan;nan;nan;nan;nan;nan;nan;nan;nan;nan
S.Call._left;S.Call.;left;1404.18;1402.14;11.58;11.58;6.6;6.59;125.78;124.86;3.12;1.73
S.Call._right;S.Call.;right;1925.35;1921.77;12.1;12.1;6.51;6.49;165.94;164.34;3.24;1.64
S.Cu._left;S.Cu.;left;880.79;879.9;15.58;15.38;10.31;10.23;49.84;49.36;3.06;1.13
S.Cu._right;S.Cu.;right;599.79;600.82;14.54;14.48;7.57;7.54;37.84;37.52;3.2;1.34
S.F.inf._left;S.F.inf.;left;2541.75;2539.38;20.38;20.34;14.75;14.73;89.26;88.6;3.43;1.21
S.F.inf._right;S.F.inf.;right;2278.82;2284.97;25.34;25.32;13.43;13.4;85.16;84.42;3.93;1.2
S.F.inf.ant._left;S.F.inf.ant.;left;597.87;592.38;14.84;14.84;9.41;9.38;34.08;33.96;3.76;2.02
S.F.inf.ant._right;S.F.inf.ant.;right;553.91;551.49;15.74;15.74;9.03;9.02;30.2;29.98;4.16;1.31
S.F.int._left;S.F.int.;left;3433.29;3424.43;16.06;16.06;7.64;7.63;239.88;237.72;4.6;1.16
S.F.int._right;S.F.int.;right;2418.51;2406.55;12.34;12.24;6.18;6.17;202.66;201.04;4.51;1.44
S.F.inter._left;S.F.inter.;left;2382.25;2368.37;18.74;18.74;10.06;10.04;118.46;117.54;3.6;1.36
S.F.inter._right;S.F.inter.;right;3196.01;3186.75;18.88;18.88;10.81;10.78;148.34;147.64;3.47;1.26
S.F.marginal._left;S.F.marginal.;left;990.42;988.72;18.36;18.34;8.92;8.89;54.14;53.8;3.73;1.63
S.F.marginal._right;S.F.marginal.;right;2035.7;2039.08;19.8;19.8;9.95;9.91;127.8;126.76;3.76;1.04
S.F.median._left;S.F.median.;left;1420.68;1412.55;16.04;15.88;7.95;7.9;100.2;99.82;4.37;1.94
S.F.median._right;S.F.median.;right;1278.93;1269.92;15.52;15.5;6.62;6.58;91.26;90.88;4.45;1.79
S.F.orbitaire._left;S.F.orbitaire.;left;293.88;292.55;16.08;16.08;7.69;7.69;22.64;22.56;3.88;2.12
S.F.orbitaire._right;S.F.orbitaire.;right;764.33;755.16;13.42;13.42;8.8;8.78;52.96;52.72;4.34;1.24
S.F.polaire.tr._left;S.F.polaire.tr.;left;1000.76;993.28;14.12;14.12;6.81;6.78;83.56;83.28;3.77;2.47
S.F.polaire.tr._right;S.F.polaire.tr.;right;1503.91;1497.53;11.84;11.76;7.39;7.34;116.1;115.56;4.04;1.39
S.F.sup._left;S.F.sup.;left;5931.18;5883.78;27.0;26.76;13.17;13.08;217.54;216.12;3.87;1.54
S.F.sup._right;S.F.sup.;right;3633.23;3605.66;23.22;23.0;11.89;11.81;147.48;146.64;4.06;1.57
S.GSM._left;S.GSM.;left;297.58;294.81;15.98;15.96;10.43;10.41;12.04;11.96;3.53;1.21
S.Li.ant._left;S.Li.ant.;left;359.16;359.12;9.22;9.22;5.47;5.42;31.34;31.02;3.26;0.99
S.Li.ant._right;S.Li.ant.;right;485.14;487.68;10.98;10.96;6.84;6.82;41.74;41.5;3.6;0.81
S.Li.post._left;S.Li.post.;left;717.05;714.15;16.72;16.62;9.29;9.21;42.7;42.62;2.98;0.84
S.Li.post._right;S.Li.post.;right;221.07;219.49;9.4;9.38;5.86;5.85;23.36;23.12;3.01;0.79
S.O.T.lat.ant._left;S.O.T.lat.ant.;left;1515.62;1507.59;15.0;14.84;9.36;9.29;88.94;88.62;4.0;0.98
S.O.T.lat.ant._right;S.O.T.lat.ant.;right;1564.98;1551.9;15.1;14.98;7.66;7.6;104.28;104.16;4.32;1.17
S.O.T.lat.int._left;S.O.T.lat.int.;left;348.4;347.76;10.04;10.0;7.23;7.19;25.46;25.44;3.98;1.04
S.O.T.lat.int._right;S.O.T.lat.int.;right;78.89;78.25;8.02;7.94;5.67;5.61;4.58;4.58;4.21;1.64
S.O.T.lat.med._left;S.O.T.lat.med.;left;775.04;771.34;16.12;16.06;10.48;10.42;34.84;34.72;3.67;0.93
S.O.T.lat.med._right;S.O.T.lat.med.;right;1208.05;1201.67;19.42;19.28;12.45;12.37;52.34;52.28;3.83;0.75
S.O.T.lat.post._left;S.O.T.lat.post.;left;807.74;807.59;16.22;16.06;8.31;8.26;51.4;51.14;3.43;0.89
S.O.T.lat.post._right;S.O.T.lat.post.;right;1408.04;1404.03;13.92;13.82;8.41;8.36;92.86;92.6;3.97;1.02
S.O.p._left;S.O.p.;left;616.81;607.95;20.42;20.42;11.48;11.43;37.3;36.98;3.15;0.95
S.O.p._right;S.O.p.;right;956.92;956.34;15.88;15.84;9.5;9.47;59.56;59.1;3.12;1.3
S.Olf._left;S.Olf.;left;772.53;770.12;13.3;13.24;7.58;7.52;54.74;54.6;3.46;2.32
S.Olf._right;S.Olf.;right;1211.15;1210.0;12.96;12.88;7.74;7.69;97.7;97.42;3.48;1.88
S.Or._left;S.Or.;left;2362.6;2359.68;12.76;12.62;7.6;7.56;147.72;147.36;4.17;1.28
S.Or._right;S.Or.;right;2044.15;2041.02;12.7;12.6;7.69;7.64;132.78;132.42;4.22;1.42
S.Pa.int._left;S.Pa.int.;left;1328.83;1322.68;16.2;16.2;8.2;8.18;81.82;81.34;3.23;1.13
S.Pa.int._right;S.Pa.int.;right;686.29;682.94;16.9;16.84;9.2;9.18;41.9;41.62;3.76;0.87
S.Pa.sup._left;S.Pa.sup.;left;98.05;98.88;12.32;12.22;6.96;6.93;5.5;5.46;2.79;1.98
S.Pa.sup._right;S.Pa.sup.;right;700.51;701.7;14.98;14.84;8.7;8.65;40.78;40.6;2.78;2.0
S.Pa.t._left;S.Pa.t.;left;49.64;49.93;4.1;4.06;2.76;2.76;7.98;7.94;2.87;2.94
S.Pa.t._right;S.Pa.t.;right;1926.04;1931.19;25.22;25.18;22.0;21.97;61.02;60.52;3.28;1.31
S.Pe.C.inf._left;S.Pe.C.inf.;left;31.13;31.26;8.42;8.42;5.01;5.0;5.0;5.0;3.84;6.34
S.Pe.C.inf._right;S.Pe.C.inf.;right;1169.66;1162.05;24.12;24.08;16.12;16.09;44.02;43.64;4.55;2.09
S.Pe.C.inter._left;S.Pe.C.inter.;left;3137.19;3123.51;26.46;26.24;13.47;13.39;108.76;107.8;3.78;1.48
S.Pe.C.inter._right;S.Pe.C.inter.;right;2039.18;2031.95;27.34;27.34;14.61;14.52;66.82;66.36;3.81;1.1
S.Pe.C.marginal._left;S.Pe.C.marginal.;left;42.86;42.33;8.14;8.04;5.05;5.0;3.2;3.18;2.9;2.32
S.Pe.C.marginal._right;S.Pe.C.marginal.;right;336.14;336.63;15.12;15.08;9.3;9.25;16.12;16.04;3.99;1.7
S.Pe.C.median._left;S.Pe.C.median.;left;1770.5;1752.65;25.18;24.98;15.37;15.25;61.3;61.06;3.57;2.16
S.Pe.C.median._right;S.Pe.C.median.;right;152.31;151.5;12.24;12.24;8.4;8.38;12.04;12.0;4.48;2.25
S.Pe.C.sup._left;S.Pe.C.sup.;left;107.28;105.62;11.24;11.12;6.31;6.24;7.04;7.02;4.25;1.84
S.Pe.C.sup._right;S.Pe.C.sup.;right;891.74;884.66;22.18;22.1;13.93;13.84;29.7;29.5;3.67;1.2
S.Po.C.sup._left;S.Po.C.sup.;left;1618.92;1626.24;25.18;24.98;13.44;13.33;71.36;71.06;3.17;2.75
S.Po.C.sup._right;S.Po.C.sup.;right;1663.47;1660.87;28.16;27.74;15.72;15.58;54.78;54.68;2.88;2.04
S.R.inf._left;S.R.inf.;left;450.96;450.21;13.58;13.58;5.49;5.48;59.62;59.04;4.28;1.23
S.R.inf._right;S.R.inf.;right;348.3;344.57;9.52;9.52;5.81;5.8;33.04;32.74;4.82;0.58
S.Rh._left;S.Rh.;left;682.47;680.88;14.58;14.58;8.15;8.12;43.78;43.64;4.73;1.05
S.Rh._right;S.Rh.;right;468.24;469.27;15.02;14.8;9.92;9.83;31.28;31.1;5.19;0.8
S.T.i.ant._left;S.T.i.ant.;left;2052.31;2034.69;15.28;15.1;8.48;8.42;131.04;130.3;4.47;1.42
S.T.i.ant._right;S.T.i.ant.;right;2886.13;2891.54;16.92;16.76;9.4;9.34;157.22;156.34;4.6;1.16
S.T.i.post._left;S.T.i.post.;left;2613.8;2612.06;21.22;21.12;11.67;11.63;117.38;116.68;4.09;1.04
S.T.i.post._right;S.T.i.post.;right;1144.8;1139.37;20.78;20.78;12.44;12.42;44.96;44.48;3.92;1.1
S.T.pol._left;S.T.pol.;left;1650.12;1655.33;14.76;14.58;8.02;7.97;116.8;116.26;4.62;1.09
S.T.pol._right;S.T.pol.;right;979.1;984.0;14.32;14.24;8.36;8.33;65.1;64.72;5.09;1.04
S.T.s._left;S.T.s.;left;3263.0;3274.6;26.78;26.74;15.28;15.25;105.76;105.0;3.74;1.06
S.T.s._right;S.T.s.;right;4572.4;4593.69;28.58;28.58;14.38;14.35;152.02;150.92;4.21;1.16
S.T.s.ter.asc.ant._left;S.T.s.ter.asc.ant.;left;2417.34;2428.82;24.74;24.74;16.41;16.37;83.06;82.5;3.51;1.33
S.T.s.ter.asc.ant._right;S.T.s.ter.asc.ant.;right;1608.4;1612.19;23.04;23.04;14.18;14.14;61.04;60.72;3.95;1.26
S.T.s.ter.asc.post._left;S.T.s.ter.asc.post.;left;1352.65;1369.11;21.42;21.42;15.48;15.46;46.3;46.08;3.58;1.08
S.T.s.ter.asc.post._right;S.T.s.ter.asc.post.;right;1847.89;1857.65;22.78;22.78;11.79;11.78;77.7;77.22;3.59;1.09
S.p.C._left;S.p.C.;left;22.51;22.24;3.78;3.78;2.69;2.69;6.42;6.4;4.69;9.01
S.p.C._right;S.p.C.;right;nan;nan;nan;nan;nan;nan;nan;nan;nan;nan
S.s.P._left;S.s.P.;left;3537.2;3532.61;21.06;20.88;11.52;11.48;161.88;160.54;3.57;1.06
S.s.P._right;S.s.P.;right;1095.28;1093.8;15.28;15.22;8.08;8.05;69.4;68.92;3.83;1.14