sulcus;label;side;surface_talairach;surface_native;maxdepth_talairach;maxdepth_native;meandepth_talairach;meandepth_native;hull_junction_length_talairach;hull_junction_length_native;GM_thickness;opening
F.C.L.a._left;F.C.L.a.;left;2129.18;2131.9;20.28;20.14;12.69;12.64;75.86;75.56;4.83;2.94
F.C.L.a._right;F.C.L.a.;right;2371.4;2383.9;22.02;21.9;12.38;12.31;96.5;96.12;4.62;2.92
F.C.L.p._left;F.C.L.p.;left;5326.66;5349.53;39.52;39.34;18.71;18.63;126.52;125.66;4.34;1.36
F.C.L.p._right;F.C.L.p.;right;4008.73;4033.95;39.62;39.56;18.62;18.59;100.74;100.18;4.21;1.46
F.C.L.r.ant._left;F.C.L.r.ant.;left;1072.21;1071.75;23.62;23.42;11.61;11.54;41.9;41.68;3.66;1.5
F.C.L.r.ant._right;F.C.L.r.ant.;right;711.22;706.87;25.7;25.4;14.18;14.04;23.96;23.86;3.73;1.31
F.C.L.r.asc._left;F.C.L.r.asc.;left;509.02;502.93;20.46;20.32;10.38;10.29;15.06;15.0;3.69;1.47
F.C.L.r.asc._right;F.C.L.r.asc.;right;555.58;547.1;19.06;18.92;11.27;11.18;20.74;20.58;4.29;1.68
F.C.L.r.diag._left;F.C.L.r.diag.;left;868.57;863.49;18.24;18.22;13.36;13.33;42.32;42.04;4.44;1.83
F.C.L.r.diag._right;F.C.L.r.diag.;right;761.16;751.47;16.82;16.8;13.19;13.16;34.66;34.4;3.76;1.33
F.C.L.r.retroC.tr._left;F.C.L.r.retroC.tr.;left;nan;nan;nan;nan;nan;nan;nan;nan;nan;nan
F.C.L.r.retroC.tr._right;F.C.L.r.retroC.tr.;right;nan;nan;nan;nan;nan;nan;nan;nan;nan;nan
F.C.L.r.sc.ant._left;F.C.L.r.sc.ant.;left;nan;nan;nan;nan;nan;nan;nan;nan;nan;nan
F.C.L.r.sc.ant._right;F.C.L.r.sc.ant.;right;nan;nan;nan;nan;nan;nan;nan;nan;nan;nan
F.C.L.r.sc.post._left;F.C.L.r.sc.post.;left;61.4;61.17;15.64;15.56;13.24;13.21;0.0;0.0;4.52;0.93
F.C.L.r.sc.post._right;F.C.L.r.sc.post.;right;358.34;354.46;34.6;34.46;20.93;20.85;0.0;0.0;3.63;0.94
F.C.M.ant._left;F.C.M.ant.;left;2514.56;2524.77;16.42;16.34;10.44;10.4;138.3;136.92;4.46;1.04
F.C.M.ant._right;F.C.M.ant.;right;1970.94;1971.44;15.18;15.16;10.75;10.71;99.64;98.52;4.12;1.29
F.C.M.post._left;F.C.M.post.;left;1848.73;1852.72;19.56;19.54;11.27;11.2;88.72;88.1;3.29;1.36
F.C.M.post._right;F.C.M.post.;right;2356.99;2351.57;20.02;19.96;11.7;11.63;103.76;102.96;3.96;1.02
F.Cal.ant.-Sc.Cal._left;F.Cal.ant.-Sc.Cal.;left;3226.47;3221.78;28.38;28.26;15.28;15.23;119.08;118.26;3.4;0.92
F.Cal.ant.-Sc.Cal._right;F.Cal.ant.-Sc.Cal.;right;2766.12;2772.22;28.76;28.76;14.97;14.92;87.9;87.28;3.43;0.85
F.Coll._left;F.Coll.;left;3779.61;3777.85;19.24;19.1;12.13;12.03;158.32;157.86;3.85;0.86
F.Coll._right;F.Coll.;right;2852.56;2854.01;18.22;18.02;11.74;11.64;124.04;123.58;4.24;0.79
F.I.P.Po.C.inf._left;F.I.P.Po.C.inf.;left;2510.81;2509.52;24.16;24.04;14.26;14.14;78.82;78.4;3.75;1.68
F.I.P.Po.C.inf._right;F.I.P.Po.C.inf.;right;3349.02;3351.36;27.28;26.86;15.82;15.67;88.7;88.34;3.37;1.44
F.I.P._left;F.I.P.;left;5619.79;5632.85;24.26;24.12;11.8;11.73;258.9;257.1;3.39;1.55
F.I.P._right;F.I.P.;right;6369.27;6368.79;25.3;25.08;11.69;11.6;293.74;291.78;3.34;1.53
F.I.P.r.int.1_left;F.I.P.r.int.1;left;576.98;579.15;14.42;14.42;7.87;7.86;44.34;44.08;3.78;1.39
F.I.P.r.int.1_right;F.I.P.r.int.1;right;906.79;911.08;18.86;18.72;9.34;9.3;48.0;47.66;4.43;1.57
F.I.P.r.int.2_left;F.I.P.r.int.2;left;87.83;88.68;6.82;6.82;4.35;4.35;9.54;9.5;5.0;2.07
F.I.P.r.int.2_right;F.I.P.r.int.2;right;69.77;70.83;7.8;7.78;4.88;4.88;6.5;6.5;4.23;3.47
F.P.O._left;F.P.O.;left;1949.65;1957.31;23.88;23.76;15.09;15.03;59.14;58.48;3.79;0.81
F.P.O._right;F.P.O.;right;2046.27;2057.35;29.66;29.66;20.66;20.55;44.28;43.88;3.93;0.93
INSULA_left;INSULA;left;6030.78;6013.45;39.82;39.72;24.37;24.28;0.0;0.0;4.25;1.27
INSULA_right;INSULA;right;6297.68;6264.37;40.14;40.04;26.94;26.85;0.0;0.0;4.11;1.05
OCCIPITAL_left;OCCIPITAL;left;2895.95;2878.76;14.4;14.4;8.32;8.3;182.18;181.12;3.75;0.91
OCCIPITAL_right;OCCIPITAL;right;3198.52;3178.52;18.5;18.48;9.15;9.12;185.32;184.9;3.93;0.78
S.C.LPC._left;S.C.LPC.;left;nan;nan;nan;nan;nan;nan;nan;nan;nan;nan
S.C.LPC._right;S.C.LPC.;right;58.11;57.63;4.48;4.48;3.34;3.33;11.84;11.82;3.19;1.93
S.C._left;S.C.;left;4514.75;4493.1;24.48;24.32;12.48;12.41;200.32;199.3;3.46;1.55
S.C._right;S.C.;right;4725.87;4707.61;25.64;25.42;14.09;14.0;178.34;177.22;3.38;1.73
S.C.sylvian._left;S.C.sylvian.;left;nan;nan;nan;nan;nan;nan;nan;nan;nan;nan
S.C.sylvian._right;S.C.sylvian.;right;613.73;606.11;18.6;18.54;12.83;12.79;26.78;26.54;3.78;1.07
S.Call._left;S.Call.;left;1115.51;1111.03;8.88;8.82;5.04;5.02;145.1;143.82;3.39;2.29
S.Call._right;S.Call.;right;377.11;378.48;5.74;5.74;3.7;3.69;67.24;66.84;3.57;4.61
S.Cu._left;S.Cu.;left;570.58;569.17;13.34;13.22;6.38;6.35;52.58;52.24;3.94;0.93
S.Cu._right;S.Cu.;right;836.81;834.5;13.98;13.98;6.97;6.96;69.78;69.28;3.4;0.8
S.F.inf._left;S.F.inf.;left;1685.79;1684.42;22.22;22.12;12.49;12.45;76.92;76.3;3.74;1.26
S.F.inf._right;S.F.inf.;right;2087.29;2090.91;23.86;23.54;12.27;12.21;85.12;84.3;3.47;1.1
S.F.inf.ant._left;S.F.inf.ant.;left;518.52;511.46;9.9;9.9;5.69;5.69;51.56;51.12;3.77;1.68
S.F.inf.ant._right;S.F.inf.ant.;right;1504.26;1493.87;18.16;18.16;9.87;9.86;88.9;88.32;3.7;1.39
S.F.int._left;S.F.int.;left;3308.22;3288.95;14.56;14.42;6.94;6.92;263.52;261.52;4.32;1.7
S.F.int._right;S.F.int.;right;2958.95;2936.96;16.84;16.82;7.13;7.11;231.08;229.56;4.27;1.66
S.F.inter._left;S.F.inter.;left;3681.19;3663.56;22.68;22.68;10.59;10.54;193.82;192.66;3.54;1.19
S.F.inter._right;S.F.inter.;right;2730.58;2698.71;21.86;21.74;10.45;10.41;142.14;141.16;4.13;1.27
S.F.marginal._left;S.F.marginal.;left;835.23;833.19;15.74;15.74;7.93;7.92;58.4;58.0;4.61;1.3
S.F.marginal._right;S.F.marginal.;right;1152.55;1148.57;14.5;14.5;9.01;8.99;70.06;69.36;4.82;1.56
S.F.median._left;S.F.median.;left;705.52;698.15;13.12;13.04;5.87;5.85;60.78;60.48;5.0;2.06
S.F.median._right;S.F.median.;right;1340.37;1323.28;15.7;15.62;6.99;6.95;93.74;93.52;4.52;2.4
S.F.orbitaire._left;S.F.orbitaire.;left;527.83;523.99;13.68;13.68;7.44;7.44;34.32;34.14;3.68;1.63
S.F.orbitaire._right;S.F.orbitaire.;right;152.9;151.4;8.96;8.96;5.97;5.97;13.78;13.7;4.43;1.4
S.F.polaire.tr._left;S.F.polaire.tr.;left;616.62;615.58;10.7;10.7;7.09;7.07;49.44;49.18;4.02;2.4
S.F.polaire.tr._right;S.F.polaire.tr.;right;1032.72;1021.59;12.68;12.68;7.6;7.57;73.42;73.24;4.42;1.47
S.F.sup._left;S.F.sup.;left;4459.9;4419.28;21.6;21.36;10.83;10.76;214.56;213.06;3.9;1.8
S.F.sup._right;S.F.sup.;right;3458.95;3426.13;19.72;19.5;11.89;11.81;140.18;139.3;4.21;1.68
S.GSM._left;S.GSM.;left;258.68;257.68;11.82;11.72;6.71;6.68;21.46;21.32;4.16;1.71
S.Li.ant._left;S.Li.ant.;left;664.82;669.35;18.38;18.3;12.3;12.24;22.2;22.2;3.63;0.31
S.Li.ant._right;S.Li.ant.;right;1189.3;1196.74;16.82;16.68;11.84;11.76;50.48;50.28;3.51;0.8
S.Li.post._left;S.Li.post.;left;791.27;787.88;12.5;12.4;8.18;8.14;53.64;53.14;3.5;0.85
S.Li.post._right;S.Li.post.;right;913.18;911.9;11.72;11.72;7.8;7.75;63.96;63.7;3.56;0.8
S.O.T.lat.ant._left;S.O.T.lat.ant.;left;598.23;591.95;10.72;10.6;6.28;6.23;47.92;47.76;4.89;1.43
S.O.T.lat.ant._right;S.O.T.lat.ant.;right;395.86;392.24;12.2;12.04;7.33;7.28;24.82;24.8;4.64;1.21
S.O.T.lat.int._left;S.O.T.lat.int.;left;92.99;92.28;6.42;6.4;3.91;3.88;12.14;12.12;4.7;2.31
S.O.T.lat.int._right;S.O.T.lat.int.;right;127.17;125.74;8.42;8.36;4.87;4.84;16.4;16.4;4.7;4.03
S.O.T.lat.med._left;S.O.T.lat.med.;left;99.97;99.21;7.66;7.58;4.19;4.15;12.74;12.62;6.53;2.19
S.O.T.lat.med._right;S.O.T.lat.med.;right;763.37;753.54;18.12;18.06;12.2;12.1;31.2;31.12;4.25;0.99
S.O.T.lat.post._left;S.O.T.lat.post.;left;1331.51;1329.35;19.48;19.4;11.8;11.75;60.54;60.36;4.78;0.81
S.O.T.lat.post._right;S.O.T.lat.post.;right;1629.11;1625.81;22.04;22.02;10.72;10.68;75.94;75.46;5.19;0.74
S.O.p._left;S.O.p.;left;58.21;58.23;5.18;5.18;3.53;3.53;10.68;10.64;3.6;1.66
S.O.p._right;S.O.p.;right;97.32;95.76;9.52;9.52;6.5;6.5;6.14;6.08;3.81;0.77
S.Olf._left;S.Olf.;left;993.12;984.6;13.14;13.08;8.48;8.43;64.08;63.94;4.34;1.03
S.Olf._right;S.Olf.;right;1208.6;1202.48;14.7;14.56;9.82;9.76;80.32;79.96;3.93;1.41
S.Or._left;S.Or.;left;2288.15;2285.25;13.48;13.42;7.26;7.22;162.68;162.2;4.41;1.57
S.Or._right;S.Or.;right;1793.02;1786.19;13.8;13.72;7.25;7.22;134.6;134.18;4.32;1.54
S.Pa.int._left;S.Pa.int.;left;572.28;574.18;11.7;11.68;6.96;6.93;44.26;43.96;3.42;1.13
S.Pa.int._right;S.Pa.int.;right;298.25;296.26;9.1;9.04;5.43;5.42;31.2;31.06;3.77;2.02
S.Pa.sup._left;S.Pa.sup.;left;665.72;672.56;15.7;15.58;9.66;9.57;39.46;39.26;3.05;2.07
S.Pa.sup._right;S.Pa.sup.;right;339.95;341.32;11.98;11.88;6.52;6.47;29.0;28.74;3.53;1.88
S.Pa.t._left;S.Pa.t.;left;722.79;719.98;22.78;22.76;13.57;13.53;17.34;17.14;3.27;1.63
S.Pa.t._right;S.Pa.t.;right;758.0;756.71;25.54;25.46;14.1;14.04;22.14;21.98;3.53;2.05
S.Pe.C.inf._left;S.Pe.C.inf.;left;35.68;35.8;7.14;7.14;4.38;4.38;3.92;3.88;4.71;6.0
S.Pe.C.inf._right;S.Pe.C.inf.;right;520.68;514.48;18.78;18.78;16.88;16.86;18.92;18.8;3.88;1.18
S.Pe.C.inter._left;S.Pe.C.inter.;left;944.5;945.08;23.66;23.66;13.09;13.03;31.22;31.0;3.97;1.52
S.Pe.C.inter._right;S.Pe.C.inter.;right;2159.97;2170.16;27.88;27.66;14.88;14.78;65.22;64.62;4.47;1.2
S.Pe.C.marginal._left;S.Pe.C.marginal.;left;927.44;922.81;20.12;19.84;12.04;11.93;43.18;42.98;3.85;1.37
S.Pe.C.marginal._right;S.Pe.C.marginal.;right;148.09;146.57;12.3;12.18;8.12;8.07;2.92;2.9;5.44;2.73
S.Pe.C.median._left;S.Pe.C.median.;left;351.81;348.01;11.3;11.2;8.0;7.91;24.64;24.64;4.25;2.6
S.Pe.C.median._right;S.Pe.C.median.;right;111.23;109.88;7.76;7.72;4.45;4.41;12.88;12.74;4.02;4.18
S.Pe.C.sup._left;S.Pe.C.sup.;left;38.75;38.43;5.86;5.84;4.52;4.5;3.38;3.36;3.94;1.98
S.Pe.C.sup._right;S.Pe.C.sup.;right;588.11;582.96;20.06;20.06;10.2;10.14;30.76;30.7;3.69;1.33
S.Po.C.sup._left;S.Po.C.sup.;left;464.07;462.48;12.54;12.38;6.9;6.84;32.18;32.04;3.7;2.25
S.Po.C.sup._right;S.Po.C.sup.;right;625.73;625.02;14.72;14.66;7.48;7.42;45.78;45.7;3.71;2.52
S.R.inf._left;S.R.inf.;left;179.53;177.6;6.9;6.86;4.46;4.45;24.8;24.56;4.89;1.29
S.R.inf._right;S.R.inf.;right;490.76;487.56;8.82;8.82;5.58;5.56;55.96;55.6;4.5;1.23
S.Rh._left;S.Rh.;left;883.25;881.0;16.38;16.3;12.53;12.45;49.04;48.88;5.21;0.69
S.Rh._right;S.Rh.;right;426.86;424.74;11.44;11.44;6.49;6.47;35.22;35.06;5.63;2.11
S.T.i.ant._left;S.T.i.ant.;left;1944.54;1954.11;17.02;17.0;10.87;10.81;101.48;100.78;4.78;1.18
S.T.i.ant._right;S.T.i.ant.;right;1766.45;1753.97;14.68;14.54;7.56;7.52;117.96;117.28;4.98;1.31
S.T.i.post._left;S.T.i.post.;left;2324.17;2320.06;20.64;20.52;11.34;11.32;101.64;101.1;4.47;0.73
S.T.i.post._right;S.T.i.post.;right;1090.2;1084.37;19.58;19.56;11.25;11.24;47.42;47.12;5.62;0.57
S.T.pol._left;S.T.pol.;left;644.81;648.48;12.42;12.28;6.84;6.79;47.26;47.02;5.06;1.65
S.T.pol._right;S.T.pol.;right;1249.76;1262.88;14.94;14.76;9.04;8.96;68.78;68.64;4.95;1.5
S.T.s._left;S.T.s.;left;4676.52;4693.74;26.62;26.56;16.21;16.18;148.06;147.02;4.46;1.19
S.T.s._right;S.T.s.;right;4707.58;4742.12;29.2;29.12;17.33;17.29;127.28;126.52;4.34;1.28
S.T.s.ter.asc.ant._left;S.T.s.ter.asc.ant.;left;1633.86;1637.76;25.02;25.02;16.02;15.98;66.94;66.52;3.49;1.24
S.T.s.ter.asc.ant._right;S.T.s.ter.asc.ant.;right;1871.31;1872.82;25.76;25.76;12.23;12.21;88.64;88.16;3.74;1.04
S.T.s.ter.asc.post._left;S.T.s.ter.asc.post.;left;1659.51;1655.19;23.66;23.54;12.64;12.63;61.72;61.32;3.95;0.78
S.T.s.ter.asc.post._right;S.T.s.ter.asc.post.;right;2242.84;2253.98;20.42;20.4;11.33;11.33;99.94;99.52;3.78;0.99
S.p.C._left;S.p.C.;left;228.43;226.35;9.52;9.48;5.82;5.81;22.76;22.56;4.48;2.56
S.p.C._right;S.p.C.;right;643.86;640.13;14.04;14.0;6.85;6.82;50.08;49.68;3.36;1.61
S.s.P._left;S.s.P.;left;1619.27;1616.27;19.12;19.1;9.48;9.46;89.3;88.56;3.68;0.89
S.s.P._right;S.s.P.;right;1742.31;1737.31;17.42;17.32;9.08;9.06;102.86;102.12;3.94;0.86