sulcus;label;side;surface_talairach;surface_native;maxdepth_talairach;maxdepth_native;meandepth_talairach;meandepth_native;hull_junction_length_talairach;hull_junction_length_native;GM_thickness;opening
F.C.L.a._left;F.C.L.a.;left;1788.4;1778.08;18.1;18.0;9.97;9.87;67.62;67.06;4.92;2.47
F.C.L.a._right;F.C.L.a.;right;2669.89;2670.56;21.36;21.16;10.38;10.28;97.34;96.58;4.83;3.0
F.C.L.p._left;F.C.L.p.;left;3697.51;3684.47;36.84;36.6;16.64;16.53;101.38;100.54;4.01;1.5
F.C.L.p._right;F.C.L.p.;right;4029.78;4034.05;33.36;33.06;16.7;16.59;115.38;114.34;4.05;1.62
F.C.L.r.ant._left;F.C.L.r.ant.;left;917.8;914.71;27.36;27.12;12.61;12.52;37.66;37.34;3.29;1.42
F.C.L.r.ant._right;F.C.L.r.ant.;right;nan;nan;nan;nan;nan;nan;nan;nan;nan;nan
F.C.L.r.asc._left;F.C.L.r.asc.;left;294.49;293.85;19.2;18.98;8.87;8.79;11.04;10.98;3.19;1.43
F.C.L.r.asc._right;F.C.L.r.asc.;right;442.18;439.45;22.4;22.12;12.75;12.7;17.02;16.98;3.65;1.87
F.C.L.r.diag._left;F.C.L.r.diag.;left;22.01;21.74;12.74;12.66;10.3;10.23;0.0;0.0;2.89;2.05
F.C.L.r.diag._right;F.C.L.r.diag.;right;nan;nan;nan;nan;nan;nan;nan;nan;nan;nan
F.C.L.r.retroC.tr._left;F.C.L.r.retroC.tr.;left;388.85;384.38;17.92;17.82;9.91;9.84;18.1;18.0;4.15;1.03
F.C.L.r.retroC.tr._right;F.C.L.r.retroC.tr.;right;506.29;504.48;14.74;14.62;10.21;10.14;26.98;26.72;3.79;1.35
F.C.L.r.sc.ant._left;F.C.L.r.sc.ant.;left;nan;nan;nan;nan;nan;nan;nan;nan;nan;nan
F.C.L.r.sc.ant._right;F.C.L.r.sc.ant.;right;nan;nan;nan;nan;nan;nan;nan;nan;nan;nan
F.C.L.r.sc.post._left;F.C.L.r.sc.post.;left;265.44;262.22;24.24;24.14;13.3;13.19;3.1;3.08;3.55;1.22
F.C.L.r.sc.post._right;F.C.L.r.sc.post.;right;308.02;304.35;33.46;33.2;22.67;22.5;0.0;0.0;3.17;1.05
F.C.M.ant._left;F.C.M.ant.;left;2216.77;2211.87;16.3;16.18;10.53;10.44;121.02;119.68;4.59;1.13
F.C.M.ant._right;F.C.M.ant.;right;2086.07;2075.95;15.14;15.04;9.47;9.4;123.34;122.02;4.59;1.1
F.C.M.post._left;F.C.M.post.;left;2240.54;2239.26;20.7;20.44;11.6;11.51;104.42;103.52;3.84;1.49
F.C.M.post._right;F.C.M.post.;right;2101.46;2092.69;20.4;20.16;11.19;11.09;95.22;94.42;4.17;1.23
F.Cal.ant.-Sc.Cal._left;F.Cal.ant.-Sc.Cal.;left;3736.53;3717.21;26.22;26.0;13.08;12.99;154.02;152.84;2.94;1.14
F.Cal.ant.-Sc.Cal._right;F.Cal.ant.-Sc.Cal.;right;3762.38;3747.37;32.22;31.96;13.91;13.8;131.48;130.14;2.81;0.9
F.Coll._left;F.Coll.;left;3780.48;3750.73;20.64;20.36;12.69;12.58;154.5;153.32;3.83;0.87
F.Coll._right;F.Coll.;right;3057.16;3053.51;17.5;17.36;11.3;11.21;132.78;131.86;3.83;0.9
F.I.P.Po.C.inf._left;F.I.P.Po.C.inf.;left;1323.94;1315.98;26.62;26.42;13.16;13.03;50.24;49.86;3.9;1.48
F.I.P.Po.C.inf._right;F.I.P.Po.C.inf.;right;2433.66;2428.97;26.58;26.3;13.43;13.27;95.12;94.38;3.69;1.74
F.I.P._left;F.I.P.;left;6807.8;6758.78;28.52;28.24;15.68;15.54;195.56;193.78;3.28;1.39
F.I.P._right;F.I.P.;right;6086.15;6052.79;28.22;28.06;13.85;13.72;216.38;214.78;3.37;1.36
F.I.P.r.int.1_left;F.I.P.r.int.1;left;489.83;486.87;12.02;11.94;8.83;8.78;30.96;30.76;4.62;1.58
F.I.P.r.int.1_right;F.I.P.r.int.1;right;1455.49;1447.84;22.48;22.4;11.67;11.61;66.16;65.48;4.32;1.29
F.I.P.r.int.2_left;F.I.P.r.int.2;left;44.02;44.34;5.84;5.8;4.12;4.1;6.32;6.26;3.94;3.62
F.I.P.r.int.2_right;F.I.P.r.int.2;right;nan;nan;nan;nan;nan;nan;nan;nan;nan;nan
F.P.O._left;F.P.O.;left;1571.82;1561.32;23.26;23.12;12.13;12.06;63.6;62.94;3.57;0.97
F.P.O._right;F.P.O.;right;3491.68;3500.37;24.62;24.32;13.56;13.45;139.02;137.56;3.32;0.97
INSULA_left;INSULA;left;8045.33;7993.01;40.52;40.36;26.83;26.58;26.02;25.8;3.87;1.34
INSULA_right;INSULA;right;6785.46;6738.21;40.94;40.66;25.52;25.29;21.46;21.3;4.07;1.16
OCCIPITAL_left;OCCIPITAL;left;3465.12;3438.13;18.94;18.68;9.53;9.45;197.82;196.12;3.42;1.14
OCCIPITAL_right;OCCIPITAL;right;3651.94;3628.62;18.24;18.06;8.49;8.43;226.62;224.94;3.63;1.07
S.C.LPC._left;S.C.LPC.;left;44.77;44.13;15.92;15.78;13.55;13.43;0.0;0.0;3.43;1.46
S.C.LPC._right;S.C.LPC.;right;nan;nan;nan;nan;nan;nan;nan;nan;nan;nan
S.C._left;S.C.;left;4757.2;4725.77;27.42;27.14;12.8;12.69;194.64;193.28;3.43;1.76
S.C._right;S.C.;right;3600.15;3583.98;26.48;26.24;13.86;13.75;131.28;130.24;3.58;1.78
S.C.sylvian._left;S.C.sylvian.;left;279.78;276.74;16.76;16.68;10.58;10.51;12.42;12.28;3.72;0.74
S.C.sylvian._right;S.C.sylvian.;right;331.76;327.06;18.1;18.0;11.57;11.46;15.76;15.56;3.53;1.32
S.Call._left;S.Call.;left;1411.39;1404.47;10.2;10.08;6.6;6.55;127.12;125.78;3.47;1.21
S.Call._right;S.Call.;right;2190.17;2181.75;14.1;14.0;8.11;8.06;157.54;156.2;3.18;1.6
S.Cu._left;S.Cu.;left;894.02;887.41;14.88;14.68;5.98;5.94;69.58;68.94;3.18;1.57
S.Cu._right;S.Cu.;right;80.94;80.64;6.62;6.54;4.3;4.27;14.46;14.3;3.36;1.96
S.F.inf._left;S.F.inf.;left;1384.78;1370.3;15.96;15.92;9.37;9.31;74.62;73.84;3.44;1.63
S.F.inf._right;S.F.inf.;right;1184.65;1181.36;14.78;14.68;8.2;8.15;82.46;81.8;3.89;1.76
S.F.inf.ant._left;S.F.inf.ant.;left;680.72;676.34;11.4;11.34;7.05;6.99;53.94;53.42;3.27;1.43
S.F.inf.ant._right;S.F.inf.ant.;right;505.63;499.82;12.24;12.1;6.86;6.77;43.32;43.04;3.53;1.83
S.F.int._left;S.F.int.;left;3410.86;3383.0;16.34;16.16;7.48;7.43;252.04;249.88;4.29;1.4
S.F.int._right;S.F.int.;right;2315.6;2295.34;11.7;11.62;5.95;5.92;215.12;213.24;4.09;1.92
S.F.inter._left;S.F.inter.;left;3480.31;3438.28;20.94;20.72;11.88;11.79;157.26;155.62;3.5;1.38
S.F.inter._right;S.F.inter.;right;1681.94;1666.66;17.58;17.48;9.3;9.24;83.28;82.4;3.74;1.43
S.F.marginal._left;S.F.marginal.;left;853.12;845.58;15.2;15.12;9.74;9.67;44.28;43.96;3.91;1.39
S.F.marginal._right;S.F.marginal.;right;1299.37;1289.16;16.28;16.12;10.01;9.92;69.44;68.98;4.12;1.57
S.F.median._left;S.F.median.;left;3028.53;2989.16;25.24;25.12;12.96;12.88;133.08;131.84;4.1;1.93
S.F.median._right;S.F.median.;right;1146.09;1132.22;12.66;12.62;6.56;6.5;88.68;87.78;3.67;2.57
S.F.orbitaire._left;S.F.orbitaire.;left;397.13;391.31;10.2;10.08;7.35;7.26;31.62;31.34;3.34;1.71
S.F.orbitaire._right;S.F.orbitaire.;right;376.53;371.86;11.6;11.48;7.83;7.75;29.9;29.62;3.75;1.46
S.F.polaire.tr._left;S.F.polaire.tr.;left;1276.12;1259.77;15.78;15.74;8.15;8.09;73.3;72.54;3.43;2.38
S.F.polaire.tr._right;S.F.polaire.tr.;right;515.33;508.74;8.04;8.04;4.62;4.59;65.48;64.96;3.61;2.71
S.F.sup._left;S.F.sup.;left;2641.18;2605.86;22.12;21.96;10.4;10.31;113.64;112.6;3.97;1.47
S.F.sup._right;S.F.sup.;right;3844.28;3808.48;23.08;22.8;11.92;11.83;164.98;163.36;3.49;1.7
S.GSM._left;S.GSM.;left;30.44;30.48;7.72;7.66;3.65;3.65;4.62;4.58;4.25;8.26
S.Li.ant._left;S.Li.ant.;left;859.8;857.88;14.54;14.4;7.85;7.78;59.4;58.9;3.21;0.95
S.Li.ant._right;S.Li.ant.;right;386.2;385.14;12.0;11.9;9.73;9.62;22.66;22.42;3.34;0.62
S.Li.post._left;S.Li.post.;left;322.64;319.37;10.1;10.02;5.47;5.43;32.52;32.18;3.46;1.31
S.Li.post._right;S.Li.post.;right;510.6;506.26;11.5;11.42;6.54;6.5;49.18;48.78;3.41;1.07
S.O.T.lat.ant._left;S.O.T.lat.ant.;left;1463.36;1446.1;14.54;14.48;8.29;8.23;96.34;95.5;4.68;0.85
S.O.T.lat.ant._right;S.O.T.lat.ant.;right;878.03;868.4;15.84;15.74;7.34;7.28;54.38;53.9;4.41;1.19
S.O.T.lat.int._left;S.O.T.lat.int.;left;395.84;391.74;16.48;16.36;9.63;9.57;20.56;20.32;4.4;1.23
S.O.T.lat.int._right;S.O.T.lat.int.;right;510.51;505.0;12.08;12.02;7.28;7.24;35.22;34.9;4.34;1.33
S.O.T.lat.med._left;S.O.T.lat.med.;left;1161.82;1153.86;23.18;23.12;11.45;11.35;41.44;41.18;4.21;1.01
S.O.T.lat.med._right;S.O.T.lat.med.;right;760.72;751.27;17.02;16.9;9.97;9.9;44.3;43.98;4.6;0.89
S.O.T.lat.post._left;S.O.T.lat.post.;left;1411.16;1395.85;22.26;22.16;10.81;10.75;63.0;62.48;3.69;0.93
S.O.T.lat.post._right;S.O.T.lat.post.;right;1152.11;1141.29;19.44;19.32;12.48;12.39;53.62;53.26;3.92;0.87
S.O.p._left;S.O.p.;left;369.76;364.63;14.1;13.96;6.73;6.67;30.28;30.02;3.45;0.89
S.O.p._right;S.O.p.;right;731.81;724.67;19.34;19.18;11.21;11.12;36.26;35.94;2.87;0.76
S.Olf._left;S.Olf.;left;948.58;935.24;12.64;12.6;9.35;9.29;55.5;55.24;3.78;1.43
S.Olf._right;S.Olf.;right;1033.23;1022.66;13.3;13.16;8.42;8.37;72.86;72.2;3.78;1.77
S.Or._left;S.Or.;left;1859.58;1844.3;14.26;14.16;6.93;6.88;140.32;139.2;3.91;1.84
S.Or._right;S.Or.;right;1950.96;1934.09;16.68;16.64;7.17;7.13;141.6;140.42;3.85;1.79
S.Pa.int._left;S.Pa.int.;left;976.4;978.65;19.62;19.5;9.17;9.11;61.78;61.38;3.65;1.76
S.Pa.int._right;S.Pa.int.;right;713.34;715.96;13.2;13.16;7.43;7.39;44.8;44.4;4.18;1.2
S.Pa.sup._left;S.Pa.sup.;left;530.9;531.66;15.82;15.72;8.12;8.03;34.48;34.22;3.05;2.17
S.Pa.sup._right;S.Pa.sup.;right;404.52;401.0;10.14;10.14;5.35;5.31;41.1;40.84;3.65;2.77
S.Pa.t._left;S.Pa.t.;left;1154.85;1151.12;21.34;21.2;15.76;15.65;34.5;34.1;3.15;1.55
S.Pa.t._right;S.Pa.t.;right;557.18;559.46;16.52;16.48;7.76;7.7;28.34;28.14;3.08;1.81
S.Pe.C.inf._left;S.Pe.C.inf.;left;1872.39;1856.07;23.54;23.38;14.34;14.21;68.56;68.08;3.41;1.7
S.Pe.C.inf._right;S.Pe.C.inf.;right;1785.24;1770.64;16.18;16.08;10.6;10.53;50.86;50.58;3.86;1.7
S.Pe.C.inter._left;S.Pe.C.inter.;left;1289.28;1280.13;20.52;20.34;11.96;11.85;53.92;53.32;3.69;1.28
S.Pe.C.inter._right;S.Pe.C.inter.;right;1749.25;1731.75;22.26;22.16;10.97;10.89;65.48;64.74;3.92;1.48
S.Pe.C.marginal._left;S.Pe.C.marginal.;left;757.6;750.21;23.38;23.16;15.4;15.29;14.56;14.52;3.63;1.07
S.Pe.C.marginal._right;S.Pe.C.marginal.;right;1030.87;1019.2;22.72;22.58;12.02;11.94;43.6;43.14;3.61;1.69
S.Pe.C.median._left;S.Pe.C.median.;left;1177.61;1163.53;21.02;20.82;11.18;11.06;48.2;47.82;3.58;2.42
S.Pe.C.median._right;S.Pe.C.median.;right;505.19;500.05;11.9;11.76;6.84;6.8;45.48;45.14;3.52;2.12
S.Pe.C.sup._left;S.Pe.C.sup.;left;41.77;41.28;17.94;17.78;14.22;14.14;0.0;0.0;4.04;1.6
S.Pe.C.sup._right;S.Pe.C.sup.;right;818.3;814.68;23.46;23.2;15.14;15.0;29.0;28.72;3.77;1.37
S.Po.C.sup._left;S.Po.C.sup.;left;597.87;592.68;16.54;16.3;7.51;7.44;42.04;41.58;3.25;3.69
S.Po.C.sup._right;S.Po.C.sup.;right;1619.89;1610.38;21.7;21.56;12.54;12.43;65.6;65.06;3.33;2.2
S.R.inf._left;S.R.inf.;left;576.04;568.51;9.86;9.8;6.55;6.51;49.9;49.5;4.25;0.85
S.R.inf._right;S.R.inf.;right;222.37;221.44;8.16;8.14;4.58;4.55;27.78;27.56;4.68;1.74
S.Rh._left;S.Rh.;left;nan;nan;nan;nan;nan;nan;nan;nan;nan;nan
S.Rh._right;S.Rh.;right;91.69;90.8;6.14;6.08;3.52;3.49;13.86;13.74;5.74;2.46
S.T.i.ant._left;S.T.i.ant.;left;2463.82;2444.9;17.1;16.94;9.45;9.37;138.32;137.16;4.81;0.9
S.T.i.ant._right;S.T.i.ant.;right;2733.58;2724.49;17.28;17.06;9.69;9.61;155.34;154.06;4.27;1.15
S.T.i.post._left;S.T.i.post.;left;1283.19;1280.89;22.86;22.78;12.54;12.43;44.56;44.28;3.67;1.06
S.T.i.post._right;S.T.i.post.;right;2610.84;2582.66;20.82;20.62;11.91;11.82;107.12;106.2;3.85;0.83
S.T.pol._left;S.T.pol.;left;1250.69;1237.17;14.82;14.74;7.43;7.38;88.26;87.7;4.66;1.68
S.T.pol._right;S.T.pol.;right;1289.32;1285.03;14.68;14.54;8.38;8.3;82.1;81.38;4.64;1.45
S.T.s._left;S.T.s.;left;5669.37;5662.59;24.7;24.58;14.17;14.07;218.04;216.32;3.9;1.29
S.T.s._right;S.T.s.;right;3745.28;3755.0;28.56;28.44;17.32;17.19;113.1;112.2;4.28;1.37
S.T.s.ter.asc.ant._left;S.T.s.ter.asc.ant.;left;38.32;37.79;5.5;5.46;4.01;3.98;7.84;7.76;4.24;2.81
S.T.s.ter.asc.ant._right;S.T.s.ter.asc.ant.;right;2004.75;2000.51;24.22;24.12;15.25;15.15;64.8;64.36;4.19;1.24
S.T.s.ter.asc.post._left;S.T.s.ter.asc.post.;left;2141.34;2143.65;24.34;24.14;12.35;12.23;94.4;93.86;3.81;1.2
S.T.s.ter.asc.post._right;S.T.s.ter.asc.post.;right;1266.86;1269.48;22.2;21.98;12.88;12.77;53.34;53.08;4.02;1.13
S.p.C._left;S.p.C.;left;140.57;138.44;8.2;8.12;5.16;5.13;17.44;17.28;4.53;2.77
S.p.C._right;S.p.C.;right;281.06;277.31;14.2;14.08;8.97;8.91;17.52;17.32;3.2;1.18
S.s.P._left;S.s.P.;left;1992.53;1987.74;19.72;19.56;10.15;10.1;104.18;103.24;4.36;0.88
S.s.P._right;S.s.P.;right;1049.58;1048.6;15.76;15.7;9.87;9.82;48.74;48.44;4.7;0.72