sulcus;label;side;surface_talairach;surface_native;maxdepth_talairach;maxdepth_native;meandepth_talairach;meandepth_native;hull_junction_length_talairach;hull_junction_length_native;GM_thickness;opening
F.C.L.a._left;F.C.L.a.;left;2738.48;2770.71;19.24;19.1;9.24;9.24;115.8;116.2;5.06;2.42
F.C.L.a._right;F.C.L.a.;right;2201.32;2226.71;16.68;16.58;8.08;8.09;108.52;108.96;5.37;2.34
F.C.L.p._left;F.C.L.p.;left;2577.46;2590.33;38.12;37.96;16.74;16.71;76.46;76.54;3.98;1.54
F.C.L.p._right;F.C.L.p.;right;4357.33;4402.46;34.22;34.34;14.51;14.54;129.92;130.32;4.26;1.3
F.C.L.r.ant._left;F.C.L.r.ant.;left;629.92;635.65;24.5;24.28;12.8;12.8;20.4;20.46;4.12;1.78
F.C.L.r.ant._right;F.C.L.r.ant.;right;427.23;430.77;23.7;23.54;11.79;11.7;13.74;13.78;4.66;1.12
F.C.L.r.asc._left;F.C.L.r.asc.;left;551.79;545.43;15.7;15.6;9.76;9.75;34.64;34.78;3.75;1.87
F.C.L.r.asc._right;F.C.L.r.asc.;right;612.1;605.74;23.5;23.4;12.38;12.37;19.14;19.16;3.99;1.63
F.C.L.r.diag._left;F.C.L.r.diag.;left;nan;nan;nan;nan;nan;nan;nan;nan;nan;nan
F.C.L.r.diag._right;F.C.L.r.diag.;right;459.79;461.42;13.82;13.88;9.28;9.27;22.96;23.04;3.76;0.86
F.C.L.r.retroC.tr._left;F.C.L.r.retroC.tr.;left;303.11;303.17;25.88;25.92;15.18;15.18;9.06;9.12;4.07;0.94
F.C.L.r.retroC.tr._right;F.C.L.r.retroC.tr.;right;92.94;92.38;8.9;8.88;6.58;6.54;8.0;8.04;4.46;2.05
F.C.L.r.sc.ant._left;F.C.L.r.sc.ant.;left;nan;nan;nan;nan;nan;nan;nan;nan;nan;nan
F.C.L.r.sc.ant._right;F.C.L.r.sc.ant.;right;nan;nan;nan;nan;nan;nan;nan;nan;nan;nan
F.C.L.r.sc.post._left;F.C.L.r.sc.post.;left;381.65;379.33;21.98;21.98;12.94;12.91;10.32;10.32;3.74;1.33
F.C.L.r.sc.post._right;F.C.L.r.sc.post.;right;314.59;312.42;25.2;25.34;17.87;17.91;0.0;0.0;4.82;0.58
F.C.M.ant._left;F.C.M.ant.;left;2341.5;2365.53;14.44;14.44;9.46;9.45;138.18;138.26;4.03;1.29
F.C.M.ant._right;F.C.M.ant.;right;2729.57;2751.16;20.08;20.2;10.49;10.48;144.7;144.94;4.32;0.99
F.C.M.post._left;F.C.M.post.;left;2221.07;2243.67;19.54;19.58;12.7;12.66;99.46;99.62;3.82;1.63
F.C.M.post._right;F.C.M.post.;right;2228.81;2250.01;21.18;21.16;11.57;11.56;96.9;97.1;3.73;1.13
F.Cal.ant.-Sc.Cal._left;F.Cal.ant.-Sc.Cal.;left;2344.96;2363.6;21.5;21.58;12.31;12.31;105.66;105.86;3.67;1.11
F.Cal.ant.-Sc.Cal._right;F.Cal.ant.-Sc.Cal.;right;1906.45;1920.26;17.4;17.28;13.73;13.69;79.8;79.92;3.25;0.81
F.Coll._left;F.Coll.;left;3934.26;3973.36;20.12;20.22;13.04;13.03;159.14;159.98;4.03;0.81
F.Coll._right;F.Coll.;right;2731.73;2752.75;18.58;18.4;12.33;12.29;106.06;106.56;4.26;0.8
F.I.P.Po.C.inf._left;F.I.P.Po.C.inf.;left;2411.04;2429.23;28.7;28.28;17.52;17.43;85.52;85.8;3.54;1.82
F.I.P.Po.C.inf._right;F.I.P.Po.C.inf.;right;605.97;610.64;27.26;27.08;16.04;15.99;21.36;21.52;3.45;1.44
F.I.P._left;F.I.P.;left;4826.13;4875.83;25.8;25.56;12.5;12.53;193.54;193.38;3.58;1.96
F.I.P._right;F.I.P.;right;6438.52;6490.49;29.3;29.02;13.3;13.34;236.56;236.96;3.54;1.64
F.I.P.r.int.1_left;F.I.P.r.int.1;left;49.55;49.66;5.1;5.1;nan;nan;8.16;8.12;4.82;2.6
F.I.P.r.int.1_right;F.I.P.r.int.1;right;603.41;606.25;16.4;16.52;10.63;10.68;27.3;27.3;3.92;1.17
F.I.P.r.int.2_left;F.I.P.r.int.2;left;723.96;734.57;10.84;10.96;6.46;6.52;55.5;55.62;4.78;1.39
F.I.P.r.int.2_right;F.I.P.r.int.2;right;nan;nan;nan;nan;nan;nan;nan;nan;nan;nan
F.P.O._left;F.P.O.;left;1848.13;1861.71;27.8;27.84;14.82;14.84;73.98;74.16;3.52;0.86
F.P.O._right;F.P.O.;right;3450.17;3482.29;29.24;29.34;16.9;16.91;88.92;88.98;3.71;1.01
INSULA_left;INSULA;left;8102.7;8155.38;41.88;41.64;23.11;23.11;50.68;50.96;4.14;1.35
INSULA_right;INSULA;right;6559.79;6599.3;32.4;32.66;16.35;16.37;2.68;2.66;4.35;1.34
OCCIPITAL_left;OCCIPITAL;left;2610.44;2629.4;16.32;16.48;9.21;9.26;142.36;142.56;3.74;1.06
OCCIPITAL_right;OCCIPITAL;right;2822.06;2838.4;17.1;17.28;8.83;8.86;164.0;164.12;3.79;1.0
S.C.LPC._left;S.C.LPC.;left;nan;nan;nan;nan;nan;nan;nan;nan;nan;nan
S.C.LPC._right;S.C.LPC.;right;nan;nan;nan;nan;nan;nan;nan;nan;nan;nan
S.C._left;S.C.;left;4057.46;4054.97;22.3;22.38;11.4;11.38;154.96;155.6;3.6;1.99
S.C._right;S.C.;right;6392.12;6416.71;26.0;25.64;15.28;15.23;227.28;227.68;3.52;1.79
S.C.sylvian._left;S.C.sylvian.;left;68.02;68.33;9.04;9.06;8.06;8.08;3.88;3.88;3.49;1.24
S.C.sylvian._right;S.C.sylvian.;right;361.9;360.07;13.48;13.46;9.8;9.81;16.18;16.2;3.84;1.11
S.Call._left;S.Call.;left;763.23;766.56;8.5;8.56;5.56;5.55;86.48;86.76;3.58;2.61
S.Call._right;S.Call.;right;1264.63;1274.19;9.84;9.8;5.88;5.87;131.46;131.88;3.43;2.89
S.Cu._left;S.Cu.;left;744.67;746.61;14.66;14.72;6.8;6.83;64.06;64.18;3.75;0.91
S.Cu._right;S.Cu.;right;844.53;849.73;10.16;10.18;6.0;6.02;71.94;71.9;3.53;1.01
S.F.inf._left;S.F.inf.;left;1484.36;1505.89;21.4;21.38;14.61;14.63;49.82;50.2;3.83;1.66
S.F.inf._right;S.F.inf.;right;2572.28;2594.48;26.9;26.94;15.84;15.86;79.8;79.7;3.84;1.73
S.F.inf.ant._left;S.F.inf.ant.;left;172.14;174.56;8.7;8.74;4.57;4.56;19.92;20.0;4.08;2.06
S.F.inf.ant._right;S.F.inf.ant.;right;1605.82;1616.61;15.88;16.0;8.5;8.54;107.14;107.38;3.76;1.07
S.F.int._left;S.F.int.;left;2971.73;2967.38;16.08;16.06;7.69;7.68;213.62;214.0;4.5;1.51
S.F.int._right;S.F.int.;right;3197.83;3191.21;18.28;18.3;7.53;7.52;228.3;228.92;4.36;1.36
S.F.inter._left;S.F.inter.;left;1781.47;1783.06;18.2;18.34;8.74;8.77;97.92;98.12;3.56;1.65
S.F.inter._right;S.F.inter.;right;2582.15;2593.24;18.82;18.94;8.3;8.34;140.34;140.74;3.9;1.61
S.F.marginal._left;S.F.marginal.;left;920.08;923.48;14.0;14.0;7.97;8.0;62.82;62.62;4.05;1.84
S.F.marginal._right;S.F.marginal.;right;719.15;728.22;14.32;14.4;8.17;8.19;45.54;45.36;4.45;1.59
S.F.median._left;S.F.median.;left;1054.03;1054.32;21.18;21.28;8.48;8.49;68.92;69.24;4.01;2.72
S.F.median._right;S.F.median.;right;378.29;377.68;7.28;7.28;4.73;4.75;51.62;51.62;4.8;4.38
S.F.orbitaire._left;S.F.orbitaire.;left;586.13;584.66;13.72;13.86;7.73;7.75;38.76;38.78;3.72;1.49
S.F.orbitaire._right;S.F.orbitaire.;right;181.6;181.49;9.18;9.2;7.26;7.28;16.2;16.16;4.06;0.97
S.F.polaire.tr._left;S.F.polaire.tr.;left;497.04;497.99;8.66;8.76;5.32;5.35;51.06;51.08;3.77;2.56
S.F.polaire.tr._right;S.F.polaire.tr.;right;585.81;581.64;9.48;9.54;6.03;6.05;54.94;54.8;3.91;2.68
S.F.sup._left;S.F.sup.;left;5262.95;5251.81;26.0;26.08;12.36;12.38;201.0;201.18;3.89;1.67
S.F.sup._right;S.F.sup.;right;3572.9;3566.89;23.0;22.74;11.54;11.54;116.56;117.02;3.81;1.78
S.GSM._left;S.GSM.;left;nan;nan;nan;nan;nan;nan;nan;nan;nan;nan
S.Li.ant._left;S.Li.ant.;left;58.02;58.14;14.6;14.72;7.15;7.21;7.96;7.94;3.29;2.28
S.Li.ant._right;S.Li.ant.;right;394.37;395.98;10.26;10.28;5.85;5.83;34.86;35.0;3.28;1.16
S.Li.post._left;S.Li.post.;left;780.16;783.7;14.46;14.48;7.98;7.96;48.08;48.36;4.17;0.89
S.Li.post._right;S.Li.post.;right;327.71;328.45;11.8;11.88;6.33;6.34;20.88;20.92;3.54;0.81
S.O.T.lat.ant._left;S.O.T.lat.ant.;left;859.43;863.09;14.7;14.7;9.85;9.88;45.18;45.38;4.5;1.61
S.O.T.lat.ant._right;S.O.T.lat.ant.;right;1351.19;1354.67;15.52;15.62;9.18;9.22;67.62;67.86;4.81;1.15
S.O.T.lat.int._left;S.O.T.lat.int.;left;185.8;186.96;7.88;7.9;5.92;5.9;19.0;19.06;4.99;1.43
S.O.T.lat.int._right;S.O.T.lat.int.;right;263.04;263.23;8.58;8.6;5.2;5.22;27.74;27.86;5.5;2.04
S.O.T.lat.med._left;S.O.T.lat.med.;left;1391.66;1395.54;18.4;18.4;11.8;11.83;62.86;63.16;4.71;0.89
S.O.T.lat.med._right;S.O.T.lat.med.;right;53.16;53.24;8.0;7.94;4.6;4.6;5.34;5.38;5.39;1.07
S.O.T.lat.post._left;S.O.T.lat.post.;left;1558.55;1559.09;20.16;20.38;13.88;13.99;62.7;62.96;4.46;0.78
S.O.T.lat.post._right;S.O.T.lat.post.;right;1735.27;1744.52;20.0;20.24;11.43;11.49;76.74;77.0;4.81;0.77
S.O.p._left;S.O.p.;left;231.42;233.78;12.96;12.98;6.92;6.93;18.8;18.68;3.65;1.28
S.O.p._right;S.O.p.;right;380.48;380.55;13.12;13.18;7.53;7.56;27.48;27.48;3.58;1.0
S.Olf._left;S.Olf.;left;1099.1;1105.92;12.38;12.46;9.16;9.15;76.46;76.64;4.05;1.88
S.Olf._right;S.Olf.;right;1302.49;1308.01;13.02;13.04;8.18;8.16;89.66;89.88;3.97;1.67
S.Or._left;S.Or.;left;1767.55;1773.56;12.96;12.98;7.79;7.8;116.42;117.04;3.99;1.95
S.Or._right;S.Or.;right;1522.04;1527.7;13.16;13.16;7.17;7.16;108.0;108.5;4.14;2.23
S.Pa.int._left;S.Pa.int.;left;2064.72;2081.43;21.66;21.72;11.81;11.84;96.68;96.86;3.63;2.0
S.Pa.int._right;S.Pa.int.;right;672.93;680.43;12.3;12.18;6.74;6.73;48.44;48.58;4.25;1.86
S.Pa.sup._left;S.Pa.sup.;left;nan;nan;nan;nan;nan;nan;nan;nan;nan;nan
S.Pa.sup._right;S.Pa.sup.;right;nan;nan;nan;nan;nan;nan;nan;nan;nan;nan
S.Pa.t._left;S.Pa.t.;left;1077.19;1086.72;25.7;25.72;16.65;16.7;33.68;33.78;3.31;1.38
S.Pa.t._right;S.Pa.t.;right;281.61;283.05;17.58;17.6;10.04;10.08;9.82;9.86;3.27;1.44
S.Pe.C.inf._left;S.Pe.C.inf.;left;681.53;676.91;16.26;16.24;10.37;10.38;33.5;33.6;3.42;1.32
S.Pe.C.inf._right;S.Pe.C.inf.;right;1035.04;1035.77;22.54;22.58;15.25;15.29;39.1;38.94;3.66;1.42
S.Pe.C.inter._left;S.Pe.C.inter.;left;2195.01;2187.12;25.9;25.82;11.22;11.25;91.3;91.44;4.11;2.05
S.Pe.C.inter._right;S.Pe.C.inter.;right;418.01;418.3;9.74;9.76;6.9;6.92;32.84;32.82;3.73;1.31
S.Pe.C.marginal._left;S.Pe.C.marginal.;left;482.83;481.65;11.06;11.14;6.16;6.18;16.7;16.8;4.38;1.53
S.Pe.C.marginal._right;S.Pe.C.marginal.;right;107.62;107.8;13.4;13.38;9.69;9.65;9.64;9.68;5.4;1.44
S.Pe.C.median._left;S.Pe.C.median.;left;184.99;185.41;13.5;13.4;5.97;5.95;13.04;13.04;3.67;2.25
S.Pe.C.median._right;S.Pe.C.median.;right;643.98;640.2;15.5;15.6;8.82;8.86;44.7;44.6;4.4;2.69
S.Pe.C.sup._left;S.Pe.C.sup.;left;20.91;20.89;10.06;10.16;8.43;8.53;0.0;0.0;4.61;1.25
S.Pe.C.sup._right;S.Pe.C.sup.;right;1011.26;1012.0;23.5;23.54;13.14;13.13;26.26;26.4;3.51;1.14
S.Po.C.sup._left;S.Po.C.sup.;left;1099.23;1105.49;18.0;18.02;10.14;10.14;53.76;53.94;3.48;3.22
S.Po.C.sup._right;S.Po.C.sup.;right;1083.73;1083.9;22.7;22.48;10.32;10.27;62.3;62.4;2.81;2.12
S.R.inf._left;S.R.inf.;left;256.52;255.07;9.74;9.76;5.89;5.88;21.92;21.94;4.62;1.4
S.R.inf._right;S.R.inf.;right;228.26;228.41;8.7;8.74;6.58;6.57;16.8;16.8;4.35;0.81
S.Rh._left;S.Rh.;left;541.77;545.33;13.38;13.38;8.49;8.5;41.02;41.14;5.53;1.33
S.Rh._right;S.Rh.;right;881.67;880.99;13.24;13.4;8.07;8.1;59.52;59.82;5.95;0.94
S.T.i.ant._left;S.T.i.ant.;left;2057.02;2062.58;18.04;18.28;8.11;8.1;123.86;124.32;4.87;1.3
S.T.i.ant._right;S.T.i.ant.;right;2341.18;2354.09;14.7;14.58;8.34;8.32;142.26;142.86;5.52;1.22
S.T.i.post._left;S.T.i.post.;left;1041.24;1054.22;17.8;17.84;8.65;8.67;54.5;54.66;4.17;1.26
S.T.i.post._right;S.T.i.post.;right;1729.52;1750.86;21.3;21.34;10.09;10.12;86.66;87.36;4.02;0.88
S.T.pol._left;S.T.pol.;left;1137.22;1148.69;15.0;14.86;7.71;7.71;72.18;72.46;5.41;1.46
S.T.pol._right;S.T.pol.;right;664.35;670.54;14.08;14.1;9.39;9.38;42.9;43.12;5.9;1.32
S.T.s._left;S.T.s.;left;6271.78;6337.11;25.88;25.88;14.44;14.45;200.98;201.76;4.4;1.12
S.T.s._right;S.T.s.;right;4527.6;4584.82;29.98;30.0;15.87;15.89;147.38;147.94;4.72;1.17
S.T.s.ter.asc.ant._left;S.T.s.ter.asc.ant.;left;1581.54;1596.2;16.92;16.86;8.67;8.68;65.26;65.36;4.19;1.51
S.T.s.ter.asc.ant._right;S.T.s.ter.asc.ant.;right;2271.66;2287.49;24.5;24.54;15.93;15.99;66.04;66.14;4.15;0.98
S.T.s.ter.asc.post._left;S.T.s.ter.asc.post.;left;233.61;231.97;15.88;15.94;7.92;7.95;14.16;14.26;4.62;0.81
S.T.s.ter.asc.post._right;S.T.s.ter.asc.post.;right;929.55;930.3;20.24;20.26;10.07;10.1;46.76;47.08;4.21;1.37
S.p.C._left;S.p.C.;left;602.85;598.01;17.4;17.22;10.98;10.94;32.68;32.82;4.02;2.27
S.p.C._right;S.p.C.;right;315.14;313.23;17.5;17.22;8.2;8.16;19.82;19.84;4.27;1.49
S.s.P._left;S.s.P.;left;987.33;992.15;16.3;16.26;8.63;8.63;61.34;61.52;4.33;0.71
S.s.P._right;S.s.P.;right;1114.78;1120.49;16.26;16.2;8.34;8.34;57.24;57.36;5.19;0.53