sulcus;label;side;surface_talairach;surface_native;maxdepth_talairach;maxdepth_native;meandepth_talairach;meandepth_native;hull_junction_length_talairach;hull_junction_length_native;GM_thickness;opening
F.C.L.a._left;F.C.L.a.;left;2732.91;2540.79;28.18;27.7;17.32;16.78;85.3;82.32;4.2;3.0
F.C.L.a._right;F.C.L.a.;right;2916.59;2736.59;20.24;19.84;8.0;7.77;84.52;82.04;4.14;2.97
F.C.L.p._left;F.C.L.p.;left;5294.08;4967.27;39.4;39.0;18.15;17.9;128.66;122.9;4.5;1.22
F.C.L.p._right;F.C.L.p.;right;6302.23;5904.45;41.82;41.3;20.49;20.16;160.98;153.9;3.99;1.18
F.C.L.r.ant._left;F.C.L.r.ant.;left;777.34;746.76;24.38;24.22;14.25;14.05;23.14;21.92;4.04;1.44
F.C.L.r.ant._right;F.C.L.r.ant.;right;1022.03;981.05;26.04;24.86;16.05;15.64;29.78;28.4;4.0;1.15
F.C.L.r.asc._left;F.C.L.r.asc.;left;589.94;547.42;17.32;17.14;11.98;11.86;24.88;23.26;3.14;0.7
F.C.L.r.asc._right;F.C.L.r.asc.;right;377.43;356.12;14.18;13.9;9.6;9.46;20.62;19.38;3.76;0.82
F.C.L.r.diag._left;F.C.L.r.diag.;left;983.14;912.16;21.36;20.7;13.95;13.68;38.3;35.86;4.43;1.31
F.C.L.r.diag._right;F.C.L.r.diag.;right;809.39;759.01;21.3;20.9;14.61;14.42;34.3;32.24;4.13;1.1
F.C.L.r.retroC.tr._left;F.C.L.r.retroC.tr.;left;nan;nan;nan;nan;nan;nan;nan;nan;nan;nan
F.C.L.r.retroC.tr._right;F.C.L.r.retroC.tr.;right;155.55;150.59;10.22;10.08;7.3;7.22;11.92;11.36;4.67;1.25
F.C.L.r.sc.ant._left;F.C.L.r.sc.ant.;left;27.1;25.23;14.22;13.96;13.26;13.04;0.0;0.0;3.92;1.14
F.C.L.r.sc.ant._right;F.C.L.r.sc.ant.;right;nan;nan;nan;nan;nan;nan;nan;nan;nan;nan
F.C.L.r.sc.post._left;F.C.L.r.sc.post.;left;477.73;458.67;24.56;24.46;14.26;14.13;16.68;15.64;3.68;0.8
F.C.L.r.sc.post._right;F.C.L.r.sc.post.;right;427.69;408.95;34.12;33.68;15.33;15.13;9.72;9.16;3.79;0.93
F.C.M.ant._left;F.C.M.ant.;left;1955.34;1832.35;16.42;16.12;10.15;10.0;102.0;97.06;4.66;0.77
F.C.M.ant._right;F.C.M.ant.;right;2561.21;2406.13;13.8;13.58;7.83;7.75;158.92;150.24;4.3;1.29
F.C.M.post._left;F.C.M.post.;left;2967.03;2774.33;19.6;19.0;11.34;11.08;137.52;131.4;3.82;1.14
F.C.M.post._right;F.C.M.post.;right;2689.73;2512.27;19.74;19.52;13.0;12.71;109.16;104.28;3.85;0.97
F.Cal.ant.-Sc.Cal._left;F.Cal.ant.-Sc.Cal.;left;2888.42;2762.39;29.74;29.18;12.2;12.03;126.2;120.76;3.07;0.78
F.Cal.ant.-Sc.Cal._right;F.Cal.ant.-Sc.Cal.;right;2991.98;2832.71;31.62;31.1;17.97;17.69;81.68;78.18;3.19;0.7
F.Coll._left;F.Coll.;left;2439.64;2262.2;16.86;16.52;10.52;10.02;117.92;114.54;4.05;0.8
F.Coll._right;F.Coll.;right;2415.91;2237.62;17.32;16.94;10.7;10.18;112.7;109.44;3.97;0.75
F.I.P.Po.C.inf._left;F.I.P.Po.C.inf.;left;322.99;303.61;16.72;16.0;8.08;7.71;18.8;18.32;4.69;1.73
F.I.P.Po.C.inf._right;F.I.P.Po.C.inf.;right;4530.3;4181.4;31.18;29.82;17.84;17.18;130.42;125.34;3.89;1.08
F.I.P._left;F.I.P.;left;6817.6;6266.6;29.88;28.32;14.28;13.62;235.62;227.52;3.94;1.12
F.I.P._right;F.I.P.;right;5983.08;5482.05;23.84;22.94;12.39;11.88;254.64;243.4;3.99;0.97
F.I.P.r.int.1_left;F.I.P.r.int.1;left;69.19;66.15;15.2;14.74;8.77;8.58;6.76;6.44;4.59;1.51
F.I.P.r.int.1_right;F.I.P.r.int.1;right;1121.18;1040.39;20.02;19.8;12.0;11.75;50.3;47.44;4.35;1.08
F.I.P.r.int.2_left;F.I.P.r.int.2;left;514.24;486.04;16.46;16.16;10.27;10.08;26.94;25.56;4.35;1.15
F.I.P.r.int.2_right;F.I.P.r.int.2;right;117.85;113.45;8.4;8.26;5.49;5.36;9.74;9.26;5.5;0.89
F.P.O._left;F.P.O.;left;884.19;829.68;20.62;20.5;12.09;11.92;27.52;26.22;3.58;0.57
F.P.O._right;F.P.O.;right;1989.88;1858.52;26.68;26.1;17.63;17.3;57.12;54.22;4.04;0.8
INSULA_left;INSULA;left;5694.4;5274.49;38.38;37.88;20.79;19.98;4.04;3.84;3.94;1.56
INSULA_right;INSULA;right;3997.61;3699.16;39.78;39.16;25.18;24.49;0.0;0.0;4.02;1.48
OCCIPITAL_left;OCCIPITAL;left;3460.65;3235.83;19.76;18.54;8.55;8.27;233.7;224.12;3.95;0.73
OCCIPITAL_right;OCCIPITAL;right;3927.98;3710.7;18.04;17.5;8.38;8.13;252.94;243.72;4.05;0.74
S.C.LPC._left;S.C.LPC.;left;nan;nan;nan;nan;nan;nan;nan;nan;nan;nan
S.C.LPC._right;S.C.LPC.;right;nan;nan;nan;nan;nan;nan;nan;nan;nan;nan
S.C._left;S.C.;left;7858.73;7295.95;29.02;27.54;15.83;15.25;251.34;241.68;3.96;1.28
S.C._right;S.C.;right;5589.01;5225.51;27.04;25.8;16.25;15.58;185.7;179.42;3.63;1.15
S.C.sylvian._left;S.C.sylvian.;left;nan;nan;nan;nan;nan;nan;nan;nan;nan;nan
S.C.sylvian._right;S.C.sylvian.;right;291.83;281.52;11.88;11.72;5.92;5.87;24.9;23.88;4.12;1.33
S.Call._left;S.Call.;left;678.6;638.6;7.2;7.14;5.49;5.43;74.98;72.06;2.83;4.22
S.Call._right;S.Call.;right;1408.34;1339.76;9.22;9.06;5.83;5.75;147.34;140.66;3.13;1.88
S.Cu._left;S.Cu.;left;1092.02;1017.52;13.48;13.3;7.03;6.89;83.52;79.3;3.93;0.77
S.Cu._right;S.Cu.;right;1103.56;1038.98;15.36;15.08;8.55;8.39;56.56;53.7;3.51;0.63
S.F.inf._left;S.F.inf.;left;1929.27;1811.51;26.32;25.78;14.45;14.2;57.66;54.94;4.0;0.99
S.F.inf._right;S.F.inf.;right;189.65;184.05;8.26;8.02;5.04;4.94;22.94;22.02;4.02;1.29
S.F.inf.ant._left;S.F.inf.ant.;left;nan;nan;nan;nan;nan;nan;nan;nan;nan;nan
S.F.inf.ant._right;S.F.inf.ant.;right;2606.57;2470.11;18.92;18.48;10.91;10.7;132.74;126.68;3.87;1.06
S.F.int._left;S.F.int.;left;2615.8;2516.62;13.18;13.04;6.69;6.59;219.4;208.78;4.19;1.71
S.F.int._right;S.F.int.;right;2453.44;2344.47;14.26;14.14;6.9;6.8;188.12;179.0;4.54;1.41
S.F.inter._left;S.F.inter.;left;2536.12;2374.06;19.86;18.98;10.67;10.31;120.94;115.82;3.37;1.13
S.F.inter._right;S.F.inter.;right;2639.09;2484.48;18.66;18.04;11.18;10.81;118.46;113.36;3.61;1.12
S.F.marginal._left;S.F.marginal.;left;967.08;912.02;16.32;15.88;8.55;8.32;60.4;58.4;3.83;1.63
S.F.marginal._right;S.F.marginal.;right;2191.86;2036.92;17.08;16.58;8.37;8.04;153.54;148.82;3.76;1.36
S.F.median._left;S.F.median.;left;2473.62;2294.94;24.02;23.18;11.44;10.8;110.4;107.1;4.21;1.37
S.F.median._right;S.F.median.;right;969.0;916.18;17.24;16.22;7.66;7.24;69.04;67.3;4.92;1.76
S.F.orbitaire._left;S.F.orbitaire.;left;1125.5;1084.94;16.3;16.14;10.76;10.56;59.0;56.58;4.17;1.28
S.F.orbitaire._right;S.F.orbitaire.;right;120.58;117.82;6.66;6.5;4.99;4.89;13.24;12.86;4.38;1.76
S.F.polaire.tr._left;S.F.polaire.tr.;left;1081.49;1038.42;15.38;14.8;7.65;7.42;87.08;84.88;3.91;1.75
S.F.polaire.tr._right;S.F.polaire.tr.;right;1194.93;1143.6;13.8;13.4;7.27;7.0;92.44;89.82;3.91;1.99
S.F.sup._left;S.F.sup.;left;4006.82;3738.98;21.84;20.94;12.32;11.78;173.08;166.54;4.07;1.4
S.F.sup._right;S.F.sup.;right;3007.04;2798.45;22.3;20.88;12.79;12.13;103.82;100.56;4.33;1.47
S.GSM._left;S.GSM.;left;nan;nan;nan;nan;nan;nan;nan;nan;nan;nan
S.Li.ant._left;S.Li.ant.;left;327.39;304.92;9.04;8.76;5.96;5.71;27.16;26.48;3.52;1.04
S.Li.ant._right;S.Li.ant.;right;902.96;834.15;13.14;12.82;7.41;7.17;66.84;64.2;3.67;0.86
S.Li.post._left;S.Li.post.;left;651.25;600.5;17.56;16.48;9.56;9.01;28.12;27.36;3.68;0.72
S.Li.post._right;S.Li.post.;right;303.36;286.31;12.86;12.04;8.78;8.43;22.2;21.36;3.84;0.48
S.O.T.lat.ant._left;S.O.T.lat.ant.;left;1591.54;1472.43;16.0;15.36;10.29;9.75;68.78;66.46;4.63;0.8
S.O.T.lat.ant._right;S.O.T.lat.ant.;right;2126.64;1976.34;14.88;14.16;8.87;8.39;126.3;122.64;4.48;1.03
S.O.T.lat.int._left;S.O.T.lat.int.;left;488.84;446.57;12.8;11.9;8.25;7.77;31.84;30.84;4.36;0.82
S.O.T.lat.int._right;S.O.T.lat.int.;right;430.96;403.03;11.32;10.6;6.11;5.74;37.82;36.94;4.63;1.61
S.O.T.lat.med._left;S.O.T.lat.med.;left;590.23;544.11;14.58;13.72;10.46;9.86;30.9;30.08;5.07;0.57
S.O.T.lat.med._right;S.O.T.lat.med.;right;1962.35;1850.93;21.42;21.02;11.58;11.12;88.38;85.52;4.62;0.82
S.O.T.lat.post._left;S.O.T.lat.post.;left;1987.56;1845.15;20.24;19.86;9.95;9.6;96.9;92.72;4.83;0.87
S.O.T.lat.post._right;S.O.T.lat.post.;right;1937.24;1821.81;20.88;20.4;11.9;11.45;82.66;80.0;4.06;0.81
S.O.p._left;S.O.p.;left;49.75;48.12;5.1;4.86;3.58;3.41;11.1;10.88;5.36;1.17
S.O.p._right;S.O.p.;right;89.68;83.8;13.66;13.44;10.31;10.13;0.0;0.0;3.25;0.36
S.Olf._left;S.Olf.;left;1396.72;1296.7;14.14;13.44;8.31;7.92;93.18;90.22;3.65;1.72
S.Olf._right;S.Olf.;right;1443.18;1350.27;14.76;13.82;8.0;7.65;106.96;103.14;4.22;1.31
S.Or._left;S.Or.;left;3619.65;3332.94;20.98;20.34;8.03;7.63;238.78;231.02;3.94;1.34
S.Or._right;S.Or.;right;1574.54;1458.98;15.44;14.48;7.62;7.23;120.54;116.14;4.27;1.23
S.Pa.int._left;S.Pa.int.;left;980.0;913.28;13.34;12.94;6.82;6.64;73.8;70.38;4.27;1.53
S.Pa.int._right;S.Pa.int.;right;899.43;848.35;14.3;14.28;6.85;6.76;61.06;58.04;4.4;0.87
S.Pa.sup._left;S.Pa.sup.;left;441.86;405.63;11.86;11.34;6.81;6.45;34.32;33.66;4.24;2.62
S.Pa.sup._right;S.Pa.sup.;right;1222.97;1130.93;18.48;17.6;11.87;11.35;50.34;48.94;4.3;1.91
S.Pa.t._left;S.Pa.t.;left;1312.54;1209.54;22.74;22.5;17.43;16.9;45.82;44.2;4.44;1.26
S.Pa.t._right;S.Pa.t.;right;1139.42;1059.77;24.06;23.8;17.5;16.98;35.22;34.08;3.62;1.2
S.Pe.C.inf._left;S.Pe.C.inf.;left;nan;nan;nan;nan;nan;nan;nan;nan;nan;nan
S.Pe.C.inf._right;S.Pe.C.inf.;right;142.69;136.51;18.64;18.32;10.43;10.22;5.58;5.46;3.87;1.25
S.Pe.C.inter._left;S.Pe.C.inter.;left;1145.52;1078.08;24.22;23.58;13.89;13.5;36.06;34.28;4.1;1.32
S.Pe.C.inter._right;S.Pe.C.inter.;right;2035.12;1938.13;26.02;25.82;12.57;12.2;84.22;80.82;3.74;1.17
S.Pe.C.marginal._left;S.Pe.C.marginal.;left;59.74;56.65;19.02;18.24;16.56;15.95;0.0;0.0;4.05;0.29
S.Pe.C.marginal._right;S.Pe.C.marginal.;right;622.49;584.89;19.72;18.98;10.37;9.96;30.1;29.12;4.45;1.57
S.Pe.C.median._left;S.Pe.C.median.;left;144.02;133.23;10.08;9.58;7.12;6.75;10.76;10.42;5.91;0.15
S.Pe.C.median._right;S.Pe.C.median.;right;499.29;471.88;15.76;14.66;9.03;8.57;37.78;36.48;4.55;1.12
S.Pe.C.sup._left;S.Pe.C.sup.;left;154.16;147.78;13.72;13.08;6.83;6.57;9.2;8.94;4.26;1.55
S.Pe.C.sup._right;S.Pe.C.sup.;right;1765.61;1643.96;24.56;23.44;15.85;15.27;57.42;55.18;3.73;0.88
S.Po.C.sup._left;S.Po.C.sup.;left;394.98;362.28;16.5;15.4;9.49;9.04;18.88;18.28;3.59;1.73
S.Po.C.sup._right;S.Po.C.sup.;right;1502.28;1399.43;24.92;23.92;12.87;12.3;72.3;70.24;3.8;1.48
S.R.inf._left;S.R.inf.;left;937.24;918.63;12.42;12.32;8.37;8.28;70.38;67.56;4.4;1.18
S.R.inf._right;S.R.inf.;right;1077.3;1037.36;13.96;13.78;7.5;7.38;76.6;73.56;4.1;1.2
S.Rh._left;S.Rh.;left;380.77;357.76;10.54;10.18;5.7;5.51;36.74;35.48;5.44;2.37
S.Rh._right;S.Rh.;right;701.54;659.25;9.02;8.74;4.85;4.66;71.96;68.88;6.73;0.47
S.T.i.ant._left;S.T.i.ant.;left;2999.11;2816.01;20.04;19.36;10.68;10.44;141.02;135.82;4.75;0.63
S.T.i.ant._right;S.T.i.ant.;right;1836.63;1713.92;17.2;17.04;9.03;8.82;91.46;88.08;4.74;1.07
S.T.i.post._left;S.T.i.post.;left;1856.53;1777.27;22.12;21.66;12.22;12.0;70.98;68.74;4.37;0.57
S.T.i.post._right;S.T.i.post.;right;1040.88;994.57;16.86;16.62;6.75;6.65;83.32;80.12;5.66;0.46
S.T.pol._left;S.T.pol.;left;1702.44;1571.69;15.02;14.7;8.1;7.73;109.08;105.36;4.95;1.14
S.T.pol._right;S.T.pol.;right;1211.31;1121.65;15.94;15.36;7.55;7.2;80.76;78.36;4.95;1.08
S.T.s._left;S.T.s.;left;4614.6;4313.62;25.34;25.08;15.3;15.08;157.58;150.56;4.48;0.84
S.T.s._right;S.T.s.;right;5259.09;4936.62;27.88;27.68;14.73;14.53;192.88;184.86;4.26;0.83
S.T.s.ter.asc.ant._left;S.T.s.ter.asc.ant.;left;1073.8;1011.72;19.66;19.3;12.62;12.34;44.3;42.16;4.29;1.07
S.T.s.ter.asc.ant._right;S.T.s.ter.asc.ant.;right;1608.77;1539.52;23.62;23.38;15.89;15.65;43.2;41.52;4.11;0.58
S.T.s.ter.asc.post._left;S.T.s.ter.asc.post.;left;1521.52;1426.34;19.9;19.74;11.91;11.67;63.7;60.98;4.17;1.0
S.T.s.ter.asc.post._right;S.T.s.ter.asc.post.;right;2467.16;2339.31;22.68;22.24;15.43;15.21;78.7;75.08;4.24;0.76
S.p.C._left;S.p.C.;left;355.15;341.48;9.96;9.8;6.46;6.39;33.4;31.5;4.51;2.24
S.p.C._right;S.p.C.;right;43.76;40.95;5.52;5.46;3.37;3.32;8.8;8.4;4.45;4.41
S.s.P._left;S.s.P.;left;2877.43;2678.04;22.48;22.16;12.92;12.74;112.94;106.44;4.16;0.74
S.s.P._right;S.s.P.;right;973.96;910.42;15.6;15.42;8.57;8.48;61.34;57.9;4.7;0.42