sulcus;label;side;surface_talairach;surface_native;maxdepth_talairach;maxdepth_native;meandepth_talairach;meandepth_native;hull_junction_length_talairach;hull_junction_length_native;GM_thickness;opening
F.C.L.a._left;F.C.L.a.;left;3091.97;2919.34;23.3;22.94;13.81;13.52;104.5;101.84;4.32;3.27
F.C.L.a._right;F.C.L.a.;right;2490.65;2350.19;19.66;19.14;11.74;11.42;76.66;74.6;4.63;3.56
F.C.L.p._left;F.C.L.p.;left;4566.67;4328.42;23.22;22.94;12.27;12.04;108.64;104.64;3.85;1.35
F.C.L.p._right;F.C.L.p.;right;5132.51;4883.88;22.02;21.8;12.07;11.8;121.66;117.24;4.42;1.28
F.C.L.r.ant._left;F.C.L.r.ant.;left;859.27;826.38;28.26;27.82;12.65;12.38;30.22;29.26;3.9;1.54
F.C.L.r.ant._right;F.C.L.r.ant.;right;nan;nan;nan;nan;nan;nan;nan;nan;nan;nan
F.C.L.r.asc._left;F.C.L.r.asc.;left;628.62;599.71;15.5;15.08;10.28;10.08;32.28;30.78;3.83;1.85
F.C.L.r.asc._right;F.C.L.r.asc.;right;723.31;686.88;12.84;12.74;9.04;8.9;43.04;41.1;4.57;1.23
F.C.L.r.diag._left;F.C.L.r.diag.;left;nan;nan;nan;nan;nan;nan;nan;nan;nan;nan
F.C.L.r.diag._right;F.C.L.r.diag.;right;489.18;463.63;18.98;18.46;15.48;15.21;16.98;16.26;3.81;1.01
F.C.L.r.retroC.tr._left;F.C.L.r.retroC.tr.;left;53.27;50.47;4.34;4.3;2.29;2.24;6.72;6.54;5.25;0.84
F.C.L.r.retroC.tr._right;F.C.L.r.retroC.tr.;right;897.82;857.13;23.5;22.52;15.51;15.06;30.34;29.18;4.32;1.16
F.C.L.r.sc.ant._left;F.C.L.r.sc.ant.;left;nan;nan;nan;nan;nan;nan;nan;nan;nan;nan
F.C.L.r.sc.ant._right;F.C.L.r.sc.ant.;right;nan;nan;nan;nan;nan;nan;nan;nan;nan;nan
F.C.L.r.sc.post._left;F.C.L.r.sc.post.;left;570.06;544.11;19.82;19.52;11.51;11.14;5.06;4.86;3.64;0.97
F.C.L.r.sc.post._right;F.C.L.r.sc.post.;right;167.22;161.98;19.6;19.34;14.9;14.6;0.0;0.0;4.86;0.92
F.C.M.ant._left;F.C.M.ant.;left;1376.35;1302.36;13.38;13.08;9.87;9.77;83.86;79.7;4.27;1.11
F.C.M.ant._right;F.C.M.ant.;right;1861.75;1745.54;16.0;15.8;11.43;11.24;86.36;82.38;4.51;1.22
F.C.M.post._left;F.C.M.post.;left;2716.26;2571.31;19.82;19.2;10.79;10.59;134.9;129.48;3.64;2.19
F.C.M.post._right;F.C.M.post.;right;2357.24;2229.82;19.88;19.58;12.69;12.43;103.38;99.44;3.62;1.64
F.Cal.ant.-Sc.Cal._left;F.Cal.ant.-Sc.Cal.;left;1261.04;1212.7;23.5;23.18;10.45;10.28;72.92;70.48;3.48;1.53
F.Cal.ant.-Sc.Cal._right;F.Cal.ant.-Sc.Cal.;right;1242.9;1203.48;16.58;16.4;9.25;9.14;68.54;66.0;3.53;1.34
F.Coll._left;F.Coll.;left;3564.66;3352.14;15.94;15.5;9.21;8.89;202.02;197.0;3.89;1.0
F.Coll._right;F.Coll.;right;1449.56;1351.3;13.22;12.56;8.53;8.19;97.64;95.08;4.06;0.7
F.I.P.Po.C.inf._left;F.I.P.Po.C.inf.;left;2743.21;2574.01;24.18;23.22;11.94;11.6;67.5;65.52;3.63;1.55
F.I.P.Po.C.inf._right;F.I.P.Po.C.inf.;right;1603.35;1502.45;24.48;23.48;11.79;11.4;67.44;65.56;4.17;1.86
F.I.P._left;F.I.P.;left;7375.38;6890.88;27.74;26.68;13.5;13.01;256.7;249.78;3.44;1.55
F.I.P._right;F.I.P.;right;9210.59;8638.21;27.14;26.26;13.1;12.69;339.6;330.68;3.44;1.41
F.I.P.r.int.1_left;F.I.P.r.int.1;left;888.38;839.71;17.6;17.42;11.44;11.27;45.36;43.56;3.65;1.66
F.I.P.r.int.1_right;F.I.P.r.int.1;right;477.67;458.44;14.52;14.42;6.23;6.17;36.6;35.28;4.37;1.42
F.I.P.r.int.2_left;F.I.P.r.int.2;left;191.96;180.44;9.32;9.18;6.47;6.34;18.1;17.48;4.31;1.85
F.I.P.r.int.2_right;F.I.P.r.int.2;right;nan;nan;nan;nan;nan;nan;nan;nan;nan;nan
F.P.O._left;F.P.O.;left;3073.4;2901.59;29.02;28.54;14.45;14.21;114.14;109.68;3.2;1.29
F.P.O._right;F.P.O.;right;2946.14;2786.98;27.48;27.04;17.82;17.57;86.48;83.02;3.35;1.02
INSULA_left;INSULA;left;5955.11;5615.83;36.02;35.26;23.73;23.18;0.0;0.0;3.95;1.41
INSULA_right;INSULA;right;6193.61;5844.44;29.58;28.5;15.35;14.9;28.5;27.34;4.2;1.19
OCCIPITAL_left;OCCIPITAL;left;4017.14;3818.7;17.66;16.86;9.05;8.77;245.3;238.9;3.73;1.23
OCCIPITAL_right;OCCIPITAL;right;2300.45;2191.72;18.56;18.28;7.12;6.95;177.88;172.08;4.02;0.82
S.C.LPC._left;S.C.LPC.;left;nan;nan;nan;nan;nan;nan;nan;nan;nan;nan
S.C.LPC._right;S.C.LPC.;right;nan;nan;nan;nan;nan;nan;nan;nan;nan;nan
S.C._left;S.C.;left;5542.77;5218.19;24.98;24.46;13.72;13.32;206.22;199.98;3.7;2.13
S.C._right;S.C.;right;5684.76;5388.83;26.4;25.42;15.19;14.73;198.7;192.98;3.34;2.01
S.C.sylvian._left;S.C.sylvian.;left;104.96;101.25;13.46;13.4;8.33;8.27;3.96;3.84;3.97;0.75
S.C.sylvian._right;S.C.sylvian.;right;159.93;155.13;9.8;9.66;6.71;6.61;12.88;12.28;5.11;1.34
S.Call._left;S.Call.;left;1007.1;972.25;10.26;10.18;5.27;5.23;116.4;111.94;3.26;1.44
S.Call._right;S.Call.;right;1832.66;1763.71;10.56;10.46;6.78;6.72;160.52;154.28;3.16;1.69
S.Cu._left;S.Cu.;left;929.14;884.19;15.4;15.24;8.01;7.88;62.96;60.56;3.11;0.94
S.Cu._right;S.Cu.;right;1169.98;1119.78;14.12;13.86;8.15;8.05;75.34;72.66;3.21;0.84
S.F.inf._left;S.F.inf.;left;1284.99;1213.83;23.04;22.24;15.63;15.36;41.58;39.76;3.8;1.73
S.F.inf._right;S.F.inf.;right;1364.93;1289.8;20.38;20.12;14.47;14.22;46.92;44.96;4.14;1.49
S.F.inf.ant._left;S.F.inf.ant.;left;352.6;336.19;10.82;10.66;6.86;6.75;28.74;27.84;4.09;1.45
S.F.inf.ant._right;S.F.inf.ant.;right;939.77;901.78;18.08;17.78;8.93;8.78;60.02;57.86;4.22;1.51
S.F.int._left;S.F.int.;left;3300.69;3159.19;16.74;16.52;6.88;6.81;276.76;265.48;3.8;1.74
S.F.int._right;S.F.int.;right;2314.09;2230.96;15.9;15.74;6.58;6.51;197.68;189.68;4.0;1.6
S.F.inter._left;S.F.inter.;left;3284.01;3117.99;21.16;20.46;9.51;9.26;181.86;176.08;3.53;1.48
S.F.inter._right;S.F.inter.;right;1972.14;1878.62;19.04;18.58;10.37;10.13;89.54;86.7;3.8;1.3
S.F.marginal._left;S.F.marginal.;left;1131.24;1079.57;17.52;17.08;8.7;8.49;66.62;65.02;3.54;1.46
S.F.marginal._right;S.F.marginal.;right;1848.52;1770.82;19.56;19.18;8.79;8.57;112.5;109.76;3.7;1.57
S.F.median._left;S.F.median.;left;871.13;819.32;14.38;13.88;6.2;5.93;80.74;78.76;3.71;3.16
S.F.median._right;S.F.median.;right;957.44;904.84;12.4;11.76;6.1;5.8;85.1;83.84;3.7;2.41
S.F.orbitaire._left;S.F.orbitaire.;left;333.69;323.38;12.6;12.4;7.29;7.2;26.0;25.12;3.99;1.65
S.F.orbitaire._right;S.F.orbitaire.;right;358.24;352.27;15.84;15.68;9.1;8.95;21.64;21.14;3.83;1.76
S.F.polaire.tr._left;S.F.polaire.tr.;left;412.43;402.82;7.94;7.66;4.93;4.77;50.78;49.88;3.51;2.79
S.F.polaire.tr._right;S.F.polaire.tr.;right;1030.44;977.1;11.88;11.2;6.52;6.25;89.46;86.62;3.47;1.96
S.F.sup._left;S.F.sup.;left;5743.08;5382.6;28.02;26.98;14.71;14.14;189.46;183.6;3.49;1.68
S.F.sup._right;S.F.sup.;right;4917.87;4627.88;25.74;25.08;12.77;12.32;153.88;149.32;3.49;1.56
S.GSM._left;S.GSM.;left;52.87;49.9;5.38;5.28;4.3;4.27;6.76;6.5;3.95;3.73
S.Li.ant._left;S.Li.ant.;left;nan;nan;nan;nan;nan;nan;nan;nan;nan;nan
S.Li.ant._right;S.Li.ant.;right;1174.76;1105.76;14.3;13.9;10.37;10.05;59.4;57.82;3.53;0.97
S.Li.post._left;S.Li.post.;left;99.65;95.77;10.22;10.1;6.89;6.8;10.14;9.82;3.59;2.12
S.Li.post._right;S.Li.post.;right;888.89;830.99;13.6;12.88;8.09;7.78;57.0;55.78;3.25;0.95
S.O.T.lat.ant._left;S.O.T.lat.ant.;left;1723.16;1605.35;16.16;15.5;9.06;8.67;106.24;103.36;4.47;0.99
S.O.T.lat.ant._right;S.O.T.lat.ant.;right;1633.39;1523.36;15.66;15.12;9.28;8.9;85.02;82.76;4.49;1.11
S.O.T.lat.int._left;S.O.T.lat.int.;left;239.92;224.52;18.66;17.8;11.78;11.25;12.76;12.48;3.53;1.09
S.O.T.lat.int._right;S.O.T.lat.int.;right;71.95;67.04;6.44;6.28;4.97;4.76;6.9;6.78;3.83;1.09
S.O.T.lat.med._left;S.O.T.lat.med.;left;215.19;201.37;7.02;6.68;4.51;4.29;24.92;24.4;5.65;0.64
S.O.T.lat.med._right;S.O.T.lat.med.;right;621.76;589.85;21.48;20.88;15.18;14.8;16.92;16.46;4.36;0.59
S.O.T.lat.post._left;S.O.T.lat.post.;left;750.03;706.05;19.48;19.16;12.45;12.06;27.6;27.02;4.0;0.86
S.O.T.lat.post._right;S.O.T.lat.post.;right;1970.48;1853.83;16.48;15.68;10.27;9.82;114.12;111.52;3.75;0.75
S.O.p._left;S.O.p.;left;nan;nan;nan;nan;nan;nan;nan;nan;nan;nan
S.O.p._right;S.O.p.;right;584.27;550.91;15.94;15.12;11.88;11.34;25.86;25.4;3.34;0.64
S.Olf._left;S.Olf.;left;1076.35;1016.15;12.06;11.72;7.71;7.46;77.44;74.98;4.05;1.63
S.Olf._right;S.Olf.;right;1242.89;1159.9;13.44;12.88;7.9;7.6;84.4;81.72;4.17;1.55
S.Or._left;S.Or.;left;3008.19;2816.33;14.26;13.58;7.79;7.49;212.52;206.2;4.14;1.68
S.Or._right;S.Or.;right;2343.07;2192.76;15.1;14.34;8.14;7.81;154.58;150.56;4.33;1.57
S.Pa.int._left;S.Pa.int.;left;2868.44;2691.04;21.46;20.98;12.42;12.11;129.16;124.64;3.15;1.26
S.Pa.int._right;S.Pa.int.;right;106.28;99.62;8.1;7.8;6.07;5.87;8.32;8.14;3.33;2.11
S.Pa.sup._left;S.Pa.sup.;left;117.96;110.64;11.26;10.96;9.2;9.01;4.34;4.16;2.51;1.1
S.Pa.sup._right;S.Pa.sup.;right;123.36;115.83;6.8;6.6;3.84;3.72;14.72;14.3;3.41;2.83
S.Pa.t._left;S.Pa.t.;left;249.51;234.72;15.26;15.08;8.66;8.46;17.2;16.5;2.94;1.95
S.Pa.t._right;S.Pa.t.;right;1028.34;969.41;26.22;25.78;16.84;16.48;13.78;13.22;2.95;1.07
S.Pe.C.inf._left;S.Pe.C.inf.;left;1348.1;1280.42;24.62;23.94;15.25;15.04;48.76;46.52;3.95;2.01
S.Pe.C.inf._right;S.Pe.C.inf.;right;nan;nan;nan;nan;nan;nan;nan;nan;nan;nan
S.Pe.C.inter._left;S.Pe.C.inter.;left;1754.35;1664.55;26.18;25.46;18.88;18.36;39.98;38.4;3.53;1.34
S.Pe.C.inter._right;S.Pe.C.inter.;right;3563.92;3426.09;29.0;28.64;14.91;14.58;115.16;111.02;3.84;1.51
S.Pe.C.marginal._left;S.Pe.C.marginal.;left;80.41;76.93;17.64;17.12;12.59;12.3;0.0;0.0;3.76;1.03
S.Pe.C.marginal._right;S.Pe.C.marginal.;right;602.79;579.63;15.1;14.66;9.93;9.54;31.12;30.6;4.19;2.28
S.Pe.C.median._left;S.Pe.C.median.;left;52.0;48.25;19.66;18.88;16.68;16.02;0.0;0.0;4.02;1.28
S.Pe.C.median._right;S.Pe.C.median.;right;435.02;402.22;12.94;12.38;8.18;7.79;30.84;30.08;3.31;1.75
S.Pe.C.sup._left;S.Pe.C.sup.;left;136.31;128.82;10.26;9.86;4.76;4.59;18.84;18.38;3.74;2.57
S.Pe.C.sup._right;S.Pe.C.sup.;right;376.68;355.34;15.64;15.04;8.81;8.48;21.28;20.66;3.87;2.03
S.Po.C.sup._left;S.Po.C.sup.;left;1243.98;1161.09;18.8;17.78;9.74;9.33;72.6;71.08;3.1;2.58
S.Po.C.sup._right;S.Po.C.sup.;right;938.44;875.65;15.38;14.62;8.03;7.7;65.86;64.14;3.41;2.58
S.R.inf._left;S.R.inf.;left;864.79;848.21;13.76;13.58;8.29;8.2;65.86;63.38;3.92;1.34
S.R.inf._right;S.R.inf.;right;955.27;934.15;13.74;13.6;7.06;7.0;79.68;76.4;4.42;0.86
S.Rh._left;S.Rh.;left;727.08;687.28;14.9;14.64;7.32;7.15;48.94;47.64;4.85;1.92
S.Rh._right;S.Rh.;right;1040.82;991.48;14.86;14.62;8.73;8.47;70.08;68.36;4.93;1.1
S.T.i.ant._left;S.T.i.ant.;left;3086.54;2942.45;22.48;22.08;10.39;10.16;167.36;161.96;4.63;0.89
S.T.i.ant._right;S.T.i.ant.;right;2502.42;2384.12;19.68;19.22;10.44;10.22;127.24;123.72;4.73;1.12
S.T.i.post._left;S.T.i.post.;left;1762.22;1671.03;22.04;21.72;9.49;9.37;87.74;84.38;4.23;1.04
S.T.i.post._right;S.T.i.post.;right;2286.21;2159.79;21.1;20.78;12.01;11.85;96.6;93.22;4.49;0.9
S.T.pol._left;S.T.pol.;left;914.23;860.83;13.76;13.54;8.05;7.74;73.0;71.38;4.97;1.66
S.T.pol._right;S.T.pol.;right;683.63;638.39;14.7;13.96;7.62;7.34;50.52;49.44;5.19;1.69
S.T.s._left;S.T.s.;left;4320.86;4106.16;25.48;25.2;14.11;13.92;132.74;128.28;3.99;1.34
S.T.s._right;S.T.s.;right;5765.46;5484.07;30.14;29.74;15.55;15.33;164.22;158.26;4.21;1.07
S.T.s.ter.asc.ant._left;S.T.s.ter.asc.ant.;left;1860.68;1770.14;26.6;26.1;17.71;17.43;54.26;52.3;4.01;1.15
S.T.s.ter.asc.ant._right;S.T.s.ter.asc.ant.;right;2075.58;1959.31;24.34;24.04;16.15;15.9;68.7;66.16;3.54;0.93
S.T.s.ter.asc.post._left;S.T.s.ter.asc.post.;left;815.53;786.22;18.44;18.22;11.65;11.51;34.24;33.08;4.0;1.22
S.T.s.ter.asc.post._right;S.T.s.ter.asc.post.;right;1374.8;1315.04;17.6;17.3;10.0;9.87;71.86;70.14;4.08;1.0
S.p.C._left;S.p.C.;left;222.76;207.47;11.9;11.3;7.43;7.06;18.32;18.04;3.59;2.7
S.p.C._right;S.p.C.;right;152.67;145.85;8.46;8.36;4.54;4.51;20.78;19.76;3.77;3.35
S.s.P._left;S.s.P.;left;1177.91;1115.07;22.02;21.7;10.66;10.54;67.92;64.84;3.65;0.66
S.s.P._right;S.s.P.;right;1160.39;1102.8;15.08;14.86;8.35;8.25;77.28;74.02;4.05;1.53