sulcus;label;side;surface_talairach;surface_native;maxdepth_talairach;maxdepth_native;meandepth_talairach;meandepth_native;hull_junction_length_talairach;hull_junction_length_native;GM_thickness;opening
F.C.L.a._left;F.C.L.a.;left;2993.61;3003.67;23.4;23.4;12.93;12.93;110.64;110.64;4.29;1.97
F.C.L.a._right;F.C.L.a.;right;3081.95;3106.29;24.94;24.94;9.89;9.89;127.82;127.82;4.76;3.04
F.C.L.p._left;F.C.L.p.;left;5682.09;5723.6;33.3;33.3;14.92;14.92;155.96;155.96;3.57;1.13
F.C.L.p._right;F.C.L.p.;right;5502.94;5537.76;36.56;36.56;15.3;15.3;171.2;171.2;3.71;1.11
F.C.L.r.ant._left;F.C.L.r.ant.;left;143.28;143.9;21.82;21.82;14.58;14.58;0.0;0.0;3.41;0.35
F.C.L.r.ant._right;F.C.L.r.ant.;right;1124.47;1124.13;28.44;28.44;14.81;14.81;30.08;30.08;3.46;1.35
F.C.L.r.asc._left;F.C.L.r.asc.;left;1131.69;1133.0;17.64;17.64;10.64;10.64;57.9;57.9;3.51;1.02
F.C.L.r.asc._right;F.C.L.r.asc.;right;106.82;106.35;7.38;7.38;4.79;4.79;12.24;12.24;4.81;2.27
F.C.L.r.diag._left;F.C.L.r.diag.;left;391.41;391.5;12.98;12.98;8.79;8.79;25.18;25.18;3.77;1.02
F.C.L.r.diag._right;F.C.L.r.diag.;right;619.21;615.93;14.2;14.2;10.46;10.46;33.44;33.44;3.71;1.11
F.C.L.r.retroC.tr._left;F.C.L.r.retroC.tr.;left;494.61;496.64;15.74;15.74;11.64;11.64;16.58;16.58;3.38;1.37
F.C.L.r.retroC.tr._right;F.C.L.r.retroC.tr.;right;nan;nan;nan;nan;nan;nan;nan;nan;nan;nan
F.C.L.r.sc.ant._left;F.C.L.r.sc.ant.;left;nan;nan;nan;nan;nan;nan;nan;nan;nan;nan
F.C.L.r.sc.ant._right;F.C.L.r.sc.ant.;right;nan;nan;nan;nan;nan;nan;nan;nan;nan;nan
F.C.L.r.sc.post._left;F.C.L.r.sc.post.;left;nan;nan;nan;nan;nan;nan;nan;nan;nan;nan
F.C.L.r.sc.post._right;F.C.L.r.sc.post.;right;nan;nan;nan;nan;nan;nan;nan;nan;nan;nan
F.C.M.ant._left;F.C.M.ant.;left;31.44;31.3;4.3;4.3;3.07;3.07;8.12;8.12;4.49;1.42
F.C.M.ant._right;F.C.M.ant.;right;2315.92;2328.45;15.56;15.56;11.6;11.6;95.62;95.62;4.19;0.95
F.C.M.post._left;F.C.M.post.;left;3594.71;3625.6;18.46;18.46;10.3;10.3;190.08;190.08;3.83;1.25
F.C.M.post._right;F.C.M.post.;right;2729.16;2741.0;20.04;20.04;11.43;11.43;120.9;120.9;3.3;1.24
F.Cal.ant.-Sc.Cal._left;F.Cal.ant.-Sc.Cal.;left;2807.48;2820.11;31.1;31.1;14.37;14.37;103.78;103.78;2.94;1.11
F.Cal.ant.-Sc.Cal._right;F.Cal.ant.-Sc.Cal.;right;1960.56;1958.67;22.92;22.92;12.07;12.07;85.82;85.82;3.27;1.05
F.Coll._left;F.Coll.;left;1985.92;1994.45;16.58;16.58;9.56;9.56;102.34;102.34;4.01;0.8
F.Coll._right;F.Coll.;right;2836.56;2859.94;20.36;20.36;11.98;11.98;121.06;121.06;3.38;0.93
F.I.P.Po.C.inf._left;F.I.P.Po.C.inf.;left;2693.88;2702.21;28.9;28.9;15.21;15.21;80.8;80.8;3.2;1.3
F.I.P.Po.C.inf._right;F.I.P.Po.C.inf.;right;3766.8;3778.65;29.3;29.3;15.78;15.78;118.36;118.36;3.12;1.53
F.I.P._left;F.I.P.;left;4799.25;4833.49;24.86;24.86;14.1;14.1;166.42;166.42;3.22;1.41
F.I.P._right;F.I.P.;right;6328.27;6380.57;26.94;26.94;13.5;13.5;233.84;233.84;3.16;1.48
F.I.P.r.int.1_left;F.I.P.r.int.1;left;110.84;110.02;14.36;14.36;7.63;7.63;8.46;8.46;3.08;1.66
F.I.P.r.int.1_right;F.I.P.r.int.1;right;1044.62;1046.25;18.34;18.34;10.09;10.09;55.6;55.6;3.29;1.22
F.I.P.r.int.2_left;F.I.P.r.int.2;left;795.42;807.55;17.28;17.28;8.13;8.13;49.32;49.32;3.85;1.55
F.I.P.r.int.2_right;F.I.P.r.int.2;right;254.0;257.34;9.96;9.96;6.89;6.89;23.2;23.2;3.35;1.31
F.P.O._left;F.P.O.;left;2300.09;2313.25;24.14;24.14;15.38;15.38;77.92;77.92;3.12;1.17
F.P.O._right;F.P.O.;right;3602.36;3636.32;29.74;29.74;15.09;15.09;122.06;122.06;3.16;0.98
INSULA_left;INSULA;left;7665.34;7691.75;34.58;34.58;22.63;22.63;58.68;58.68;3.67;1.04
INSULA_right;INSULA;right;5637.62;5648.74;40.98;40.98;27.04;27.04;0.0;0.0;3.85;1.15
OCCIPITAL_left;OCCIPITAL;left;3549.02;3546.32;15.36;15.36;8.14;8.14;231.12;231.12;3.21;0.98
OCCIPITAL_right;OCCIPITAL;right;2880.33;2881.99;17.18;17.18;7.87;7.87;189.96;189.96;3.78;0.85
S.C.LPC._left;S.C.LPC.;left;nan;nan;nan;nan;nan;nan;nan;nan;nan;nan
S.C.LPC._right;S.C.LPC.;right;29.53;29.91;3.78;3.78;2.62;2.62;9.86;9.86;3.32;7.0
S.C._left;S.C.;left;2624.26;2619.39;24.56;24.56;12.67;12.67;110.86;110.86;2.95;1.43
S.C._right;S.C.;right;4018.56;4027.47;25.84;25.84;15.59;15.59;146.28;146.28;3.18;1.62
S.C.sylvian._left;S.C.sylvian.;left;nan;nan;nan;nan;nan;nan;nan;nan;nan;nan
S.C.sylvian._right;S.C.sylvian.;right;372.1;370.43;14.94;14.94;10.92;10.92;17.7;17.7;3.35;1.17
S.Call._left;S.Call.;left;1397.94;1398.98;11.4;11.4;6.12;6.12;144.56;144.56;3.05;1.49
S.Call._right;S.Call.;right;1575.54;1578.64;10.52;10.52;5.68;5.68;163.38;163.38;2.99;2.17
S.Cu._left;S.Cu.;left;876.69;877.59;17.2;17.2;9.59;9.59;46.28;46.28;2.85;0.97
S.Cu._right;S.Cu.;right;1086.9;1090.18;17.12;17.12;7.1;7.1;77.12;77.12;3.22;0.89
S.F.inf._left;S.F.inf.;left;2463.96;2466.99;25.16;25.16;14.21;14.21;79.8;79.8;3.39;1.07
S.F.inf._right;S.F.inf.;right;2385.19;2404.62;23.98;23.98;13.34;13.34;87.34;87.34;3.37;1.0
S.F.inf.ant._left;S.F.inf.ant.;left;296.75;295.93;10.46;10.46;6.21;6.21;28.9;28.9;3.54;1.83
S.F.inf.ant._right;S.F.inf.ant.;right;933.77;930.48;14.26;14.26;7.68;7.68;67.46;67.46;3.44;1.3
S.F.int._left;S.F.int.;left;3416.85;3417.06;15.82;15.82;6.47;6.47;295.5;295.5;3.86;1.35
S.F.int._right;S.F.int.;right;3145.85;3134.63;16.16;16.16;6.84;6.84;252.16;252.16;3.83;1.65
S.F.inter._left;S.F.inter.;left;2497.82;2484.02;22.76;22.76;11.73;11.73;109.2;109.2;3.35;1.07
S.F.inter._right;S.F.inter.;right;3500.38;3504.4;20.04;20.04;10.59;10.59;170.94;170.94;3.35;1.01
S.F.marginal._left;S.F.marginal.;left;1179.15;1180.1;17.0;17.0;7.49;7.49;89.0;89.0;3.81;1.26
S.F.marginal._right;S.F.marginal.;right;1841.31;1851.69;19.98;19.98;11.23;11.23;99.02;99.02;3.41;1.14
S.F.median._left;S.F.median.;left;1685.22;1682.36;22.68;22.68;7.85;7.85;114.1;114.1;3.89;2.44
S.F.median._right;S.F.median.;right;915.35;910.8;12.46;12.46;5.87;5.87;94.72;94.72;4.0;3.04
S.F.orbitaire._left;S.F.orbitaire.;left;653.41;649.63;11.96;11.96;7.51;7.51;45.7;45.7;3.66;1.51
S.F.orbitaire._right;S.F.orbitaire.;right;465.24;462.96;12.48;12.48;7.37;7.37;36.24;36.24;3.61;1.17
S.F.polaire.tr._left;S.F.polaire.tr.;left;1181.64;1179.31;12.9;12.9;6.66;6.66;99.52;99.52;3.5;1.46
S.F.polaire.tr._right;S.F.polaire.tr.;right;1297.97;1292.64;11.44;11.44;6.19;6.19;120.48;120.48;3.5;1.8
S.F.sup._left;S.F.sup.;left;6063.09;6041.87;27.22;27.22;11.53;11.53;259.84;259.84;3.44;1.27
S.F.sup._right;S.F.sup.;right;3996.39;3989.01;25.58;25.58;13.78;13.78;146.68;146.68;3.61;1.4
S.GSM._left;S.GSM.;left;682.83;685.55;14.92;14.92;7.14;7.14;48.76;48.76;3.31;1.66
S.Li.ant._left;S.Li.ant.;left;341.28;342.07;9.72;9.72;5.42;5.42;27.02;27.02;3.89;0.66
S.Li.ant._right;S.Li.ant.;right;271.98;274.02;7.7;7.7;5.35;5.35;26.64;26.64;3.42;0.87
S.Li.post._left;S.Li.post.;left;1705.12;1710.21;17.64;17.64;9.62;9.62;97.38;97.38;3.18;0.93
S.Li.post._right;S.Li.post.;right;552.64;558.83;14.8;14.8;8.73;8.73;35.26;35.26;3.11;0.99
S.O.T.lat.ant._left;S.O.T.lat.ant.;left;1542.33;1543.18;15.52;15.52;8.98;8.98;81.12;81.12;4.05;1.16
S.O.T.lat.ant._right;S.O.T.lat.ant.;right;1961.2;1960.78;16.74;16.74;9.09;9.09;102.32;102.32;4.24;0.9
S.O.T.lat.int._left;S.O.T.lat.int.;left;543.59;542.29;9.86;9.86;6.01;6.01;47.8;47.8;4.24;1.31
S.O.T.lat.int._right;S.O.T.lat.int.;right;481.83;481.61;13.02;13.02;5.81;5.81;38.18;38.18;4.5;1.21
S.O.T.lat.med._left;S.O.T.lat.med.;left;186.88;185.39;12.38;12.38;6.98;6.98;18.1;18.1;4.14;1.17
S.O.T.lat.med._right;S.O.T.lat.med.;right;622.6;621.54;15.88;15.88;9.46;9.46;32.74;32.74;4.28;0.71
S.O.T.lat.post._left;S.O.T.lat.post.;left;1601.12;1605.02;19.76;19.76;10.66;10.66;81.92;81.92;3.91;1.09
S.O.T.lat.post._right;S.O.T.lat.post.;right;1497.3;1498.31;21.18;21.18;10.35;10.35;70.48;70.48;3.88;0.92
S.O.p._left;S.O.p.;left;190.02;189.88;7.14;7.14;4.91;4.91;20.82;20.82;3.29;1.34
S.O.p._right;S.O.p.;right;159.68;159.68;7.56;7.56;5.64;5.64;20.18;20.18;3.18;0.76
S.Olf._left;S.Olf.;left;1057.95;1057.13;13.86;13.86;8.14;8.14;72.74;72.74;3.65;1.63
S.Olf._right;S.Olf.;right;1327.45;1326.78;13.32;13.32;9.78;9.78;76.22;76.22;3.37;1.37
S.Or._left;S.Or.;left;2369.61;2381.73;12.98;12.98;6.65;6.65;184.6;184.6;3.93;1.56
S.Or._right;S.Or.;right;2232.88;2237.55;13.88;13.88;7.46;7.46;165.9;165.9;3.81;1.4
S.Pa.int._left;S.Pa.int.;left;518.95;524.16;11.06;11.06;5.95;5.95;49.42;49.42;3.66;1.55
S.Pa.int._right;S.Pa.int.;right;659.31;662.14;14.24;14.24;9.39;9.39;40.42;40.42;3.53;1.57
S.Pa.sup._left;S.Pa.sup.;left;370.96;373.49;10.98;10.98;6.69;6.69;29.9;29.9;2.95;2.26
S.Pa.sup._right;S.Pa.sup.;right;447.92;448.32;16.1;16.1;8.67;8.67;27.08;27.08;3.1;1.8
S.Pa.t._left;S.Pa.t.;left;937.63;939.23;25.86;25.86;13.4;13.4;37.42;37.42;3.23;1.72
S.Pa.t._right;S.Pa.t.;right;1283.49;1291.14;28.54;28.54;17.32;17.32;22.76;22.76;3.11;1.02
S.Pe.C.inf._left;S.Pe.C.inf.;left;1016.65;1016.52;19.52;19.52;9.9;9.9;55.18;55.18;3.61;1.31
S.Pe.C.inf._right;S.Pe.C.inf.;right;708.77;703.29;23.14;23.14;14.17;14.17;23.56;23.56;3.52;1.37
S.Pe.C.inter._left;S.Pe.C.inter.;left;1461.97;1459.34;21.9;21.9;14.69;14.69;39.06;39.06;3.68;1.05
S.Pe.C.inter._right;S.Pe.C.inter.;right;2562.74;2569.75;26.96;26.96;14.01;14.01;83.28;83.28;3.42;1.11
S.Pe.C.marginal._left;S.Pe.C.marginal.;left;203.12;203.37;12.84;12.84;9.77;9.77;12.34;12.34;3.91;1.55
S.Pe.C.marginal._right;S.Pe.C.marginal.;right;297.93;295.77;12.32;12.32;9.16;9.16;15.46;15.46;3.55;1.6
S.Pe.C.median._left;S.Pe.C.median.;left;2089.49;2083.7;27.8;27.8;13.86;13.86;72.92;72.92;3.33;1.49
S.Pe.C.median._right;S.Pe.C.median.;right;147.1;147.46;17.24;17.24;8.02;8.02;17.64;17.64;4.12;2.59
S.Pe.C.sup._left;S.Pe.C.sup.;left;89.48;88.83;13.96;13.96;7.79;7.79;8.56;8.56;2.93;1.53
S.Pe.C.sup._right;S.Pe.C.sup.;right;311.25;309.72;15.14;15.14;7.56;7.56;22.98;22.98;3.26;1.13
S.Po.C.sup._left;S.Po.C.sup.;left;1726.25;1730.17;21.7;21.7;13.0;13.0;75.1;75.1;2.91;1.72
S.Po.C.sup._right;S.Po.C.sup.;right;756.56;763.38;16.76;16.76;8.56;8.56;47.3;47.3;2.87;1.87
S.R.inf._left;S.R.inf.;left;896.43;894.57;11.32;11.32;6.38;6.38;74.94;74.94;3.81;0.95
S.R.inf._right;S.R.inf.;right;566.39;565.87;8.78;8.78;5.49;5.49;58.36;58.36;4.26;1.08
S.Rh._left;S.Rh.;left;586.88;589.22;12.84;12.84;7.73;7.73;38.7;38.7;4.58;1.08
S.Rh._right;S.Rh.;right;689.72;692.77;15.52;15.52;7.34;7.34;47.3;47.3;5.12;0.86
S.T.i.ant._left;S.T.i.ant.;left;3136.42;3150.51;18.2;18.2;10.5;10.5;159.24;159.24;3.94;1.04
S.T.i.ant._right;S.T.i.ant.;right;3135.23;3135.92;16.4;16.4;8.79;8.79;196.36;196.36;4.34;1.15
S.T.i.post._left;S.T.i.post.;left;1522.45;1520.07;19.16;19.16;11.76;11.76;65.7;65.7;3.42;1.05
S.T.i.post._right;S.T.i.post.;right;2465.98;2462.41;20.52;20.52;11.79;11.79;99.64;99.64;3.67;0.89
S.T.pol._left;S.T.pol.;left;1112.91;1115.77;16.78;16.78;8.03;8.03;69.74;69.74;3.98;1.31
S.T.pol._right;S.T.pol.;right;742.0;744.71;15.42;15.42;7.51;7.51;48.26;48.26;4.83;1.36
S.T.s._left;S.T.s.;left;4585.62;4613.7;25.56;25.56;15.34;15.34;143.34;143.34;3.94;1.06
S.T.s._right;S.T.s.;right;5592.31;5633.37;29.36;29.36;15.25;15.25;190.6;190.6;3.89;0.9
S.T.s.ter.asc.ant._left;S.T.s.ter.asc.ant.;left;1581.03;1594.52;24.8;24.8;14.99;14.99;55.96;55.96;3.56;1.3
S.T.s.ter.asc.ant._right;S.T.s.ter.asc.ant.;right;2587.66;2602.61;26.28;26.28;11.76;11.76;120.4;120.4;3.26;1.0
S.T.s.ter.asc.post._left;S.T.s.ter.asc.post.;left;905.01;912.53;18.86;18.86;10.4;10.4;44.88;44.88;3.21;1.01
S.T.s.ter.asc.post._right;S.T.s.ter.asc.post.;right;894.32;891.08;21.84;21.84;10.48;10.48;37.58;37.58;3.63;0.87
S.p.C._left;S.p.C.;left;234.54;233.14;7.0;7.0;4.89;4.89;25.96;25.96;3.91;2.6
S.p.C._right;S.p.C.;right;37.25;37.2;4.06;4.06;2.8;2.8;10.98;10.98;3.74;10.73
S.s.P._left;S.s.P.;left;1858.96;1871.34;17.84;17.84;8.9;8.9;109.74;109.74;3.67;0.73
S.s.P._right;S.s.P.;right;1456.79;1465.54;14.9;14.9;7.96;7.96;108.34;108.34;3.99;0.87