sulcus;label;side;surface_talairach;surface_native;maxdepth_talairach;maxdepth_native;meandepth_talairach;meandepth_native;hull_junction_length_talairach;hull_junction_length_native;GM_thickness;opening
F.C.L.a._left;F.C.L.a.;left;1999.6;1933.26;22.16;21.82;12.68;12.44;89.24;87.34;4.45;3.48
F.C.L.a._right;F.C.L.a.;right;2037.95;1978.62;24.16;23.68;14.88;14.56;75.74;74.34;4.65;3.2
F.C.L.p._left;F.C.L.p.;left;3566.83;3467.53;38.54;38.18;16.33;16.18;113.06;109.68;4.18;1.09
F.C.L.p._right;F.C.L.p.;right;4844.65;4719.81;38.98;38.62;18.84;18.66;114.96;111.88;3.87;1.15
F.C.L.r.ant._left;F.C.L.r.ant.;left;1338.67;1313.4;26.6;26.46;13.63;13.52;47.32;46.0;3.43;1.48
F.C.L.r.ant._right;F.C.L.r.ant.;right;807.27;789.61;24.96;24.64;15.36;15.15;31.12;30.36;3.63;1.5
F.C.L.r.asc._left;F.C.L.r.asc.;left;842.35;823.53;22.3;21.92;16.05;15.87;33.76;32.96;2.89;1.04
F.C.L.r.asc._right;F.C.L.r.asc.;right;836.0;817.45;24.72;24.22;14.2;14.01;26.98;26.32;3.69;1.42
F.C.L.r.diag._left;F.C.L.r.diag.;left;nan;nan;nan;nan;nan;nan;nan;nan;nan;nan
F.C.L.r.diag._right;F.C.L.r.diag.;right;nan;nan;nan;nan;nan;nan;nan;nan;nan;nan
F.C.L.r.retroC.tr._left;F.C.L.r.retroC.tr.;left;239.72;233.19;14.74;14.66;9.28;9.23;13.22;12.84;3.7;1.28
F.C.L.r.retroC.tr._right;F.C.L.r.retroC.tr.;right;493.2;483.84;14.04;13.96;11.55;11.48;24.44;23.74;3.91;0.93
F.C.L.r.sc.ant._left;F.C.L.r.sc.ant.;left;45.07;44.4;16.48;16.3;13.53;13.37;0.0;0.0;3.62;0.45
F.C.L.r.sc.ant._right;F.C.L.r.sc.ant.;right;nan;nan;nan;nan;nan;nan;nan;nan;nan;nan
F.C.L.r.sc.post._left;F.C.L.r.sc.post.;left;nan;nan;nan;nan;nan;nan;nan;nan;nan;nan
F.C.L.r.sc.post._right;F.C.L.r.sc.post.;right;318.54;311.57;38.26;37.92;23.7;23.51;0.0;0.0;3.44;0.66
F.C.M.ant._left;F.C.M.ant.;left;2588.67;2529.65;15.18;15.04;9.97;9.89;147.32;142.74;4.27;0.79
F.C.M.ant._right;F.C.M.ant.;right;1958.93;1905.38;14.12;14.0;8.95;8.88;116.88;113.26;4.19;1.02
F.C.M.post._left;F.C.M.post.;left;2141.71;2082.15;19.6;19.4;11.95;11.83;90.34;87.58;3.64;0.73
F.C.M.post._right;F.C.M.post.;right;2675.61;2605.77;18.82;18.64;10.96;10.86;125.0;121.3;3.83;0.82
F.Cal.ant.-Sc.Cal._left;F.Cal.ant.-Sc.Cal.;left;1757.21;1712.43;18.74;18.58;10.03;9.92;93.14;90.74;3.34;0.9
F.Cal.ant.-Sc.Cal._right;F.Cal.ant.-Sc.Cal.;right;2542.17;2482.05;26.74;26.48;12.64;12.51;108.72;105.7;3.31;0.75
F.Coll._left;F.Coll.;left;2717.89;2621.65;17.58;17.42;10.43;10.23;127.2;124.12;3.82;0.83
F.Coll._right;F.Coll.;right;3335.86;3241.32;19.94;19.84;11.68;11.47;145.34;142.24;3.59;0.63
F.I.P.Po.C.inf._left;F.I.P.Po.C.inf.;left;1327.74;1294.03;24.96;24.32;9.68;9.52;69.24;67.66;4.11;1.46
F.I.P.Po.C.inf._right;F.I.P.Po.C.inf.;right;2924.45;2823.5;24.08;23.54;15.58;15.25;102.42;100.3;3.47;1.62
F.I.P._left;F.I.P.;left;8204.76;7900.78;31.28;30.7;15.4;15.03;244.66;239.38;3.62;1.17
F.I.P._right;F.I.P.;right;7468.96;7200.98;28.84;28.2;13.55;13.23;273.04;267.3;3.7;1.09
F.I.P.r.int.1_left;F.I.P.r.int.1;left;291.45;284.47;20.32;20.18;10.9;10.8;10.54;10.28;3.93;1.19
F.I.P.r.int.1_right;F.I.P.r.int.1;right;508.8;503.02;15.36;15.24;7.34;7.28;31.62;30.74;4.92;0.73
F.I.P.r.int.2_left;F.I.P.r.int.2;left;249.86;241.91;9.68;9.52;5.8;5.69;19.8;19.44;4.22;1.34
F.I.P.r.int.2_right;F.I.P.r.int.2;right;429.31;421.43;13.62;13.42;8.76;8.62;21.28;20.8;3.79;0.48
F.P.O._left;F.P.O.;left;1923.59;1876.53;28.02;27.66;14.73;14.57;56.88;55.34;3.24;1.0
F.P.O._right;F.P.O.;right;2999.37;2904.93;31.02;30.66;17.05;16.85;77.18;74.92;3.4;0.6
INSULA_left;INSULA;left;7908.01;7671.83;41.4;41.02;24.45;24.05;43.82;42.74;3.93;1.21
INSULA_right;INSULA;right;5286.95;5118.24;42.06;41.7;28.2;27.78;0.0;0.0;3.84;1.15
OCCIPITAL_left;OCCIPITAL;left;2436.28;2377.23;14.28;13.96;7.19;7.04;180.88;177.68;3.96;0.85
OCCIPITAL_right;OCCIPITAL;right;2690.62;2619.99;16.38;16.1;8.05;7.89;164.72;161.48;3.92;0.64
S.C.LPC._left;S.C.LPC.;left;nan;nan;nan;nan;nan;nan;nan;nan;nan;nan
S.C.LPC._right;S.C.LPC.;right;nan;nan;nan;nan;nan;nan;nan;nan;nan;nan
S.C._left;S.C.;left;6392.75;6165.51;27.66;27.1;14.06;13.79;243.78;238.7;3.25;1.23
S.C._right;S.C.;right;4763.72;4633.8;26.86;26.34;13.25;13.02;195.62;191.64;3.47;1.15
S.C.sylvian._left;S.C.sylvian.;left;22.0;21.49;4.8;4.76;3.36;3.33;2.96;2.9;4.42;2.81
S.C.sylvian._right;S.C.sylvian.;right;360.54;353.72;13.54;13.4;8.88;8.8;23.98;23.2;4.11;0.93
S.Call._left;S.Call.;left;201.45;195.44;6.2;6.16;3.8;3.78;29.94;29.06;3.55;4.12
S.Call._right;S.Call.;right;1570.02;1540.94;11.08;10.98;7.46;7.41;116.48;113.02;2.5;2.27
S.Cu._left;S.Cu.;left;631.1;613.79;10.4;10.26;6.19;6.15;58.14;56.36;3.25;0.78
S.Cu._right;S.Cu.;right;515.27;499.83;12.92;12.74;6.66;6.6;39.54;38.54;3.45;0.69
S.F.inf._left;S.F.inf.;left;3261.23;3162.03;25.06;24.64;14.19;14.0;125.92;122.64;3.55;1.43
S.F.inf._right;S.F.inf.;right;1578.17;1535.7;19.34;19.14;10.96;10.82;80.68;78.2;3.36;1.25
S.F.inf.ant._left;S.F.inf.ant.;left;862.43;849.82;16.38;16.08;9.0;8.88;51.96;50.64;3.24;1.31
S.F.inf.ant._right;S.F.inf.ant.;right;1219.26;1189.83;16.44;16.34;8.33;8.21;80.68;78.6;3.44;0.98
S.F.int._left;S.F.int.;left;1646.33;1617.74;10.24;10.18;4.95;4.92;190.72;185.22;4.33;2.03
S.F.int._right;S.F.int.;right;2617.05;2565.79;15.64;15.5;6.39;6.35;228.06;221.5;4.19;1.65
S.F.inter._left;S.F.inter.;left;2013.71;1963.68;16.16;15.84;7.56;7.43;151.3;147.96;3.47;1.35
S.F.inter._right;S.F.inter.;right;2168.78;2109.95;19.88;19.44;9.9;9.7;114.48;111.84;3.38;1.33
S.F.marginal._left;S.F.marginal.;left;1245.24;1208.34;17.16;16.76;10.32;10.07;68.42;67.36;3.24;1.29
S.F.marginal._right;S.F.marginal.;right;1683.73;1638.37;17.48;17.04;8.71;8.49;110.72;109.0;3.78;1.42
S.F.median._left;S.F.median.;left;590.73;577.0;11.28;10.92;5.17;5.03;68.12;67.18;3.89;3.04
S.F.median._right;S.F.median.;right;1080.86;1052.08;11.38;11.18;5.81;5.67;104.3;102.66;4.5;1.62
S.F.orbitaire._left;S.F.orbitaire.;left;348.38;341.45;12.64;12.4;7.06;6.94;24.12;23.6;3.47;1.15
S.F.orbitaire._right;S.F.orbitaire.;right;515.94;502.63;15.76;15.52;9.85;9.69;25.96;25.4;3.42;0.74
S.F.polaire.tr._left;S.F.polaire.tr.;left;366.84;362.27;12.94;12.68;5.33;5.21;54.72;54.14;3.54;3.93
S.F.polaire.tr._right;S.F.polaire.tr.;right;722.78;706.52;11.5;11.18;5.76;5.62;70.52;69.32;3.4;2.86
S.F.sup._left;S.F.sup.;left;5160.33;4985.93;23.9;23.46;12.84;12.54;195.56;190.88;3.66;1.48
S.F.sup._right;S.F.sup.;right;3101.03;3019.68;24.8;24.24;12.42;12.13;125.3;122.88;3.72;1.36
S.GSM._left;S.GSM.;left;nan;nan;nan;nan;nan;nan;nan;nan;nan;nan
S.Li.ant._left;S.Li.ant.;left;222.44;214.06;10.96;10.7;7.87;7.7;15.44;15.14;3.75;0.86
S.Li.ant._right;S.Li.ant.;right;nan;nan;nan;nan;nan;nan;nan;nan;nan;nan
S.Li.post._left;S.Li.post.;left;553.47;537.07;10.72;10.52;6.33;6.22;58.56;57.26;3.45;1.02
S.Li.post._right;S.Li.post.;right;579.28;559.58;10.28;10.04;7.43;7.29;46.42;45.4;3.6;0.83
S.O.T.lat.ant._left;S.O.T.lat.ant.;left;1546.9;1492.3;14.04;13.68;8.29;8.05;92.54;90.68;4.56;0.72
S.O.T.lat.ant._right;S.O.T.lat.ant.;right;2289.82;2213.55;17.72;17.26;10.68;10.4;115.06;112.7;4.62;0.63
S.O.T.lat.int._left;S.O.T.lat.int.;left;191.25;185.41;7.1;6.92;4.6;4.48;23.38;23.16;3.98;2.09
S.O.T.lat.int._right;S.O.T.lat.int.;right;459.36;443.31;10.04;9.8;6.8;6.64;33.04;32.4;4.58;0.78
S.O.T.lat.med._left;S.O.T.lat.med.;left;410.11;406.35;11.44;11.24;7.33;7.22;29.8;29.22;4.26;0.88
S.O.T.lat.med._right;S.O.T.lat.med.;right;295.99;288.43;11.08;10.74;6.29;6.13;26.08;25.68;5.77;0.73
S.O.T.lat.post._left;S.O.T.lat.post.;left;1986.6;1928.41;21.92;21.52;13.92;13.61;78.84;77.08;4.41;0.7
S.O.T.lat.post._right;S.O.T.lat.post.;right;2340.39;2259.45;21.94;21.32;11.65;11.36;107.96;105.68;3.97;0.74
S.O.p._left;S.O.p.;left;821.09;795.21;16.02;15.58;10.32;10.05;41.62;40.86;3.28;0.7
S.O.p._right;S.O.p.;right;462.6;454.31;11.9;11.7;7.04;6.95;35.06;34.38;3.47;0.93
S.Olf._left;S.Olf.;left;1027.39;989.37;13.88;13.52;7.78;7.62;71.56;69.52;3.78;1.55
S.Olf._right;S.Olf.;right;1642.03;1591.86;14.64;14.3;7.54;7.4;119.48;116.44;3.72;1.8
S.Or._left;S.Or.;left;3208.32;3098.0;14.5;14.14;7.9;7.72;216.34;211.58;4.03;1.34
S.Or._right;S.Or.;right;2549.62;2460.3;14.28;13.92;7.63;7.45;196.56;192.02;4.25;1.47
S.Pa.int._left;S.Pa.int.;left;890.42;865.88;12.12;12.04;7.43;7.38;57.12;55.62;3.92;1.0
S.Pa.int._right;S.Pa.int.;right;1376.51;1340.7;19.2;18.98;8.44;8.35;88.12;85.9;4.07;0.86
S.Pa.sup._left;S.Pa.sup.;left;614.65;596.7;14.88;14.62;8.97;8.79;35.94;35.24;3.93;0.86
S.Pa.sup._right;S.Pa.sup.;right;nan;nan;nan;nan;nan;nan;nan;nan;nan;nan
S.Pa.t._left;S.Pa.t.;left;2007.71;1934.62;27.3;26.92;16.47;16.22;56.78;55.38;3.57;1.18
S.Pa.t._right;S.Pa.t.;right;1346.93;1303.48;25.28;24.88;16.54;16.25;34.86;34.12;3.67;0.89
S.Pe.C.inf._left;S.Pe.C.inf.;left;277.54;271.34;13.7;13.58;8.34;8.27;16.7;16.16;3.76;1.13
S.Pe.C.inf._right;S.Pe.C.inf.;right;1778.86;1736.31;24.7;24.44;13.84;13.66;65.76;64.04;3.63;1.44
S.Pe.C.inter._left;S.Pe.C.inter.;left;213.58;204.88;10.34;10.24;6.99;6.89;12.8;12.38;4.12;1.07
S.Pe.C.inter._right;S.Pe.C.inter.;right;2146.43;2089.4;24.1;23.68;11.47;11.28;96.16;93.72;3.28;0.96
S.Pe.C.marginal._left;S.Pe.C.marginal.;left;181.37;173.68;9.52;9.24;7.23;7.03;17.16;16.76;3.76;1.57
S.Pe.C.marginal._right;S.Pe.C.marginal.;right;1007.18;978.47;22.92;22.5;13.23;12.93;37.0;36.36;4.28;1.15
S.Pe.C.median._left;S.Pe.C.median.;left;353.55;341.22;15.68;15.32;8.41;8.21;27.94;27.62;3.88;1.17
S.Pe.C.median._right;S.Pe.C.median.;right;nan;nan;nan;nan;nan;nan;nan;nan;nan;nan
S.Pe.C.sup._left;S.Pe.C.sup.;left;nan;nan;nan;nan;nan;nan;nan;nan;nan;nan
S.Pe.C.sup._right;S.Pe.C.sup.;right;952.96;931.15;25.6;25.1;14.72;14.45;28.52;28.06;3.47;0.89
S.Po.C.sup._left;S.Po.C.sup.;left;873.88;840.99;16.04;15.64;7.74;7.54;59.8;58.76;4.05;2.67
S.Po.C.sup._right;S.Po.C.sup.;right;586.46;567.98;24.2;23.74;12.3;12.07;24.14;23.74;2.89;1.53
S.R.inf._left;S.R.inf.;left;1081.48;1066.2;13.78;13.64;7.25;7.18;85.18;82.48;4.12;1.05
S.R.inf._right;S.R.inf.;right;834.97;820.88;13.04;12.98;7.28;7.23;59.88;58.1;4.5;0.84
S.Rh._left;S.Rh.;left;725.18;702.96;13.46;13.16;9.5;9.32;42.2;41.18;4.99;1.03
S.Rh._right;S.Rh.;right;111.18;107.15;7.7;7.54;5.05;4.92;11.54;11.32;6.96;0.63
S.T.i.ant._left;S.T.i.ant.;left;2742.48;2669.95;18.2;18.06;9.76;9.62;150.98;147.56;4.51;0.82
S.T.i.ant._right;S.T.i.ant.;right;2192.23;2140.52;24.52;24.38;10.96;10.82;111.58;108.58;4.57;0.99
S.T.i.post._left;S.T.i.post.;left;1756.62;1719.34;20.38;19.98;12.15;11.99;68.8;67.08;4.21;0.61
S.T.i.post._right;S.T.i.post.;right;1195.91;1173.07;19.64;19.42;9.87;9.75;69.4;67.78;4.47;0.74
S.T.pol._left;S.T.pol.;left;552.07;535.14;12.74;12.38;6.9;6.76;42.42;41.54;4.96;1.61
S.T.pol._right;S.T.pol.;right;1915.07;1850.91;16.52;16.12;8.55;8.35;124.84;122.52;5.14;1.06
S.T.s._left;S.T.s.;left;4813.2;4692.5;26.82;26.62;13.9;13.77;179.52;174.82;4.17;0.9
S.T.s._right;S.T.s.;right;5705.9;5565.33;27.24;27.12;15.65;15.52;191.18;186.08;4.13;0.79
S.T.s.ter.asc.ant._left;S.T.s.ter.asc.ant.;left;1898.36;1841.46;21.44;21.02;11.86;11.68;89.02;86.74;3.68;1.15
S.T.s.ter.asc.ant._right;S.T.s.ter.asc.ant.;right;198.26;192.69;9.18;9.02;5.49;5.41;18.12;17.74;4.77;1.21
S.T.s.ter.asc.post._left;S.T.s.ter.asc.post.;left;2036.23;1990.88;22.48;22.18;13.86;13.66;76.54;74.9;3.66;0.87
S.T.s.ter.asc.post._right;S.T.s.ter.asc.post.;right;1829.45;1778.05;20.94;20.82;13.09;12.94;66.2;64.54;3.92;0.61
S.p.C._left;S.p.C.;left;502.56;491.21;9.6;9.52;6.03;6.0;43.0;41.78;4.32;1.03
S.p.C._right;S.p.C.;right;113.69;110.79;6.3;6.3;4.18;4.17;16.48;15.92;4.01;1.1
S.s.P._left;S.s.P.;left;1422.09;1384.03;15.88;15.74;8.89;8.83;87.22;84.26;4.22;0.59
S.s.P._right;S.s.P.;right;1285.39;1251.57;15.28;15.18;8.12;8.09;83.14;80.64;4.13;0.61