sulcus;label;side;surface_talairach;surface_native;maxdepth_talairach;maxdepth_native;meandepth_talairach;meandepth_native;hull_junction_length_talairach;hull_junction_length_native;GM_thickness;opening
F.C.L.a._left;F.C.L.a.;left;4550.62;3994.21;35.04;33.12;13.98;13.25;134.58;127.18;4.64;2.58
F.C.L.a._right;F.C.L.a.;right;2381.57;2131.72;26.48;24.86;12.54;11.84;104.52;98.62;4.28;3.0
F.C.L.p._left;F.C.L.p.;left;4341.23;3903.92;40.68;39.9;17.46;17.07;108.6;100.46;4.51;1.21
F.C.L.p._right;F.C.L.p.;right;4928.39;4453.15;38.96;38.06;16.52;16.14;116.5;107.64;4.24;1.09
F.C.L.r.ant._left;F.C.L.r.ant.;left;707.71;646.08;19.88;19.1;12.18;11.97;33.16;30.36;3.87;1.7
F.C.L.r.ant._right;F.C.L.r.ant.;right;1121.81;1032.34;28.14;27.74;15.69;15.32;29.76;27.24;3.8;1.27
F.C.L.r.asc._left;F.C.L.r.asc.;left;107.06;94.23;28.52;27.3;20.43;19.56;0.0;0.0;4.14;0.32
F.C.L.r.asc._right;F.C.L.r.asc.;right;92.71;83.5;9.08;8.6;7.08;6.85;7.42;6.82;3.49;2.48
F.C.L.r.diag._left;F.C.L.r.diag.;left;nan;nan;nan;nan;nan;nan;nan;nan;nan;nan
F.C.L.r.diag._right;F.C.L.r.diag.;right;163.06;146.53;22.66;21.14;18.16;16.89;0.0;0.0;4.63;0.24
F.C.L.r.retroC.tr._left;F.C.L.r.retroC.tr.;left;119.78;111.2;25.04;24.52;19.5;19.03;0.0;0.0;4.45;0.64
F.C.L.r.retroC.tr._right;F.C.L.r.retroC.tr.;right;76.25;67.83;6.98;6.86;5.23;5.11;7.44;6.96;4.79;0.76
F.C.L.r.sc.ant._left;F.C.L.r.sc.ant.;left;nan;nan;nan;nan;nan;nan;nan;nan;nan;nan
F.C.L.r.sc.ant._right;F.C.L.r.sc.ant.;right;nan;nan;nan;nan;nan;nan;nan;nan;nan;nan
F.C.L.r.sc.post._left;F.C.L.r.sc.post.;left;398.45;369.86;24.34;23.76;16.98;16.62;10.98;10.04;3.75;1.24
F.C.L.r.sc.post._right;F.C.L.r.sc.post.;right;447.14;403.2;29.02;28.34;19.42;18.82;4.04;3.84;4.24;0.92
F.C.M.ant._left;F.C.M.ant.;left;1726.35;1545.13;13.7;13.26;8.2;8.08;111.1;101.4;4.6;0.98
F.C.M.ant._right;F.C.M.ant.;right;1222.14;1087.69;14.96;14.42;8.92;8.74;68.64;63.12;4.86;0.63
F.C.M.post._left;F.C.M.post.;left;1998.15;1805.29;20.52;19.62;10.57;10.25;91.66;84.44;4.38;0.86
F.C.M.post._right;F.C.M.post.;right;2519.83;2274.32;17.92;17.32;11.13;10.88;121.38;111.62;4.46;0.91
F.Cal.ant.-Sc.Cal._left;F.Cal.ant.-Sc.Cal.;left;3227.99;2906.42;24.14;23.38;12.33;11.93;128.42;119.68;3.25;0.77
F.Cal.ant.-Sc.Cal._right;F.Cal.ant.-Sc.Cal.;right;3153.89;2836.68;31.84;30.68;17.03;16.57;80.54;74.68;3.29;0.81
F.Coll._left;F.Coll.;left;3364.86;2960.9;19.08;17.84;11.83;11.04;142.78;135.64;3.92;0.92
F.Coll._right;F.Coll.;right;2690.87;2364.54;17.84;17.1;13.31;12.55;104.16;97.12;3.98;0.76
F.I.P.Po.C.inf._left;F.I.P.Po.C.inf.;left;2348.67;2091.34;29.28;27.28;13.83;13.12;65.32;61.5;3.62;1.48
F.I.P.Po.C.inf._right;F.I.P.Po.C.inf.;right;705.73;631.25;21.6;20.0;9.46;8.89;38.04;35.62;3.93;2.01
F.I.P._left;F.I.P.;left;6342.82;5535.91;31.98;29.72;13.53;12.62;217.52;203.12;3.79;1.26
F.I.P._right;F.I.P.;right;9966.99;8683.09;33.48;30.52;12.57;11.75;376.82;354.82;3.75;1.26
F.I.P.r.int.1_left;F.I.P.r.int.1;left;182.62;165.28;6.06;5.94;3.74;3.69;21.86;20.28;7.23;0.29
F.I.P.r.int.1_right;F.I.P.r.int.1;right;406.12;368.24;6.9;6.68;4.32;4.25;47.34;44.06;6.06;0.67
F.I.P.r.int.2_left;F.I.P.r.int.2;left;278.74;246.81;8.44;8.06;6.21;5.93;21.24;20.0;4.12;1.55
F.I.P.r.int.2_right;F.I.P.r.int.2;right;22.58;20.48;14.88;14.44;14.16;13.69;0.0;0.0;3.67;0.23
F.P.O._left;F.P.O.;left;2755.9;2429.99;25.66;24.84;13.16;12.62;107.98;100.86;3.94;1.15
F.P.O._right;F.P.O.;right;3572.7;3169.03;30.24;29.38;18.78;18.07;85.1;80.12;3.85;0.94
INSULA_left;INSULA;left;5058.76;4426.95;42.84;41.82;31.1;30.04;0.0;0.0;3.98;0.9
INSULA_right;INSULA;right;5947.5;5220.57;42.36;41.2;31.6;30.44;22.56;21.62;3.93;1.55
OCCIPITAL_left;OCCIPITAL;left;4013.75;3596.1;16.76;15.56;9.33;8.73;224.74;213.44;3.62;0.81
OCCIPITAL_right;OCCIPITAL;right;4020.2;3643.72;19.44;18.78;10.69;10.1;196.9;186.62;3.53;0.79
S.C.LPC._left;S.C.LPC.;left;24.38;21.14;12.48;11.84;11.39;10.8;0.0;0.0;5.16;0.06
S.C.LPC._right;S.C.LPC.;right;nan;nan;nan;nan;nan;nan;nan;nan;nan;nan
S.C._left;S.C.;left;8388.4;7403.31;26.0;24.78;13.05;12.32;295.62;278.02;3.83;1.43
S.C._right;S.C.;right;6865.86;6194.29;26.68;25.12;15.08;14.26;244.58;229.98;3.57;1.36
S.C.sylvian._left;S.C.sylvian.;left;nan;nan;nan;nan;nan;nan;nan;nan;nan;nan
S.C.sylvian._right;S.C.sylvian.;right;nan;nan;nan;nan;nan;nan;nan;nan;nan;nan
S.Call._left;S.Call.;left;1390.07;1270.73;11.02;10.6;6.86;6.72;119.2;110.14;3.46;1.02
S.Call._right;S.Call.;right;1608.7;1462.77;10.64;10.46;6.61;6.49;147.86;135.84;3.41;1.22
S.Cu._left;S.Cu.;left;703.67;622.01;14.08;13.38;6.59;6.33;39.72;36.82;4.13;0.64
S.Cu._right;S.Cu.;right;956.0;863.01;13.0;12.38;6.67;6.46;72.78;68.14;3.61;0.9
S.F.inf._left;S.F.inf.;left;3115.93;2793.79;25.96;24.72;14.91;14.38;105.04;97.24;4.0;1.46
S.F.inf._right;S.F.inf.;right;2577.63;2351.75;21.4;19.78;12.16;11.68;87.32;80.6;3.75;1.39
S.F.inf.ant._left;S.F.inf.ant.;left;716.45;651.98;17.16;16.46;9.39;9.1;41.94;39.02;3.7;1.23
S.F.inf.ant._right;S.F.inf.ant.;right;2238.32;2039.28;20.32;19.82;13.45;12.95;89.74;84.26;3.9;1.38
S.F.int._left;S.F.int.;left;3333.77;3065.02;16.26;15.84;6.96;6.82;252.38;233.52;4.77;1.4
S.F.int._right;S.F.int.;right;3137.64;2860.83;16.34;15.98;7.23;7.12;231.4;212.04;4.64;1.31
S.F.inter._left;S.F.inter.;left;3208.45;2875.56;18.44;17.26;10.25;9.74;153.92;143.94;3.82;1.31
S.F.inter._right;S.F.inter.;right;1108.85;1007.05;17.4;16.16;7.47;7.07;66.26;62.46;4.8;1.73
S.F.marginal._left;S.F.marginal.;left;2747.62;2421.4;17.38;16.54;8.93;8.37;165.6;155.94;4.39;1.14
S.F.marginal._right;S.F.marginal.;right;2777.29;2479.92;19.08;18.04;8.91;8.32;175.18;167.18;4.52;1.16
S.F.median._left;S.F.median.;left;1220.96;1092.99;19.54;18.52;7.23;6.7;89.38;85.62;4.65;2.02
S.F.median._right;S.F.median.;right;2004.26;1757.01;21.06;19.04;8.34;7.62;119.12;113.06;4.6;1.57
S.F.orbitaire._left;S.F.orbitaire.;left;597.64;522.8;15.42;15.08;10.99;10.67;27.16;24.9;3.73;1.3
S.F.orbitaire._right;S.F.orbitaire.;right;1013.11;938.57;15.42;15.18;8.7;8.45;65.22;60.98;4.48;1.28
S.F.polaire.tr._left;S.F.polaire.tr.;left;1296.43;1184.18;14.02;13.36;7.7;7.22;94.16;90.42;3.99;1.47
S.F.polaire.tr._right;S.F.polaire.tr.;right;1354.53;1193.37;17.44;15.96;9.32;8.63;73.48;68.9;4.43;1.84
S.F.sup._left;S.F.sup.;left;4866.27;4265.32;24.7;23.44;13.88;12.86;162.58;153.24;4.09;1.4
S.F.sup._right;S.F.sup.;right;4094.08;3637.52;22.8;20.98;13.23;12.41;162.78;154.12;4.29;1.5
S.GSM._left;S.GSM.;left;nan;nan;nan;nan;nan;nan;nan;nan;nan;nan
S.Li.ant._left;S.Li.ant.;left;603.14;538.61;13.42;12.68;8.7;8.22;39.48;37.5;4.21;0.8
S.Li.ant._right;S.Li.ant.;right;276.12;245.93;11.42;10.46;6.36;5.88;23.46;22.36;4.44;0.86
S.Li.post._left;S.Li.post.;left;467.22;426.27;9.06;8.82;6.29;6.15;43.62;40.14;3.71;0.8
S.Li.post._right;S.Li.post.;right;611.34;527.05;11.94;11.42;7.38;6.94;40.82;37.8;3.92;1.37
S.O.T.lat.ant._left;S.O.T.lat.ant.;left;963.77;858.91;14.82;13.86;8.56;7.88;66.92;64.3;5.64;0.84
S.O.T.lat.ant._right;S.O.T.lat.ant.;right;1327.25;1162.99;16.5;15.38;9.47;8.74;61.66;58.86;5.34;0.56
S.O.T.lat.int._left;S.O.T.lat.int.;left;867.52;761.34;17.24;15.8;11.22;10.23;36.78;35.08;4.74;0.82
S.O.T.lat.int._right;S.O.T.lat.int.;right;595.86;515.03;11.16;10.08;7.99;7.3;41.6;39.38;4.42;1.22
S.O.T.lat.med._left;S.O.T.lat.med.;left;114.44;105.58;7.1;6.92;4.83;4.52;12.62;12.24;5.83;2.64
S.O.T.lat.med._right;S.O.T.lat.med.;right;751.16;645.66;18.1;16.8;11.65;10.82;41.84;39.64;4.72;1.14
S.O.T.lat.post._left;S.O.T.lat.post.;left;1483.79;1348.57;19.88;19.42;11.56;10.99;69.48;65.28;4.21;1.09
S.O.T.lat.post._right;S.O.T.lat.post.;right;758.2;684.69;13.02;12.42;6.99;6.55;60.36;57.44;4.4;1.12
S.O.p._left;S.O.p.;left;71.2;66.01;6.84;6.3;4.13;3.83;10.0;9.76;3.72;1.11
S.O.p._right;S.O.p.;right;776.83;705.71;15.84;14.7;10.85;10.15;40.7;39.12;3.47;1.12
S.Olf._left;S.Olf.;left;1664.19;1454.09;13.24;12.28;7.91;7.3;116.7;109.2;4.27;1.38
S.Olf._right;S.Olf.;right;1818.29;1586.15;15.18;13.88;7.98;7.43;128.3;119.98;3.98;2.91
S.Or._left;S.Or.;left;3764.67;3426.1;31.66;30.42;14.95;14.32;127.32;118.76;3.74;1.07
S.Or._right;S.Or.;right;2344.63;2084.63;28.0;27.36;11.23;10.48;116.26;110.56;4.15;1.32
S.Pa.int._left;S.Pa.int.;left;2583.47;2242.97;28.8;27.58;14.36;13.49;88.74;84.82;3.89;1.37
S.Pa.int._right;S.Pa.int.;right;541.29;468.92;12.64;11.86;6.96;6.53;40.46;38.14;5.57;1.4
S.Pa.sup._left;S.Pa.sup.;left;255.65;221.81;7.76;7.1;4.59;4.22;34.54;32.42;5.3;2.3
S.Pa.sup._right;S.Pa.sup.;right;625.13;550.29;9.04;8.38;5.9;5.38;50.26;48.16;5.93;0.55
S.Pa.t._left;S.Pa.t.;left;nan;nan;nan;nan;nan;nan;nan;nan;nan;nan
S.Pa.t._right;S.Pa.t.;right;106.41;94.29;20.04;19.12;17.24;16.54;0.0;0.0;3.46;0.68
S.Pe.C.inf._left;S.Pe.C.inf.;left;231.25;208.09;15.5;15.1;10.22;9.91;10.9;10.0;4.56;0.99
S.Pe.C.inf._right;S.Pe.C.inf.;right;22.58;20.39;3.7;3.6;2.56;2.52;7.26;6.68;4.66;5.25
S.Pe.C.inter._left;S.Pe.C.inter.;left;682.75;603.68;16.24;15.3;8.48;8.08;40.9;38.4;4.42;1.55
S.Pe.C.inter._right;S.Pe.C.inter.;right;1421.36;1288.76;25.48;24.08;13.22;12.52;51.6;48.78;3.84;1.3
S.Pe.C.marginal._left;S.Pe.C.marginal.;left;732.5;656.91;8.72;8.08;4.22;3.93;21.06;20.1;5.63;0.44
S.Pe.C.marginal._right;S.Pe.C.marginal.;right;252.76;224.4;7.82;7.14;5.16;4.67;17.08;16.12;6.02;0.68
S.Pe.C.median._left;S.Pe.C.median.;left;453.54;402.47;21.7;19.74;11.48;10.54;27.22;25.4;4.52;1.03
S.Pe.C.median._right;S.Pe.C.median.;right;175.78;159.51;13.0;11.76;7.27;6.55;12.04;11.62;4.74;1.03
S.Pe.C.sup._left;S.Pe.C.sup.;left;291.38;264.56;19.66;18.32;13.4;12.67;11.3;10.46;4.18;0.81
S.Pe.C.sup._right;S.Pe.C.sup.;right;127.41;114.78;17.66;16.94;9.38;8.91;8.18;7.76;5.37;0.78
S.Po.C.sup._left;S.Po.C.sup.;left;533.2;461.48;16.24;15.1;4.19;3.85;44.36;42.24;4.77;1.94
S.Po.C.sup._right;S.Po.C.sup.;right;1868.91;1640.89;21.54;19.72;10.83;9.98;84.98;80.44;4.04;1.68
S.R.inf._left;S.R.inf.;left;772.14;708.11;12.8;12.24;7.53;7.36;56.88;53.14;4.92;1.04
S.R.inf._right;S.R.inf.;right;1488.59;1366.07;16.24;16.06;8.48;8.34;93.8;86.48;4.33;1.14
S.Rh._left;S.Rh.;left;824.29;736.76;17.34;16.34;9.92;9.39;37.42;35.54;5.35;1.05
S.Rh._right;S.Rh.;right;969.03;878.15;11.84;11.36;7.05;6.76;79.62;74.56;6.3;0.73
S.T.i.ant._left;S.T.i.ant.;left;2672.6;2413.12;20.2;19.6;12.43;11.95;115.7;108.4;4.72;0.89
S.T.i.ant._right;S.T.i.ant.;right;1566.1;1398.85;18.56;17.26;8.28;7.94;92.38;85.9;5.08;1.02
S.T.i.post._left;S.T.i.post.;left;2147.22;1950.29;23.54;22.86;13.65;13.25;76.08;71.24;4.08;0.89
S.T.i.post._right;S.T.i.post.;right;2975.78;2687.88;23.32;22.78;14.23;13.83;102.9;95.88;4.56;1.03
S.T.pol._left;S.T.pol.;left;1598.26;1406.99;15.4;14.58;8.55;8.05;92.5;87.02;5.53;1.02
S.T.pol._right;S.T.pol.;right;1699.79;1491.19;18.46;17.4;9.26;8.73;99.96;94.9;5.22;1.17
S.T.s._left;S.T.s.;left;6100.67;5447.1;26.46;26.18;15.07;14.61;189.96;175.84;4.24;1.07
S.T.s._right;S.T.s.;right;4774.88;4297.41;28.76;28.24;16.67;16.26;152.5;141.26;4.63;1.04
S.T.s.ter.asc.ant._left;S.T.s.ter.asc.ant.;left;1252.64;1122.91;21.44;21.0;13.44;13.0;51.04;48.06;3.94;1.08
S.T.s.ter.asc.ant._right;S.T.s.ter.asc.ant.;right;1971.13;1744.09;23.76;23.22;15.68;15.17;63.5;59.0;4.41;0.97
S.T.s.ter.asc.post._left;S.T.s.ter.asc.post.;left;613.54;557.91;21.92;21.38;16.93;16.29;13.28;12.4;3.45;0.74
S.T.s.ter.asc.post._right;S.T.s.ter.asc.post.;right;554.57;493.09;16.96;16.44;10.09;9.76;28.9;26.74;4.12;1.1
S.p.C._left;S.p.C.;left;282.88;257.66;8.04;7.98;4.91;4.77;30.68;28.58;5.1;1.41
S.p.C._right;S.p.C.;right;71.31;66.06;6.3;6.3;4.08;4.05;11.5;10.74;5.35;2.34
S.s.P._left;S.s.P.;left;2069.66;1852.61;15.58;15.22;8.76;8.61;126.14;115.76;4.25;0.66
S.s.P._right;S.s.P.;right;1590.43;1428.28;17.5;16.96;9.97;9.77;84.52;77.26;4.53;0.64